Year,Month,Temp. Anomaly,UC,Temperature
1750,1,-1.36,1.46,-5.375
1750,2,-0.04,2.08,-2.246
1750,3,2.24,2.57,3.64
1750,4,0.43,1.19,6.188
1750,5,-1.15,1.23,9.353
1750,6,0.32,1.28,14.347
1750,7,0.65,1.48,16.154
1750,8,0.57,1.17,15.555
1750,9,-0.25,1.95,11.643
1750,10,-1.02,1.06,5.78
1750,11,-3.59,1.19,-1.88
1750,12,-2.30,1.46,-4.839
1751,1,-1.80,1.52,-5.822
1751,2,-3.17,1.46,-5.382
1751,3,1.12,1.21,2.519
1751,4,-1.78,1.09,3.979
1751,5,-0.73,1.23,9.774
1751,6,-0.43,1.31,13.603
1751,7,1.00,1.35,16.504
1751,8,1.23,1.01,16.224
1751,9,-0.27,0.98,11.622
1751,10,-1.11,1.20,5.69
1751,11,-3.23,1.32,-1.522
1751,12,-2.17,1.92,-4.705
1752,1,-0.90,1.59,-4.922
1752,2,0.85,1.41,-1.36
1752,3,0.17,1.07,1.566
1752,4,-1.00,1.24,4.757
1752,5,-0.78,1.12,9.725
1752,6,1.81,0.99,15.844
1752,7,0.63,1.19,16.127
1752,8,-0.81,1.47,14.184
1752,9,NaN,NaN,11.89
1752,10,-0.28,1.15,6.52
1752,11,-0.37,1.27,1.341
1752,12,-1.04,1.67,-3.584
1753,1,-2.07,1.43,-6.093
1753,2,-1.02,1.58,-3.23
1753,3,1.00,1.10,2.396
1753,4,0.48,1.48,6.235
1753,5,0.34,0.77,10.842
1753,6,1.15,1.43,15.179
1753,7,0.54,1.36,16.038
1753,8,-0.81,1.03,14.176
1753,9,-0.49,0.94,11.402
1753,10,-0.27,0.98,6.534
1753,11,-1.82,0.98,-0.109
1753,12,-1.56,2.79,-4.096
1754,1,-1.02,1.44,-5.041
1754,2,-2.35,1.49,-4.561
1754,3,-3.52,0.78,-2.123
1754,4,0.06,1.23,5.824
1754,5,1.14,0.97,11.635
1754,6,0.82,1.14,14.851
1754,7,-0.51,1.50,14.99
1754,8,0.26,1.22,15.254
1754,9,-0.78,1.19,11.114
1754,10,0.88,1.27,7.684
1754,11,0.52,2.17,2.232
1754,12,-0.31,1.28,-2.851
1755,1,-4.05,1.46,-8.07
1755,2,-4.46,2.01,-6.671
1755,3,-0.98,1.15,0.424
1755,4,3.25,1.83,9.011
1755,5,0.22,0.98,10.723
1755,6,2.48,1.77,16.506
1755,7,0.45,2.48,15.947
1755,8,-1.17,1.26,13.82
1755,9,-1.54,0.95,10.355
1755,10,-0.20,0.78,6.596
1755,11,-1.59,2.37,0.117
1755,12,0.27,1.46,-2.27
1756,1,0.97,2.01,-3.047
1756,2,1.30,5.01,-0.914
1756,3,0.46,3.02,1.855
1756,4,-0.82,2.38,4.936
1756,5,-0.14,5.65,10.36
1756,6,1.96,2.04,15.992
1756,7,0.46,8.15,15.962
1756,8,0.39,1.84,15.382
1756,9,0.09,1.50,11.98
1756,10,-0.53,9.04,6.275
1756,11,-2.68,0.89,-0.967
1756,12,-2.05,1.40,-4.594
1757,1,-2.20,1.47,-6.224
1757,2,0.20,2.82,-2.014
1757,3,-0.51,4.37,0.894
1757,4,1.12,1.91,6.877
1757,5,0.90,1.95,11.397
1757,6,1.84,1.75,15.872
1757,7,3.12,3.20,18.622
1757,8,1.31,4.43,16.295
1757,9,-1.35,6.58,10.542
1757,10,-3.95,6.31,2.849
1757,11,-1.02,8.61,0.692
1757,12,-1.72,1.38,-4.26
1758,1,-3.98,6.89,-8.002
1758,2,-2.36,2.32,-4.566
1758,3,-0.37,1.41,1.032
1758,4,-0.52,3.71,5.236
1758,5,0.37,5.52,10.871
1758,6,0.92,4.14,14.954
1758,7,-1.84,4.09,13.659
1758,8,-0.63,6.37,14.359
1758,9,-2.17,2.18,9.72
1758,10,-2.57,0.94,4.233
1758,11,-0.65,1.44,1.059
1758,12,0.13,1.27,-2.41
1759,1,1.68,1.50,-2.343
1759,2,1.49,6.59,-0.72
1759,3,0.29,4.13,1.693
1759,4,0.14,5.62,5.9
1759,5,-0.70,4.16,9.798
1759,6,0.79,4.48,14.818
1759,7,1.54,4.88,17.041
1759,8,0.01,1.32,15.004
1759,9,-0.38,2.49,11.512
1759,10,0.00,6.16,6.802
1759,11,-3.94,7.00,-2.225
1759,12,-2.13,2.66,-4.67
1760,1,-1.40,6.36,-5.42
1760,2,-1.45,8.85,-3.66
1760,3,-1.68,3.13,-0.28
1760,4,1.38,1.13,7.137
1760,5,0.62,2.99,11.123
1760,6,0.96,1.56,14.987
1760,7,0.30,1.42,15.797
1760,8,-0.48,6.62,14.508
1760,9,-0.51,1.84,11.382
1760,10,-0.17,1.68,6.633
1760,11,-0.48,7.02,1.23
1760,12,0.59,3.67,-1.952
1761,1,-1.47,1.50,-5.49
1761,2,0.11,4.55,-2.097
1761,3,1.48,1.47,2.876
1761,4,-0.03,1.23,5.726
1761,5,1.81,2.36,12.314
1761,6,1.33,2.42,15.358
1761,7,1.17,1.10,16.674
1761,8,1.04,3.10,16.03
1761,9,1.12,3.31,13.005
1761,10,-2.47,2.81,4.328
1761,11,-1.10,9.16,0.612
1761,12,-3.56,1.59,-6.102
1762,1,0.54,9.89,-3.482
1762,2,-0.85,2.78,-3.059
1762,3,-2.97,6.43,-1.565
1762,4,2.26,2.92,8.018
1762,5,1.28,4.76,11.781
1762,6,-0.14,3.25,13.893
1762,7,0.92,3.33,16.418
1762,8,-0.36,2.77,14.628
1762,9,-0.54,3.85,11.354
1762,10,-1.83,5.07,4.97
1762,11,-1.03,1.95,0.684
1762,12,-3.79,2.86,-6.333
1763,1,-4.34,7.28,-8.356
1763,2,1.34,7.54,-0.873
1763,3,-1.63,3.66,-0.227
1763,4,-0.54,4.11,5.22
1763,5,-1.31,5.37,9.187
1763,6,-0.50,7.00,13.526
1763,7,0.75,1.72,16.254
1763,8,1.13,4.95,16.122
1763,9,-1.37,4.81,10.521
1763,10,-2.30,1.48,4.504
1763,11,-1.65,3.88,0.056
1763,12,0.83,2.85,-1.715
1764,1,1.34,2.90,-2.683
1764,2,2.12,2.79,-0.087
1764,3,-1.87,2.62,-0.472
1764,4,-0.83,7.56,4.931
1764,5,1.90,1.64,12.397
1764,6,-0.14,5.15,13.886
1764,7,0.74,5.25,16.241
1764,8,-1.46,1.36,13.531
1764,9,-1.92,5.43,9.971
1764,10,-1.85,2.95,4.951
1764,11,-1.53,4.15,0.177
1764,12,0.21,3.76,-2.333
1765,1,2.74,10.61,-1.284
1765,2,-2.43,3.97,-4.644
1765,3,1.20,3.01,2.599
1765,4,0.62,1.67,6.377
1765,5,-0.83,1.71,9.666
1765,6,0.09,4.41,14.124
1765,7,-1.99,5.11,13.513
1765,8,-0.35,2.82,14.642
1765,9,-0.87,1.27,11.023
1765,10,-0.17,1.39,6.628
1765,11,-0.75,3.24,0.959
1765,12,-1.90,2.01,-4.438
1766,1,-4.20,8.57,-8.219
1766,2,-2.18,2.98,-4.394
1766,3,-0.08,2.35,1.322
1766,4,0.89,4.22,6.65
1766,5,0.87,3.32,11.367
1766,6,0.63,8.47,14.664
1766,7,-1.20,5.06,14.299
1766,8,-0.25,3.67,14.742
1766,9,-0.45,2.95,11.442
1766,10,-1.16,2.96,5.639
1766,11,0.54,4.13,2.253
1766,12,-1.86,4.24,-4.399
1767,1,-7.12,7.23,-11.138
1767,2,1.39,9.15,-0.824
1767,3,-0.32,8.13,1.079
1767,4,-2.15,7.00,3.608
1767,5,-1.37,2.35,9.132
1767,6,-0.85,4.56,13.176
1767,7,0.26,5.40,15.762
1767,8,-0.31,2.45,14.681
1767,9,-0.71,3.88,11.182
1767,10,-0.48,3.72,6.316
1767,11,1.42,10.77,3.133
1767,12,-3.33,4.89,-5.868
1768,1,-5.06,5.47,-9.078
1768,2,-2.98,7.05,-5.194
1768,3,-1.88,5.23,-0.483
1768,4,-0.34,1.97,5.424
1768,5,-0.25,2.93,10.249
1768,6,-1.02,2.20,13.013
1768,7,0.40,2.74,15.901
1768,8,0.05,2.12,15.044
1768,9,-1.83,3.17,10.062
1768,10,-1.43,2.55,5.372
1768,11,-1.02,5.44,0.695
1768,12,-1.84,8.94,-4.382
1769,1,1.17,7.96,-2.848
1769,2,-1.07,5.47,-3.277
1769,3,-1.06,5.88,0.341
1769,4,0.29,5.52,6.046
1769,5,-0.54,6.22,9.965
1769,6,-0.33,2.67,13.698
1769,7,-0.24,2.51,15.264
1769,8,-1.00,4.20,13.99
1769,9,-0.35,0.96,11.545
1769,10,-4.82,2.72,1.977
1769,11,-0.39,1.40,1.316
1769,12,-0.86,3.98,-3.404
1770,1,-1.42,7.03,-5.44
1770,2,-0.70,2.94,-2.907
1770,3,-2.88,1.62,-1.477
1770,4,-1.62,6.94,4.142
1770,5,-0.43,1.58,10.069
1770,6,-0.98,5.36,13.05
1770,7,-1.14,2.50,14.365
1770,8,-0.63,5.28,14.357
1770,9,0.37,1.93,12.264
1770,10,-0.51,3.48,6.29
1770,11,-0.22,8.06,1.489
1770,12,0.80,4.66,-1.741
1771,1,0.05,2.08,-3.972
1771,2,-3.25,1.56,-5.461
1771,3,-3.11,3.47,-1.711
1771,4,-3.53,4.52,2.231
1771,5,2.20,8.60,12.701
1771,6,-1.13,2.38,12.904
1771,7,-0.38,1.37,15.122
1771,8,-0.96,2.12,14.031
1771,9,-0.36,1.93,11.526
1771,10,-0.62,1.20,6.183
1771,11,-3.63,1.89,-1.924
1771,12,0.02,3.14,-2.525
1772,1,1.13,8.99,-2.892
1772,2,2.23,11.62,0.019
1772,3,1.27,2.94,2.669
1772,4,-0.09,3.24,5.67
1772,5,-1.69,1.29,8.806
1772,6,1.43,6.91,15.457
1772,7,0.59,3.65,16.093
1772,8,0.05,4.56,15.037
1772,9,0.53,3.42,12.42
1772,10,0.41,1.77,7.206
1772,11,1.62,6.57,3.331
1772,12,0.43,3.58,-2.11
1773,1,1.11,2.46,-2.907
1773,2,-1.68,3.70,-3.889
1773,3,-1.43,2.31,-0.027
1773,4,-0.30,2.28,5.458
1773,5,1.50,2.67,11.996
1773,6,-0.91,2.09,13.125
1773,7,-1.36,2.24,14.138
1773,8,-0.95,2.05,14.044
1773,9,0.46,2.33,12.345
1773,10,0.92,2.18,7.721
1773,11,-0.84,7.61,0.867
1773,12,2.28,5.18,-0.257
1774,1,-0.56,6.99,-4.583
1774,2,0.10,7.66,-2.107
1774,3,0.99,2.63,2.393
1774,4,2.15,6.52,7.905
1774,5,1.00,2.02,11.498
1774,6,0.81,10.13,14.843
1774,7,0.14,9.53,15.637
1774,8,0.92,2.64,15.906
1774,9,-1.20,2.12,10.692
1774,10,-1.31,6.87,5.493
1774,11,-4.72,4.69,-3.009
1774,12,-3.38,6.82,-5.92
1775,1,-0.83,6.88,-4.845
1775,2,2.49,1.64,0.284
1775,3,0.98,1.24,2.382
1775,4,-1.43,3.66,4.334
1775,5,-1.32,6.81,9.185
1775,6,1.61,6.47,15.644
1775,7,0.70,3.62,16.204
1775,8,1.47,5.34,16.464
1775,9,0.92,4.97,12.808
1775,10,0.42,2.40,7.215
1775,11,-0.30,2.62,1.414
1775,12,-1.50,2.44,-4.043
1776,1,-4.76,1.98,-8.78
1776,2,1.26,4.88,-0.954
1776,3,1.14,3.08,2.535
1776,4,-0.11,3.39,5.647
1776,5,-1.73,5.48,8.773
1776,6,-0.12,1.84,13.915
1776,7,0.03,4.57,15.533
1776,8,0.39,3.16,15.376
1776,9,-1.48,3.91,10.41
1776,10,-1.84,5.38,4.964
1776,11,-1.79,3.12,-0.077
1776,12,-2.38,3.76,-4.923
1777,1,-2.32,6.50,-6.342
1777,2,-1.17,2.98,-3.383
1777,3,1.35,2.24,2.747
1777,4,-1.69,4.15,4.066
1777,5,0.07,2.48,10.574
1777,6,-0.40,3.87,13.633
1777,7,-1.20,2.74,14.296
1777,8,0.74,2.18,15.726
1777,9,-1.13,5.51,10.765
1777,10,-0.64,4.92,6.161
1777,11,-0.13,3.72,1.579
1777,12,-2.44,1.97,-4.98
1778,1,0.90,5.12,-3.124
1778,2,-1.26,3.81,-3.47
1778,3,0.49,2.86,1.889
1778,4,2.30,3.25,8.056
1778,5,1.67,2.40,12.174
1778,6,-0.42,8.00,13.614
1778,7,2.17,3.07,17.667
1778,8,0.96,5.04,15.948
1778,9,-1.94,1.87,9.948
1778,10,-1.72,4.96,5.085
1778,11,0.02,5.92,1.734
1778,12,2.11,2.09,-0.426
1779,1,-4.08,9.22,-8.099
1779,2,1.70,11.64,-0.51
1779,3,1.31,3.18,2.709
1779,4,3.19,4.97,8.948
1779,5,2.59,2.70,13.088
1779,6,-1.55,5.15,12.478
1779,7,-0.52,2.06,14.982
1779,8,0.41,2.79,15.399
1779,9,0.93,2.36,12.82
1779,10,1.23,4.78,8.028
1779,11,-0.03,3.70,1.678
1779,12,2.57,5.17,0.034
1780,1,-3.28,6.53,-7.295
1780,2,-3.12,7.24,-5.326
1780,3,2.65,2.87,4.045
1780,4,-1.26,1.75,4.499
1780,5,1.41,4.41,11.91
1780,6,0.32,7.62,14.349
1780,7,0.10,5.80,15.604
1780,8,0.61,7.64,15.597
1780,9,-0.96,4.18,10.929
1780,10,0.80,1.64,7.596
1780,11,-1.17,1.95,0.54
1780,12,-2.55,3.67,-5.09
1781,1,-0.64,6.83,-4.662
1781,2,0.01,9.49,-2.205
1781,3,0.80,1.43,2.201
1781,4,1.89,4.36,7.651
1781,5,1.42,3.71,11.918
1781,6,1.30,1.67,15.325
1781,7,0.87,1.90,16.369
1781,8,2.30,1.64,17.293
1781,9,1.38,5.14,13.271
1781,10,-2.19,1.22,4.608
1781,11,0.17,3.05,1.883
1781,12,0.11,6.39,-2.427
1782,1,0.89,3.70,-3.133
1782,2,-4.17,6.84,-6.377
1782,3,-0.96,6.58,0.44
1782,4,-1.03,2.33,4.729
1782,5,-0.28,2.01,10.225
1782,6,1.51,1.91,15.542
1782,7,2.27,2.80,17.768
1782,8,0.48,2.40,15.467
1782,9,-0.90,2.12,10.988
1782,10,-2.51,5.39,4.29
1782,11,-3.91,4.73,-2.2
1782,12,-0.88,5.09,-3.421
1783,1,2.21,3.53,-1.81
1783,2,2.23,2.86,0.015
1783,3,-0.97,2.19,0.428
1783,4,0.24,2.04,6.004
1783,5,1.34,5.41,11.837
1783,6,0.49,6.03,14.516
1783,7,1.31,2.36,16.812
1783,8,0.58,2.22,15.571
1783,9,0.62,5.31,12.506
1783,10,0.42,5.87,7.217
1783,11,-1.16,6.56,0.546
1783,12,-3.31,2.14,-5.853
1784,1,-4.85,9.49,-8.869
1784,2,-4.02,9.07,-6.228
1784,3,-1.68,4.86,-0.276
1784,4,-2.80,2.73,2.959
1784,5,2.40,1.66,12.903
1784,6,0.41,3.53,14.439
1784,7,0.45,3.41,15.952
1784,8,0.05,4.02,15.044
1784,9,1.49,5.15,13.382
1784,10,-3.82,1.55,2.981
1784,11,-0.64,5.76,1.069
1784,12,-1.97,3.29,-4.508
1785,1,-1.06,2.76,-5.083
1785,2,-3.07,6.89,-5.282
1785,3,-6.99,6.15,-5.587
1785,4,-3.67,4.56,2.093
1785,5,-0.43,1.47,10.066
1785,6,-1.21,5.24,12.818
1785,7,-0.97,2.51,14.532
1785,8,-1.17,1.88,13.817
1785,9,1.63,1.63,13.516
1785,10,-1.23,6.57,5.573
1785,11,-0.33,1.30,1.385
1785,12,-0.48,2.03,-3.023
1786,1,-0.54,2.73,-4.558
1786,2,-1.01,3.74,-3.221
1786,3,-1.33,4.68,0.073
1786,4,1.34,2.40,7.097
1786,5,-0.88,3.23,9.616
1786,6,0.53,3.54,14.561
1786,7,-1.83,1.96,13.669
1786,8,-1.89,1.58,13.105
1786,9,-1.82,1.50,10.067
1786,10,-3.26,3.75,3.541
1786,11,-3.06,3.19,-1.354
1786,12,-0.80,3.43,-3.344
1787,1,-1.74,8.42,-5.755
1787,2,0.76,5.34,-1.447
1787,3,0.72,3.47,2.12
1787,4,-1.43,3.18,4.333
1787,5,-2.05,1.41,8.452
1787,6,0.94,3.02,14.966
1787,7,-0.39,4.34,15.115
1787,8,0.89,1.65,15.876
1787,9,-0.84,2.71,11.048
1787,10,1.20,0.88,8.003
1787,11,0.16,4.45,1.874
1787,12,2.44,2.28,-0.099
1788,1,1.56,5.59,-2.465
1788,2,0.51,4.45,-1.701
1788,3,0.78,4.91,2.176
1788,4,0.08,5.45,5.843
1788,5,0.78,2.02,11.282
1788,6,1.67,0.97,15.699
1788,7,2.87,3.98,18.371
1788,8,-1.18,2.64,13.81
1788,9,1.11,3.63,12.996
1788,10,-1.10,3.65,5.703
1788,11,-2.63,3.23,-0.921
1788,12,-6.99,8.40,-9.53
1789,1,-2.54,4.78,-6.562
1789,2,1.22,1.96,-0.993
1789,3,-3.73,6.48,-2.326
1789,4,1.39,2.78,7.145
1789,5,3.20,5.29,13.703
1789,6,-1.13,1.19,12.903
1789,7,0.23,2.96,15.73
1789,8,-0.41,1.41,14.582
1789,9,-0.39,1.53,11.501
1789,10,0.04,2.87,6.844
1789,11,-0.54,4.91,1.174
1789,12,-0.18,3.99,-2.721
1790,1,0.64,2.03,-3.385
1790,2,1.89,4.95,-0.317
1790,3,0.03,3.46,1.433
1790,4,-1.69,1.68,4.073
1790,5,1.82,4.72,12.323
1790,6,1.24,1.59,15.269
1790,7,-1.13,1.46,14.372
1790,8,0.48,0.85,15.471
1790,9,-1.22,1.67,10.674
1790,10,-0.22,1.96,6.583
1790,11,-0.70,1.48,1.012
1790,12,0.64,6.17,-1.904
1791,1,3.21,5.52,-0.814
1791,2,0.42,3.40,-1.787
1791,3,0.93,3.54,2.333
1791,4,2.39,1.76,8.151
1791,5,0.02,1.20,10.515
1791,6,-0.49,3.09,13.536
1791,7,0.17,2.04,15.665
1791,8,1.88,1.81,16.867
1791,9,-1.03,1.65,10.861
1791,10,-0.44,1.18,6.356
1791,11,-1.80,3.28,-0.086
1791,12,0.81,1.77,-1.727
1792,1,-0.11,4.04,-4.131
1792,2,-1.43,5.11,-3.636
1792,3,0.93,2.14,2.329
1792,4,1.42,1.44,7.18
1792,5,-0.36,1.93,10.139
1792,6,0.85,1.35,14.883
1792,7,0.99,3.52,16.487
1792,8,0.74,2.70,15.727
1792,9,-0.98,2.54,10.909
1792,10,-0.52,1.79,6.285
1792,11,-0.71,2.53,1
1792,12,-0.25,2.29,-2.792
1793,1,-2.18,3.31,-6.2
1793,2,1.29,2.69,-0.916
1793,3,-0.19,2.37,1.214
1793,4,-1.81,3.97,3.949
1793,5,-0.68,1.39,9.819
1793,6,-1.06,3.68,12.974
1793,7,1.96,3.48,17.459
1793,8,1.38,3.83,16.365
1793,9,-0.62,3.99,11.269
1793,10,1.49,3.05,8.286
1793,11,0.69,6.75,2.404
1793,12,1.71,3.42,-0.829
1794,1,1.45,3.92,-2.566
1794,2,2.84,7.21,0.631
1794,3,2.54,2.44,3.941
1794,4,3.83,3.56,9.588
1794,5,1.34,2.70,11.84
1794,6,0.97,4.21,14.997
1794,7,2.87,6.47,18.37
1794,8,-0.66,2.53,14.333
1794,9,-1.99,1.15,9.896
1794,10,-0.63,1.77,6.174
1794,11,0.18,3.42,1.891
1794,12,-1.48,4.33,-4.024
1795,1,-6.37,2.87,-10.392
1795,2,-1.08,4.31,-3.287
1795,3,-0.22,1.63,1.184
1795,4,2.27,4.78,8.025
1795,5,0.58,3.65,11.077
1795,6,0.88,2.97,14.907
1795,7,-1.98,2.13,13.525
1795,8,0.67,2.50,15.664
1795,9,0.27,1.60,12.162
1795,10,3.06,3.55,9.864
1795,11,-1.90,4.07,-0.186
1795,12,2.05,4.74,-0.488
1796,1,4.97,3.34,0.948
1796,2,1.00,4.42,-1.212
1796,3,-3.21,3.44,-1.81
1796,4,-1.40,2.89,4.359
1796,5,0.32,0.83,10.823
1796,6,-0.09,4.05,13.936
1796,7,0.08,2.67,15.578
1796,8,0.46,4.95,15.446
1796,9,1.62,4.35,13.509
1796,10,-0.31,1.47,6.49
1796,11,-0.95,3.28,0.756
1796,12,-2.73,4.61,-5.274
1797,1,0.76,6.24,-3.259
1797,2,1.17,5.16,-1.045
1797,3,-1.41,6.12,-0.005
1797,4,1.95,5.68,7.714
1797,5,3.41,4.32,13.909
1797,6,-0.56,3.03,13.468
1797,7,2.10,2.43,17.6
1797,8,2.05,4.91,17.04
1797,9,1.42,4.50,13.312
1797,10,0.18,2.01,6.979
1797,11,0.59,2.53,2.3
1797,12,1.15,3.52,-1.393
1798,1,0.79,2.38,-3.23
1798,2,1.84,3.01,-0.366
1798,3,0.20,3.03,1.604
1798,4,0.80,1.87,6.557
1798,5,1.28,2.92,11.783
1798,6,1.09,1.66,15.12
1798,7,0.54,1.89,16.037
1798,8,1.18,5.12,16.165
1798,9,1.32,2.20,13.211
1798,10,-0.99,2.26,5.808
1798,11,-1.52,4.73,0.188
1798,12,-4.46,3.38,-7.003
1799,1,-5.37,1.87,-9.39
1799,2,-1.15,1.84,-3.356
1799,3,-1.17,3.95,0.23
1799,4,-1.19,3.03,4.575
1799,5,-0.51,1.46,9.995
1799,6,-1.51,2.71,12.516
1799,7,-0.63,1.64,14.871
1799,8,0.69,2.00,15.683
1799,9,-0.59,2.81,11.298
1799,10,-0.20,0.82,6.6
1799,11,-0.67,1.59,1.037
1799,12,-4.46,2.71,-6.999
1800,1,0.74,1.49,-3.278
1800,2,-0.64,3.93,-2.846
1800,3,-3.95,2.27,-2.553
1800,4,5.66,1.41,11.416
1800,5,2.62,1.34,13.124
1800,6,-2.02,1.29,12.009
1800,7,-0.39,2.41,15.114
1800,8,1.18,2.28,16.17
1800,9,-0.04,1.84,11.853
1800,10,-1.13,2.31,5.673
1800,11,0.91,3.33,2.62
1800,12,0.10,1.49,-2.442
1801,1,1.40,2.40,-2.625
1801,2,-0.31,3.89,-2.521
1801,3,2.15,1.55,3.552
1801,4,0.89,1.49,6.647
1801,5,2.53,2.60,13.028
1801,6,-1.12,3.00,12.915
1801,7,-0.13,2.79,15.374
1801,8,-1.02,2.06,13.973
1801,9,1.07,1.50,12.96
1801,10,1.51,5.02,8.31
1801,11,1.39,1.60,3.103
1801,12,0.24,3.22,-2.297
1802,1,-3.01,5.24,-7.029
1802,2,-0.81,4.92,-3.017
1802,3,0.09,2.72,1.489
1802,4,0.46,3.39,6.223
1802,5,-0.61,3.70,9.889
1802,6,1.18,3.28,15.208
1802,7,0.14,2.42,15.637
1802,8,2.55,3.24,17.539
1802,9,-0.03,1.37,11.857
1802,10,2.84,2.99,9.636
1802,11,0.48,2.99,2.194
1802,12,0.47,1.34,-2.066
1803,1,-2.25,3.18,-6.271
1803,2,-3.80,4.27,-6.009
1803,3,-0.76,3.89,0.643
1803,4,2.96,1.82,8.723
1803,5,-1.44,2.36,9.058
1803,6,-0.62,0.79,13.415
1803,7,0.93,2.43,16.431
1803,8,0.92,3.03,15.909
1803,9,-2.42,1.59,9.474
1803,10,-1.07,4.24,5.735
1803,11,0.30,2.28,2.008
1803,12,0.04,2.15,-2.5
1804,1,3.49,6.72,-0.53
1804,2,-1.59,2.29,-3.799
1804,3,-2.16,2.92,-0.757
1804,4,-0.46,1.63,5.303
1804,5,1.45,2.53,11.948
1804,6,0.66,2.13,14.691
1804,7,0.47,1.91,15.966
1804,8,-0.09,2.68,14.901
1804,9,0.80,3.87,12.686
1804,10,0.26,1.30,7.056
1804,11,-2.29,4.52,-0.581
1804,12,-2.49,4.93,-5.031
1805,1,-1.93,1.99,-5.953
1805,2,-1.02,1.48,-3.226
1805,3,-1.59,1.52,-0.194
1805,4,-2.38,2.77,3.382
1805,5,-1.64,1.98,8.859
1805,6,-1.08,2.41,12.951
1805,7,-1.14,1.83,14.357
1805,8,-1.51,2.54,13.482
1805,9,0.10,4.40,11.987
1805,10,-3.53,2.75,3.272
1805,11,-4.04,4.31,-2.332
1805,12,-1.00,2.58,-3.543
1806,1,2.33,3.55,-1.688
1806,2,2.09,2.56,-0.125
1806,3,0.14,1.69,1.544
1806,4,-2.46,3.48,3.301
1806,5,2.51,2.02,13.01
1806,6,0.06,1.57,14.093
1806,7,-0.30,2.01,15.204
1806,8,-0.43,2.20,14.564
1806,9,0.07,4.81,11.96
1806,10,-0.83,2.01,5.966
1806,11,1.44,2.95,3.149
1806,12,3.42,2.93,0.882
1807,1,-0.85,4.50,-4.871
1807,2,1.04,1.07,-1.167
1807,3,-3.01,3.23,-1.612
1807,4,-1.75,2.69,4.007
1807,5,1.83,1.40,12.334
1807,6,-0.07,2.89,13.958
1807,7,2.36,1.52,17.856
1807,8,4.52,2.52,19.51
1807,9,-0.77,1.53,11.118
1807,10,1.29,0.88,8.092
1807,11,1.61,1.51,3.317
1807,12,-0.80,1.66,-3.342
1808,1,-0.42,8.66,-4.436
1808,2,-2.29,2.94,-4.501
1808,3,-6.07,5.08,-4.673
1808,4,-2.30,2.01,3.457
1808,5,2.47,3.75,12.973
1808,6,-0.65,2.39,13.38
1808,7,1.66,2.45,17.157
1808,8,1.58,1.41,16.568
1808,9,0.39,2.45,12.279
1808,10,-2.38,4.30,4.416
1808,11,-0.86,1.98,0.853
1808,12,-5.46,3.32,-7.998
1809,1,-0.53,5.32,-4.549
1809,2,2.19,3.58,-0.02
1809,3,-1.06,4.15,0.338
1809,4,-3.25,4.91,2.51
1809,5,1.36,3.65,11.861
1809,6,0.09,2.36,14.116
1809,7,0.15,3.88,15.653
1809,8,0.68,2.56,15.665
1809,9,-0.51,2.53,11.376
1809,10,-1.60,5.50,5.2
1809,11,-1.67,3.98,0.042
1809,12,0.94,2.88,-1.605
1810,1,-1.78,2.89,-5.795
1810,2,-2.12,4.78,-4.325
1810,3,1.08,2.96,2.481
1810,4,-0.68,2.24,5.077
1810,5,1.14,3.11,11.638
1810,6,-1.52,3.42,12.512
1810,7,0.15,3.63,15.651
1810,8,0.30,2.94,15.286
1810,9,2.18,3.27,14.067
1810,10,-0.04,3.57,6.762
1810,11,-0.14,5.54,1.568
1810,12,1.52,4.40,-1.019
1811,1,-4.04,1.14,-8.064
1811,2,-0.21,3.45,-2.419
1811,3,1.75,5.74,3.152
1811,4,1.20,1.61,6.961
1811,5,3.75,2.97,14.245
1811,6,3.02,3.20,17.045
1811,7,2.33,4.21,17.832
1811,8,0.46,4.57,15.448
1811,9,0.02,4.61,11.912
1811,10,2.92,4.71,9.719
1811,11,0.29,1.78,2
1811,12,-0.81,4.09,-3.349
1812,1,-3.29,7.27,-7.305
1812,2,0.47,4.55,-1.736
1812,3,-0.43,2.41,0.972
1812,4,-3.34,4.90,2.423
1812,5,1.28,1.17,11.78
1812,6,0.11,1.48,14.139
1812,7,-1.08,2.58,14.421
1812,8,-0.52,2.10,14.474
1812,9,-1.66,6.09,10.229
1812,10,0.95,2.71,7.753
1812,11,-2.21,4.51,-0.499
1812,12,-4.97,5.58,-7.508
1813,1,-3.28,4.82,-7.303
1813,2,1.43,2.13,-0.782
1813,3,-0.96,3.89,0.444
1813,4,1.44,3.74,7.202
1813,5,1.23,7.83,11.73
1813,6,-1.86,2.04,12.17
1813,7,-1.73,2.34,13.767
1813,8,-1.84,1.44,13.147
1813,9,-1.85,4.13,10.04
1813,10,-0.59,2.03,6.214
1813,11,-1.53,2.74,0.182
1813,12,0.24,3.89,-2.298
1814,1,-1.26,4.86,-5.277
1814,2,-5.74,2.88,-7.954
1814,3,-1.90,5.19,-0.504
1814,4,1.78,2.56,7.536
1814,5,-2.15,3.88,8.349
1814,6,-1.92,1.62,12.109
1814,7,0.49,3.61,15.992
1814,8,-0.78,2.93,14.214
1814,9,-3.26,2.13,8.632
1814,10,-1.55,4.68,5.254
1814,11,0.33,5.45,2.042
1814,12,1.61,5.23,-0.933
1815,1,-2.58,1.71,-6.596
1815,2,1.65,5.87,-0.557
1815,3,1.58,4.79,2.984
1815,4,0.84,2.92,6.602
1815,5,1.37,1.93,11.873
1815,6,-0.29,2.57,13.743
1815,7,-2.04,3.68,13.464
1815,8,-1.55,2.05,13.436
1815,9,-1.48,1.04,10.412
1815,10,-0.31,3.73,6.489
1815,11,-2.47,3.47,-0.762
1815,12,-2.95,2.15,-5.486
1816,1,0.65,4.82,-3.374
1816,2,-2.34,4.06,-4.545
1816,3,-1.20,3.67,0.2
1816,4,-0.24,2.32,5.519
1816,5,-1.17,1.49,9.333
1816,6,-1.63,2.44,12.405
1816,7,-2.09,2.50,13.414
1816,8,-2.00,1.52,12.991
1816,9,-1.84,1.77,10.055
1816,10,-0.80,7.63,5.997
1816,11,-1.66,7.31,0.052
1816,12,-2.16,3.12,-4.704
1817,1,2.39,5.53,-1.629
1817,2,2.82,5.90,0.611
1817,3,-0.57,3.81,0.833
1817,4,-4.62,2.58,1.145
1817,5,-0.09,2.07,10.415
1817,6,1.49,1.69,15.519
1817,7,-0.57,3.52,14.934
1817,8,-0.52,1.76,14.469
1817,9,0.52,3.87,12.413
1817,10,-3.33,4.78,3.466
1817,11,0.34,2.70,2.045
1817,12,-1.11,4.93,-3.648
1818,1,1.13,2.50,-2.889
1818,2,0.43,2.14,-1.777
1818,3,0.49,2.89,1.889
1818,4,1.81,1.84,7.565
1818,5,0.10,7.83,10.599
1818,6,0.44,8.24,14.465
1818,7,0.15,2.49,15.645
1818,8,-1.28,2.55,13.71
1818,9,-0.69,2.23,11.196
1818,10,-0.45,5.62,6.348
1818,11,-0.01,3.17,1.703
1818,12,-2.10,2.18,-4.638
1819,1,0.28,3.28,-3.743
1819,2,1.05,5.23,-1.157
1819,3,1.19,7.61,2.589
1819,4,1.56,2.60,7.316
1819,5,0.43,3.61,10.927
1819,6,0.64,4.72,14.67
1819,7,0.41,2.09,15.906
1819,8,-0.01,2.92,14.978
1819,9,0.01,2.83,11.895
1819,10,-0.62,2.36,6.178
1819,11,-0.15,2.03,1.562
1819,12,-1.57,2.56,-4.106
1820,1,-3.40,4.07,-7.416
1820,2,0.20,3.36,-2.008
1820,3,-1.65,2.31,-0.251
1820,4,2.02,2.37,7.781
1820,5,1.98,1.17,12.48
1820,6,-1.99,1.29,12.039
1820,7,-0.73,1.60,14.773
1820,8,2.65,2.28,17.638
1820,9,-1.79,2.16,10.099
1820,10,-0.83,1.84,5.971
1820,11,-2.19,1.16,-0.479
1820,12,-2.03,1.49,-4.571
1821,1,1.40,3.54,-2.623
1821,2,-2.30,5.42,-4.511
1821,3,-0.95,3.62,0.448
1821,4,2.11,1.39,7.872
1821,5,-0.18,2.74,10.323
1821,6,-3.07,3.13,10.963
1821,7,-2.02,3.03,13.479
1821,8,-0.26,1.42,14.73
1821,9,0.25,1.86,12.142
1821,10,-0.56,1.23,6.245
1821,11,1.14,2.43,2.852
1821,12,2.27,1.54,-0.271
1822,1,1.45,2.74,-2.566
1822,2,1.14,2.27,-1.069
1822,3,3.32,3.65,4.719
1822,4,1.37,2.45,7.13
1822,5,2.21,0.92,12.705
1822,6,3.04,1.22,17.067
1822,7,1.28,1.04,16.782
1822,8,-0.04,1.27,14.949
1822,9,-0.17,2.14,11.718
1822,10,1.67,1.79,8.474
1822,11,0.86,1.60,2.573
1822,12,-2.12,2.75,-4.661
1823,1,-4.69,1.75,-8.708
1823,2,0.94,1.77,-1.269
1823,3,-0.09,2.59,1.314
1823,4,-0.87,2.93,4.891
1823,5,1.23,2.02,11.727
1823,6,-1.02,2.16,13.012
1823,7,-1.04,1.26,14.457
1823,8,0.83,1.10,15.822
1823,9,0.11,1.54,11.996
1823,10,0.35,2.10,7.151
1823,11,-1.52,3.20,0.186
1823,12,0.52,1.22,-2.017
1824,1,-0.15,1.08,-4.165
1824,2,1.36,3.66,-0.849
1824,3,-0.79,1.23,0.613
1824,4,-1.39,1.51,4.369
1824,5,-0.50,1.70,10.001
1824,6,-1.27,3.16,12.764
1824,7,0.38,2.63,15.877
1824,8,0.24,1.66,15.233
1824,9,1.04,3.16,12.934
1824,10,0.16,1.15,6.957
1824,11,0.98,1.51,2.685
1824,12,3.26,2.52,0.72
1825,1,1.39,2.53,-2.633
1825,2,-0.81,1.37,-3.019
1825,3,-2.40,1.56,-0.996
1825,4,1.29,1.67,7.049
1825,5,0.64,1.40,11.141
1825,6,-0.53,1.88,13.503
1825,7,-0.37,2.63,15.13
1825,8,-0.13,3.02,14.856
1825,9,-0.05,2.62,11.842
1825,10,-1.34,1.81,5.46
1825,11,1.68,3.56,3.391
1825,12,3.96,1.72,1.415
1826,1,-4.69,1.75,-8.71
1826,2,-0.52,1.91,-2.733
1826,3,0.74,1.63,2.14
1826,4,0.01,2.56,5.772
1826,5,-1.68,1.02,8.817
1826,6,-0.21,2.37,13.816
1826,7,1.55,2.24,17.052
1826,8,2.67,2.10,17.663
1826,9,0.78,1.27,12.665
1826,10,1.00,1.70,7.802
1826,11,-1.24,1.06,0.475
1826,12,1.04,2.03,-1.5
1827,1,-0.55,3.47,-4.571
1827,2,-4.54,3.09,-6.752
1827,3,1.06,2.21,2.464
1827,4,1.32,3.17,7.078
1827,5,1.80,2.48,12.3
1827,6,0.69,1.83,14.719
1827,7,2.03,1.18,17.525
1827,8,-0.66,2.34,14.326
1827,9,-0.57,1.58,11.321
1827,10,0.97,1.62,7.774
1827,11,-3.65,1.57,-1.941
1827,12,1.15,2.49,-1.395
1828,1,0.21,1.80,-3.811
1828,2,-1.06,2.11,-3.272
1828,3,0.61,1.73,2.013
1828,4,1.50,2.87,7.256
1828,5,0.85,2.38,11.353
1828,6,0.58,2.37,14.612
1828,7,1.11,2.17,16.609
1828,8,-1.30,0.89,13.688
1828,9,-0.62,0.93,11.269
1828,10,-1.12,1.62,5.682
1828,11,-0.31,1.67,1.403
1828,12,0.82,3.75,-1.719
1829,1,-2.24,2.26,-6.263
1829,2,-3.99,2.29,-6.196
1829,3,-1.52,1.28,-0.115
1829,4,0.58,1.05,6.34
1829,5,-0.79,2.49,9.71
1829,6,-1.79,1.86,12.245
1829,7,0.50,1.67,15.995
1829,8,-1.84,1.16,13.151
1829,9,-0.59,0.97,11.302
1829,10,-2.12,1.04,4.677
1829,11,-4.22,1.60,-2.511
1829,12,-6.17,2.16,-8.71
1830,1,-6.80,3.07,-10.821
1830,2,-3.74,2.61,-5.952
1830,3,0.45,1.38,1.85
1830,4,2.33,1.25,8.093
1830,5,1.26,1.43,11.761
1830,6,0.28,2.40,14.311
1830,7,1.11,2.31,16.61
1830,8,0.57,1.87,15.561
1830,9,-2.17,1.04,9.724
1830,10,-1.71,0.67,5.093
1830,11,0.77,2.59,2.483
1830,12,-0.44,2.81,-2.982
1831,1,-2.36,2.98,-6.377
1831,2,0.08,6.40,-2.134
1831,3,0.83,2.31,2.229
1831,4,2.48,1.18,8.236
1831,5,-0.05,2.63,10.451
1831,6,-1.19,3.76,12.843
1831,7,0.37,1.65,15.87
1831,8,-0.33,1.88,14.661
1831,9,-2.06,1.73,9.832
1831,10,2.26,1.26,9.061
1831,11,-0.67,2.51,1.04
1831,12,-0.24,3.98,-2.779
1832,1,-0.04,2.15,-4.058
1832,2,0.56,2.64,-1.647
1832,3,-0.17,2.07,1.228
1832,4,0.29,1.64,6.052
1832,5,-1.57,2.30,8.933
1832,6,-1.21,2.72,12.819
1832,7,-0.68,3.23,14.817
1832,8,1.20,2.93,16.191
1832,9,-1.45,1.87,10.438
1832,10,-0.67,1.33,6.135
1832,11,-1.47,2.13,0.24
1832,12,-1.07,2.48,-3.609
1833,1,-3.94,2.60,-7.961
1833,2,2.47,1.29,0.259
1833,3,-0.14,2.82,1.263
1833,4,-1.48,0.65,4.276
1833,5,3.60,1.22,14.101
1833,6,1.45,1.61,15.479
1833,7,-2.07,1.88,13.426
1833,8,-2.88,1.09,12.106
1833,9,-1.89,1.21,10.003
1833,10,-1.14,1.24,5.659
1833,11,-0.36,2.46,1.352
1833,12,3.05,2.34,0.514
1834,1,4.20,2.33,0.177
1834,2,-0.04,1.41,-2.249
1834,3,-0.61,1.09,0.786
1834,4,-1.57,1.92,4.195
1834,5,3.27,0.87,13.772
1834,6,1.84,1.14,15.866
1834,7,3.13,1.65,18.625
1834,8,1.62,1.45,16.61
1834,9,2.23,1.68,14.116
1834,10,-0.49,0.92,6.309
1834,11,-0.89,1.20,0.821
1834,12,-0.23,1.64,-2.769
1835,1,1.03,2.01,-2.99
1835,2,1.13,2.92,-1.085
1835,3,-0.45,2.75,0.947
1835,4,-1.42,1.37,4.34
1835,5,0.82,1.48,11.316
1835,6,-0.19,1.85,13.839
1835,7,1.14,1.68,16.641
1835,8,-0.09,1.03,14.897
1835,9,-0.64,1.37,11.249
1835,10,-1.71,1.50,5.09
1835,11,-5.17,2.70,-3.461
1835,12,-3.08,3.27,-5.618
1836,1,-1.76,2.26,-5.78
1836,2,-0.60,1.77,-2.806
1836,3,3.23,1.26,4.631
1836,4,-0.22,2.26,5.537
1836,5,-2.50,1.67,8.002
1836,6,0.32,1.53,14.35
1836,7,0.17,1.17,15.67
1836,8,-0.18,3.46,14.808
1836,9,-1.31,2.01,10.582
1836,10,0.69,2.83,7.493
1836,11,-1.81,2.82,-0.103
1836,12,1.71,1.30,-0.831
1837,1,-0.31,2.27,-4.329
1837,2,-1.63,3.23,-3.837
1837,3,-3.12,2.00,-1.716
1837,4,-1.35,1.30,4.408
1837,5,-2.24,2.91,8.264
1837,6,0.28,1.63,14.309
1837,7,-1.53,1.84,13.974
1837,8,2.01,1.63,16.995
1837,9,-2.52,1.59,9.368
1837,10,-1.19,1.84,5.614
1837,11,-1.39,2.35,0.325
1837,12,-0.77,2.49,-3.308
1838,1,-5.72,3.32,-9.743
1838,2,-3.38,1.75,-5.594
1838,3,-0.74,2.94,0.66
1838,4,-2.64,2.34,3.125
1838,5,0.07,1.03,10.574
1838,6,-0.41,1.04,13.621
1838,7,-1.06,1.15,14.44
1838,8,-2.02,1.41,12.975
1838,9,0.02,1.74,11.913
1838,10,-1.71,1.91,5.088
1838,11,-0.30,2.22,1.406
1838,12,-1.55,1.28,-4.087
1839,1,-1.22,2.53,-5.237
1839,2,-1.12,2.60,-3.326
1839,3,-2.53,1.76,-1.128
1839,4,-3.54,1.41,2.216
1839,5,-1.13,1.10,9.373
1839,6,2.13,1.03,16.158
1839,7,1.29,1.63,16.792
1839,8,-1.61,1.78,13.383
1839,9,0.11,1.47,12
1839,10,1.49,2.38,8.294
1839,11,2.21,0.98,3.921
1839,12,1.52,1.78,-1.019
1840,1,-0.32,1.75,-4.34
1840,2,-0.92,1.29,-3.134
1840,3,-4.53,2.68,-3.129
1840,4,-0.16,0.75,5.605
1840,5,-0.43,1.44,10.074
1840,6,-0.58,0.96,13.448
1840,7,-1.41,0.99,14.091
1840,8,-1.04,1.85,13.946
1840,9,-0.49,0.99,11.398
1840,10,-2.80,1.16,4.005
1840,11,1.63,1.80,3.341
1840,12,-5.74,1.78,-8.276
1841,1,-0.79,2.28,-4.806
1841,2,-3.15,2.50,-5.356
1841,3,1.23,1.00,2.631
1841,4,1.35,2.64,7.106
1841,5,3.60,0.78,14.101
1841,6,-0.87,1.28,13.157
1841,7,-0.70,1.21,14.801
1841,8,-0.58,0.96,14.411
1841,9,0.70,1.04,12.589
1841,10,2.04,1.22,8.838
1841,11,-0.27,1.00,1.442
1841,12,2.40,2.61,-0.144
1842,1,-3.10,2.29,-7.116
1842,2,-3.78,1.48,-5.991
1842,3,0.37,1.14,1.765
1842,4,-1.12,1.04,4.639
1842,5,0.53,0.98,11.033
1842,6,0.46,2.13,14.492
1842,7,0.04,1.36,15.544
1842,8,1.89,1.20,16.876
1842,9,-0.58,0.99,11.306
1842,10,-3.37,0.94,3.433
1842,11,-2.22,1.44,-0.508
1842,12,0.80,1.37,-1.744
1843,1,1.25,1.09,-2.77
1843,2,3.74,1.49,1.532
1843,3,-1.14,1.15,0.263
1843,4,0.07,0.97,5.833
1843,5,-1.15,1.20,9.353
1843,6,-2.20,0.99,11.83
1843,7,-1.18,0.76,14.325
1843,8,-0.04,0.91,14.95
1843,9,-1.35,1.05,10.541
1843,10,-0.86,0.79,5.942
1843,11,-0.11,1.06,1.597
1843,12,1.29,2.52,-1.252
1844,1,-1.53,1.96,-5.554
1844,2,-1.39,1.00,-3.595
1844,3,-1.82,1.28,-0.417
1844,4,0.63,1.52,6.392
1844,5,-0.36,0.80,10.141
1844,6,0.59,0.97,14.622
1844,7,-1.62,0.71,13.885
1844,8,-2.19,0.90,12.802
1844,9,-0.13,0.85,11.759
1844,10,0.53,0.54,7.332
1844,11,0.87,0.93,2.58
1844,12,-3.69,1.89,-6.228
1845,1,1.34,2.12,-2.679
1845,2,-5.10,2.47,-7.307
1845,3,-5.08,0.77,-3.681
1845,4,0.21,1.16,5.968
1845,5,-2.43,0.79,8.067
1845,6,1.31,0.79,15.335
1845,7,0.39,0.97,15.89
1845,8,-2.10,0.89,12.892
1845,9,-1.19,1.99,10.701
1845,10,0.30,1.29,7.101
1845,11,1.17,1.30,2.879
1845,12,1.30,1.96,-1.236
1846,1,1.08,4.93,-2.945
1846,2,2.31,2.24,0.095
1846,3,2.21,0.74,3.607
1846,4,1.09,2.35,6.854
1846,5,1.19,0.93,11.687
1846,6,1.90,1.94,15.928
1846,7,1.91,1.73,17.413
1846,8,1.52,0.74,16.512
1846,9,0.35,1.06,12.243
1846,10,1.95,2.07,8.753
1846,11,-1.65,1.43,0.059
1846,12,-2.57,1.47,-5.112
1847,1,-1.21,2.12,-5.229
1847,2,-1.53,1.74,-3.742
1847,3,-1.75,2.29,-0.353
1847,4,-1.75,1.75,4.008
1847,5,2.92,1.10,13.422
1847,6,-2.48,1.20,11.553
1847,7,0.33,1.57,15.825
1847,8,0.52,0.91,15.505
1847,9,-2.53,0.94,9.364
1847,10,-1.24,0.59,5.564
1847,11,-1.97,1.26,-0.26
1847,12,-0.28,2.11,-2.815
1848,1,-5.01,2.15,-9.029
1848,2,1.33,1.82,-0.884
1848,3,1.18,0.36,2.577
1848,4,2.03,1.10,7.793
1848,5,0.17,1.59,10.673
1848,6,1.62,1.62,15.648
1848,7,0.12,1.18,15.621
1848,8,-0.02,0.94,14.974
1848,9,-1.29,0.97,10.599
1848,10,0.83,1.23,7.634
1848,11,-1.86,1.22,-0.152
1848,12,-1.40,2.32,-3.942
1849,1,-0.85,2.06,-4.873
1849,2,2.15,1.91,-0.062
1849,3,-1.41,1.95,-0.008
1849,4,-0.99,1.24,4.768
1849,5,0.52,0.83,11.02
1849,6,1.29,1.40,15.317
1849,7,-0.54,1.38,14.964
1849,8,-1.78,1.33,13.21
1849,9,-1.34,0.84,10.547
1849,10,-0.24,0.72,6.564
1849,11,-2.29,2.24,-0.582
1849,12,-2.13,0.91,-4.667
1850,1,-3.93,1.71,-7.947
1850,2,1.77,2.67,-0.438
1850,3,-2.86,1.79,-1.463
1850,4,0.31,1.44,6.065
1850,5,-0.62,0.82,9.884
1850,6,0.19,0.85,14.223
1850,7,-0.94,0.56,14.562
1850,8,0.21,0.91,15.199
1850,9,-2.42,0.67,9.472
1850,10,-2.01,1.16,4.786
1850,11,0.28,2.57,1.985
1850,12,0.45,1.91,-2.089
1851,1,0.86,0.97,-3.156
1851,2,-0.53,1.43,-2.74
1851,3,-0.62,0.71,0.778
1851,4,1.05,1.41,6.81
1851,5,-3.12,1.51,7.382
1851,6,-0.55,0.99,13.48
1851,7,-1.44,0.54,14.064
1851,8,-0.69,0.53,14.305
1851,9,-3.06,1.08,8.834
1851,10,1.29,1.67,8.091
1851,11,-3.74,1.49,-2.03
1851,12,-1.84,1.42,-4.381
1852,1,1.30,1.39,-2.718
1852,2,0.97,1.53,-1.238
1852,3,-3.26,1.48,-1.864
1852,4,-2.68,1.40,3.081
1852,5,0.18,1.58,10.675
1852,6,0.35,0.84,14.379
1852,7,0.94,0.65,16.442
1852,8,-0.07,0.87,14.922
1852,9,-0.49,0.54,11.401
1852,10,-1.75,0.72,5.046
1852,11,3.03,1.33,4.74
1852,12,2.81,1.40,0.274
1853,1,2.13,1.52,-1.886
1853,2,-1.49,2.07,-3.7
1853,3,-3.76,1.43,-2.363
1853,4,-2.82,0.86,2.944
1853,5,-0.38,0.83,10.124
1853,6,-0.23,0.90,13.801
1853,7,1.00,0.78,16.499
1853,8,0.30,0.54,15.286
1853,9,-0.61,0.45,11.276
1853,10,-0.05,1.17,6.752
1853,11,-1.30,1.09,0.415
1853,12,-4.42,0.90,-6.964
1854,1,-0.34,1.56,-4.362
1854,2,-1.91,0.52,-4.122
1854,3,-1.28,0.68,0.116
1854,4,-0.48,1.70,5.279
1854,5,0.64,0.59,11.138
1854,6,-1.00,0.49,13.027
1854,7,0.30,0.98,15.796
1854,8,-1.13,0.77,13.858
1854,9,-1.27,0.82,10.625
1854,10,0.01,1.21,6.807
1854,11,-2.86,1.12,-1.148
1854,12,1.04,3.11,-1.504
1855,1,-2.76,1.46,-6.776
1855,2,-2.58,2.00,-4.786
1855,3,-0.76,1.04,0.641
1855,4,-1.36,1.53,4.398
1855,5,-0.83,0.79,9.667
1855,6,0.35,0.87,14.382
1855,7,0.07,0.46,15.573
1855,8,0.84,0.59,15.826
1855,9,-0.71,0.63,11.179
1855,10,2.49,1.36,9.289
1855,11,-1.05,0.48,0.657
1855,12,-5.80,1.65,-8.34
1856,1,1.33,0.67,-2.688
1856,2,1.53,1.44,-0.684
1856,3,-2.42,1.38,-1.018
1856,4,1.64,0.84,7.401
1856,5,-0.53,0.50,9.972
1856,6,1.25,1.67,15.279
1856,7,-1.66,1.14,13.843
1856,8,1.19,1.00,16.177
1856,9,-1.63,0.76,10.257
1856,10,0.45,0.80,7.247
1856,11,-4.71,0.41,-2.995
1856,12,-1.80,1.31,-4.335
1857,1,-1.34,1.12,-5.361
1857,2,-3.43,1.06,-5.637
1857,3,-1.83,0.99,-0.429
1857,4,-0.14,0.84,5.62
1857,5,0.27,0.62,10.766
1857,6,-0.11,0.83,13.916
1857,7,1.33,0.76,16.829
1857,8,1.23,0.81,16.221
1857,9,0.44,1.09,12.326
1857,10,2.61,1.00,9.405
1857,11,-1.40,0.75,0.307
1857,12,-0.40,0.80,-2.939
1858,1,-3.71,1.93,-7.729
1858,2,-5.47,1.55,-7.675
1858,3,-2.56,1.05,-1.162
1858,4,0.00,1.61,5.761
1858,5,-1.34,1.05,9.158
1858,6,2.25,0.95,16.282
1858,7,-0.45,0.73,15.055
1858,8,-1.05,0.96,13.936
1858,9,1.16,1.16,13.052
1858,10,1.13,0.75,7.926
1858,11,-5.01,0.98,-3.304
1858,12,0.06,1.12,-2.483
1859,1,-0.57,1.31,-4.591
1859,2,1.04,1.28,-1.173
1859,3,2.13,1.21,3.526
1859,4,0.39,0.97,6.149
1859,5,0.21,1.01,10.709
1859,6,0.21,0.99,14.236
1859,7,3.45,1.01,18.945
1859,8,2.39,0.73,17.378
1859,9,-1.07,0.53,10.821
1859,10,1.21,0.85,8.011
1859,11,-1.45,0.69,0.261
1859,12,-3.50,1.38,-6.039
1860,1,1.42,0.96,-2.604
1860,2,-3.23,0.44,-5.436
1860,3,-2.73,1.62,-1.328
1860,4,-0.86,0.77,4.903
1860,5,0.73,1.23,11.232
1860,6,0.36,0.41,14.386
1860,7,-2.29,1.14,13.212
1860,8,-0.55,0.91,14.439
1860,9,-0.28,0.86,11.612
1860,10,-1.58,1.22,5.219
1860,11,-2.72,0.71,-1.014
1860,12,-0.83,1.23,-3.374
1861,1,-3.58,1.98,-7.603
1861,2,2.19,1.60,-0.022
1861,3,0.44,1.89,1.842
1861,4,-1.65,1.82,4.112
1861,5,-1.47,0.95,9.032
1861,6,1.42,0.57,15.453
1861,7,0.48,0.75,15.981
1861,8,2.38,0.71,17.369
1861,9,0.28,0.67,12.17
1861,10,0.70,0.58,7.498
1861,11,-0.09,0.67,1.625
1861,12,-2.20,1.12,-4.742
1862,1,-1.37,2.04,-5.385
1862,2,-0.65,1.20,-2.861
1862,3,2.57,1.59,3.968
1862,4,2.54,2.21,8.301
1862,5,1.93,0.80,12.433
1862,6,-0.21,1.18,13.822
1862,7,0.85,0.65,16.345
1862,8,-0.37,0.77,14.624
1862,9,0.53,0.56,12.424
1862,10,1.88,0.51,8.682
1862,11,0.36,1.35,2.067
1862,12,-0.45,1.74,-2.994
1863,1,3.55,1.07,-0.466
1863,2,0.74,2.52,-1.469
1863,3,1.21,1.35,2.608
1863,4,0.36,0.68,6.123
1863,5,1.53,0.59,12.026
1863,6,0.13,0.87,14.158
1863,7,-0.53,0.86,14.966
1863,8,1.92,0.95,16.914
1863,9,0.05,1.29,11.935
1863,10,1.59,0.60,8.388
1863,11,0.39,0.78,2.098
1863,12,1.21,2.75,-1.333
1864,1,-5.30,1.81,-9.317
1864,2,-1.33,2.00,-3.535
1864,3,1.04,1.46,2.443
1864,4,-2.65,2.18,3.115
1864,5,-1.45,1.03,9.049
1864,6,-0.28,1.26,13.755
1864,7,-1.15,1.45,14.353
1864,8,-1.89,1.12,13.099
1864,9,-0.56,0.65,11.328
1864,10,-1.69,0.99,5.106
1864,11,-1.38,1.36,0.332
1864,12,-2.99,0.75,-5.531
1865,1,0.42,1.06,-3.602
1865,2,-4.29,0.47,-6.495
1865,3,-4.52,0.47,-3.118
1865,4,2.16,1.10,7.916
1865,5,3.42,0.70,13.918
1865,6,-1.18,0.74,12.846
1865,7,2.52,1.22,18.021
1865,8,-0.12,0.91,14.867
1865,9,0.78,1.08,12.669
1865,10,0.25,0.48,7.054
1865,11,1.04,0.66,2.746
1865,12,-0.93,1.47,-3.47
1866,1,2.36,1.24,-1.665
1866,2,3.01,1.86,0.801
1866,3,0.39,1.98,1.785
1866,4,1.72,1.46,7.484
1866,5,-2.08,1.00,8.425
1866,6,1.88,0.92,15.912
1866,7,-0.47,0.31,15.033
1866,8,-1.66,0.64,13.334
1866,9,1.20,0.69,13.09
1866,10,-1.79,0.78,5.014
1866,11,-0.68,0.41,1.029
1866,12,0.28,0.74,-2.262
1867,1,0.51,1.25,-3.508
1867,2,2.91,1.73,0.704
1867,3,-0.72,0.62,0.679
1867,4,0.53,0.50,6.29
1867,5,0.23,0.91,10.732
1867,6,-0.08,0.36,13.949
1867,7,-0.72,1.12,14.779
1867,8,0.66,0.82,15.648
1867,9,0.90,0.42,12.794
1867,10,-1.19,0.74,5.614
1867,11,-2.30,1.29,-0.59
1867,12,-2.32,1.31,-4.855
1868,1,-1.10,0.82,-5.115
1868,2,1.53,1.57,-0.676
1868,3,-0.64,1.29,0.76
1868,4,-0.47,1.05,5.288
1868,5,4.38,0.91,14.875
1868,6,1.45,0.59,15.479
1868,7,0.54,0.50,16.043
1868,8,0.96,0.54,15.945
1868,9,2.09,0.59,13.977
1868,10,1.31,1.33,8.114
1868,11,-1.93,0.73,-0.224
1868,12,3.51,1.57,0.97
1869,1,-1.41,1.91,-5.425
1869,2,4.37,1.80,2.156
1869,3,-1.82,1.65,-0.418
1869,4,2.14,0.67,7.903
1869,5,2.61,0.81,13.112
1869,6,-2.03,0.67,11.998
1869,7,1.81,0.50,17.305
1869,8,-1.00,0.72,13.987
1869,9,0.70,0.75,12.589
1869,10,-2.70,0.79,4.099
1869,11,-1.04,0.86,0.675
1869,12,0.25,1.19,-2.286
1870,1,-1.08,0.95,-5.1
1870,2,-4.22,1.77,-6.425
1870,3,-2.90,0.63,-1.503
1870,4,-1.12,0.76,4.641
1870,5,1.65,0.64,12.146
1870,6,-0.05,1.27,13.985
1870,7,1.39,0.68,16.892
1870,8,-1.63,0.55,13.363
1870,9,-2.21,0.46,9.678
1870,10,-1.31,0.80,5.491
1870,11,0.34,1.09,2.054
1870,12,-3.83,0.92,-6.372
1871,1,-2.97,0.69,-6.989
1871,2,-1.33,1.61,-3.542
1871,3,0.09,1.83,1.491
1871,4,0.05,0.65,5.813
1871,5,-2.44,0.64,8.061
1871,6,-2.47,0.48,11.56
1871,7,0.86,0.77,16.359
1871,8,0.24,0.83,15.232
1871,9,0.84,0.65,12.729
1871,10,-2.55,0.36,4.247
1871,11,-2.05,1.29,-0.337
1871,12,-6.09,0.68,-8.629
1872,1,0.25,0.92,-3.768
1872,2,0.43,0.93,-1.779
1872,3,1.40,0.90,2.802
1872,4,1.83,0.99,7.586
1872,5,1.33,0.72,11.83
1872,6,-0.58,1.04,13.452
1872,7,0.69,0.99,16.191
1872,8,-0.95,0.59,14.043
1872,9,0.67,0.46,12.559
1872,10,2.15,0.80,8.953
1872,11,1.23,0.57,2.943
1872,12,2.89,0.97,0.345
1873,1,2.39,0.91,-1.631
1873,2,-0.47,1.23,-2.682
1873,3,2.45,0.59,3.852
1873,4,-0.89,0.83,4.868
1873,5,-2.59,0.54,7.911
1873,6,-0.32,0.67,13.715
1873,7,1.92,0.94,17.415
1873,8,1.72,0.66,16.712
1873,9,-1.21,0.75,10.676
1873,10,1.81,0.40,8.614
1873,11,-0.01,1.01,1.703
1873,12,-0.45,0.47,-2.986
1874,1,0.29,0.39,-3.732
1874,2,-0.86,0.33,-3.074
1874,3,-1.23,0.39,0.174
1874,4,1.62,0.56,7.379
1874,5,-3.60,1.01,6.903
1874,6,0.34,0.57,14.371
1874,7,2.52,0.32,18.016
1874,8,-1.28,0.64,13.711
1874,9,1.62,0.64,13.514
1874,10,0.22,0.66,7.018
1874,11,-3.82,0.74,-2.106
1874,12,-1.86,0.56,-4.398
1875,1,0.88,0.54,-3.144
1875,2,-5.00,0.96,-7.213
1875,3,-3.97,0.72,-2.569
1875,4,-0.93,0.70,4.831
1875,5,1.43,0.56,11.93
1875,6,2.02,0.67,16.045
1875,7,-0.07,0.26,15.427
1875,8,1.15,0.52,16.137
1875,9,-0.95,0.62,10.94
1875,10,-1.86,0.50,4.942
1875,11,-1.40,1.17,0.315
1875,12,-3.08,0.64,-5.615
1876,1,-2.49,0.89,-6.511
1876,2,-0.86,0.51,-3.069
1876,3,0.46,0.93,1.863
1876,4,1.39,0.81,7.149
1876,5,-3.43,0.61,7.068
1876,6,0.46,0.38,14.485
1876,7,0.26,0.46,15.758
1876,8,0.46,0.47,15.446
1876,9,-1.29,0.23,10.605
1876,10,1.47,0.33,8.271
1876,11,-3.29,0.99,-1.581
1876,12,2.16,0.73,-0.378
1877,1,3.32,1.29,-0.702
1877,2,1.82,1.05,-0.388
1877,3,-1.53,0.43,-0.125
1877,4,-1.10,0.49,4.664
1877,5,-2.04,0.74,8.463
1877,6,2.03,0.78,16.062
1877,7,-0.22,0.54,15.279
1877,8,1.77,0.61,16.759
1877,9,-2.82,0.78,9.073
1877,10,-2.46,0.73,4.341
1877,11,0.51,0.88,2.224
1877,12,-0.47,0.89,-3.01
1878,1,-1.24,0.91,-5.262
1878,2,0.53,0.95,-1.679
1878,3,-0.92,0.77,0.485
1878,4,0.32,0.67,6.082
1878,5,0.74,0.68,11.237
1878,6,-0.02,0.72,14.009
1878,7,-0.90,0.41,14.599
1878,8,0.20,0.50,15.186
1878,9,0.66,0.44,12.552
1878,10,0.85,0.61,7.645
1878,11,-1.08,0.67,0.626
1878,12,-2.80,0.38,-5.338
1879,1,-0.50,0.95,-4.517
1879,2,1.44,0.51,-0.769
1879,3,-1.00,0.61,0.404
1879,4,-0.68,0.49,5.081
1879,5,-2.32,0.52,8.18
1879,6,0.90,0.79,14.932
1879,7,-2.16,0.45,13.34
1879,8,1.28,0.52,16.272
1879,9,0.82,0.41,12.706
1879,10,-1.62,0.60,5.183
1879,11,-3.62,0.37,-1.908
1879,12,-6.52,1.10,-9.063
1880,1,-2.75,0.93,-6.765
1880,2,-1.22,0.70,-3.434
1880,3,0.13,0.90,1.526
1880,4,2.00,0.77,7.76
1880,5,-1.18,0.63,9.323
1880,6,-0.84,0.53,13.187
1880,7,1.44,0.66,16.942
1880,8,-1.18,1.03,13.811
1880,9,0.12,0.54,12.013
1880,10,0.31,0.93,7.109
1880,11,0.44,0.76,2.151
1880,12,2.98,0.52,0.442
1881,1,-3.44,0.92,-7.459
1881,2,-0.59,0.61,-2.795
1881,3,0.18,0.68,1.579
1881,4,-1.73,0.79,4.035
1881,5,-0.78,0.89,9.721
1881,6,-0.67,0.67,13.362
1881,7,1.70,0.60,17.198
1881,8,0.49,0.49,15.477
1881,9,-1.59,0.51,10.296
1881,10,-3.19,0.50,3.615
1881,11,-0.36,0.79,1.35
1881,12,0.63,0.87,-1.906
1882,1,1.57,0.85,-2.451
1882,2,0.54,1.01,-1.666
1882,3,3.28,1.12,4.683
1882,4,-0.19,0.43,5.566
1882,5,0.44,0.67,10.937
1882,6,-1.55,0.41,12.478
1882,7,-0.28,0.41,15.217
1882,8,-1.86,0.72,13.127
1882,9,-0.60,0.27,11.292
1882,10,0.66,0.49,7.461
1882,11,-0.27,0.54,1.443
1882,12,0.70,0.78,-1.836
1883,1,0.31,0.65,-3.707
1883,2,1.40,0.78,-0.815
1883,3,-4.31,0.40,-2.905
1883,4,-1.74,0.30,4.018
1883,5,0.18,0.26,10.684
1883,6,0.13,0.42,14.159
1883,7,-0.45,0.28,15.055
1883,8,-0.54,0.30,14.448
1883,9,-0.46,0.29,11.43
1883,10,-0.62,0.58,6.184
1883,11,-0.95,0.40,0.758
1883,12,-0.83,0.42,-3.372
1884,1,2.10,0.55,-1.921
1884,2,1.05,0.44,-1.162
1884,3,1.07,0.59,2.473
1884,4,-0.77,0.32,4.995
1884,5,1.19,0.49,11.689
1884,6,-2.97,0.61,11.057
1884,7,0.69,0.51,16.191
1884,8,-0.39,0.35,14.596
1884,9,-0.02,0.45,11.868
1884,10,-1.60,0.48,5.201
1884,11,-2.65,0.58,-0.936
1884,12,0.40,0.42,-2.136
1885,1,-2.58,0.73,-6.602
1885,2,1.69,0.59,-0.519
1885,3,0.21,0.46,1.608
1885,4,1.91,0.51,7.671
1885,5,-1.62,0.51,8.884
1885,6,1.34,0.58,15.373
1885,7,0.96,0.46,16.463
1885,8,-0.91,0.47,14.079
1885,9,-0.14,0.51,11.749
1885,10,-0.77,0.59,6.026
1885,11,0.10,0.51,1.812
1885,12,-1.39,0.55,-3.928
1886,1,-0.75,0.93,-4.767
1886,2,-1.64,0.60,-3.853
1886,3,-2.85,0.69,-1.454
1886,4,1.38,0.48,7.136
1886,5,0.57,0.31,11.067
1886,6,-1.28,0.53,12.753
1886,7,0.27,0.56,15.768
1886,8,0.07,0.24,15.064
1886,9,1.60,0.38,13.488
1886,10,1.06,0.60,7.855
1886,11,0.51,0.56,2.216
1886,12,0.59,0.58,-1.946
1887,1,-2.23,0.84,-6.254
1887,2,-2.54,0.89,-4.753
1887,3,-1.98,0.60,-0.583
1887,4,-0.15,0.31,5.615
1887,5,-1.61,0.62,8.89
1887,6,-0.15,0.63,13.876
1887,7,2.19,0.42,17.688
1887,8,-0.34,0.45,14.649
1887,9,-0.06,0.35,11.835
1887,10,-3.36,0.40,3.444
1887,11,-0.34,0.62,1.371
1887,12,-1.95,0.26,-4.49
1888,1,-1.95,0.81,-5.972
1888,2,-1.95,0.37,-4.163
1888,3,-1.45,0.23,-0.045
1888,4,-1.30,0.35,4.464
1888,5,0.84,0.29,11.336
1888,6,0.55,0.49,14.582
1888,7,-1.81,0.34,13.687
1888,8,-0.85,0.67,14.14
1888,9,-0.15,0.39,11.741
1888,10,-2.57,0.48,4.234
1888,11,-1.98,0.70,-0.27
1888,12,0.07,0.75,-2.471
1889,1,-1.13,0.62,-5.149
1889,2,-2.28,0.31,-4.488
1889,3,-2.87,0.31,-1.466
1889,4,-0.87,0.37,4.886
1889,5,3.05,0.67,13.546
1889,6,2.00,0.41,16.029
1889,7,-0.35,0.41,15.147
1889,8,-1.06,0.23,13.932
1889,9,-2.64,0.50,9.247
1889,10,0.55,0.51,7.346
1889,11,-1.50,0.47,0.213
1889,12,-3.00,0.71,-5.544
1890,1,2.55,0.64,-1.475
1890,2,-2.93,0.70,-5.144
1890,3,0.81,0.39,2.209
1890,4,-0.29,0.35,5.466
1890,5,1.48,0.58,11.982
1890,6,-1.60,0.34,12.428
1890,7,-0.70,0.58,14.804
1890,8,1.33,0.46,16.32
1890,9,-1.24,0.34,10.65
1890,10,-2.05,0.29,4.749
1890,11,-1.24,0.50,0.466
1890,12,-4.66,0.76,-7.201
1891,1,-4.64,0.52,-8.661
1891,2,-2.65,0.67,-4.861
1891,3,-0.29,0.62,1.106
1891,4,-2.48,0.23,3.281
1891,5,1.34,0.52,11.843
1891,6,-0.21,0.35,13.822
1891,7,-0.48,0.41,15.021
1891,8,-1.20,0.39,13.791
1891,9,0.04,0.24,11.928
1891,10,1.52,0.15,8.322
1891,11,-1.40,0.54,0.313
1891,12,0.40,0.41,-2.139
1892,1,-0.49,0.46,-4.509
1892,2,0.87,0.51,-1.337
1892,3,-2.53,0.62,-1.13
1892,4,0.03,0.30,5.789
1892,5,0.07,0.37,10.569
1892,6,0.04,0.60,14.067
1892,7,-0.67,0.12,14.832
1892,8,1.77,0.52,16.756
1892,9,0.60,0.40,12.49
1892,10,-0.94,0.34,5.857
1892,11,-1.55,1.07,0.163
1892,12,-3.03,0.52,-5.573
1893,1,-5.60,0.54,-9.617
1893,2,0.77,0.75,-1.444
1893,3,0.33,0.54,1.734
1893,4,0.66,0.61,6.42
1893,5,-0.60,0.56,9.905
1893,6,-0.55,0.44,13.483
1893,7,0.17,0.54,15.671
1893,8,0.15,0.51,15.144
1893,9,-0.34,0.39,11.549
1893,10,0.97,0.44,7.774
1893,11,-1.84,0.45,-0.129
1893,12,-0.62,0.87,-3.163
1894,1,-2.00,0.92,-6.017
1894,2,0.79,0.67,-1.425
1894,3,0.73,0.52,2.125
1894,4,2.25,0.70,8.01
1894,5,-0.04,0.55,10.462
1894,6,-1.35,0.46,12.683
1894,7,1.07,0.48,16.57
1894,8,-0.61,0.27,14.377
1894,9,-1.85,0.32,10.045
1894,10,-0.23,0.33,6.569
1894,11,0.09,0.48,1.804
1894,12,-1.64,0.56,-4.179
1895,1,-2.35,0.34,-6.369
1895,2,-6.36,0.58,-8.574
1895,3,-1.93,0.31,-0.534
1895,4,0.26,0.53,6.021
1895,5,-0.59,0.38,9.909
1895,6,0.00,0.31,14.034
1895,7,1.22,0.33,16.723
1895,8,-0.51,0.34,14.482
1895,9,1.59,0.51,13.481
1895,10,-1.02,0.41,5.78
1895,11,1.03,0.57,2.735
1895,12,-0.41,0.31,-2.946
1896,1,-1.93,0.87,-5.949
1896,2,-1.30,0.69,-3.514
1896,3,1.48,0.31,2.881
1896,4,-2.37,0.35,3.387
1896,5,-1.79,0.24,8.711
1896,6,0.11,0.45,14.138
1896,7,0.34,0.46,15.842
1896,8,-2.31,0.46,12.683
1896,9,-0.60,0.54,11.287
1896,10,0.77,0.29,7.568
1896,11,-1.67,0.38,0.042
1896,12,-0.20,0.66,-2.741
1897,1,0.03,0.52,-3.99
1897,2,1.81,0.36,-0.403
1897,3,2.31,0.37,3.712
1897,4,0.14,0.39,5.899
1897,5,-1.92,0.44,8.577
1897,6,0.91,0.30,14.942
1897,7,0.17,0.52,15.666
1897,8,0.28,0.35,15.269
1897,9,-0.39,0.40,11.502
1897,10,-1.54,0.36,5.263
1897,11,-1.96,0.71,-0.246
1897,12,-0.95,0.60,-3.488
1898,1,2.48,0.54,-1.536
1898,2,0.48,0.39,-1.726
1898,3,0.39,0.41,1.793
1898,4,0.95,0.63,6.707
1898,5,0.31,0.36,10.812
1898,6,-0.89,0.36,13.144
1898,7,-1.42,0.32,14.078
1898,8,1.11,0.36,16.098
1898,9,0.33,0.24,12.218
1898,10,0.91,0.29,7.713
1898,11,2.20,0.60,3.911
1898,12,0.97,0.18,-1.573
1899,1,3.03,0.42,-0.992
1899,2,1.10,0.34,-1.111
1899,3,-0.38,0.44,1.024
1899,4,-0.07,0.85,5.686
1899,5,-0.70,0.40,9.803
1899,6,-0.88,0.22,13.152
1899,7,-0.04,0.41,15.457
1899,8,0.18,0.44,15.168
1899,9,-0.94,0.29,10.953
1899,10,-0.81,0.56,5.993
1899,11,1.08,0.69,2.794
1899,12,-3.69,0.49,-6.234
1900,1,1.98,0.31,-2.042
1900,2,2.49,0.51,0.278
1900,3,-2.84,0.29,-1.439
1900,4,-1.28,0.29,4.483
1900,5,-0.87,0.31,9.627
1900,6,0.44,0.42,14.467
1900,7,1.49,0.27,16.994
1900,8,-0.48,0.48,14.514
1900,9,1.09,0.27,12.984
1900,10,0.27,0.33,7.066
1900,11,1.53,0.47,3.244
1900,12,1.32,0.64,-1.218
1901,1,-2.67,0.45,-6.694
1901,2,-4.79,0.65,-6.997
1901,3,-0.79,0.31,0.607
1901,4,0.40,0.27,6.16
1901,5,0.39,0.24,10.889
1901,6,0.65,0.28,14.684
1901,7,0.72,0.34,16.215
1901,8,-0.22,0.19,14.768
1901,9,-0.25,0.45,11.642
1901,10,0.54,0.36,7.34
1901,11,-2.04,0.45,-0.332
1901,12,1.30,0.73,-1.237
1902,1,3.19,0.53,-0.828
1902,2,0.27,0.46,-1.939
1902,3,-0.27,0.33,1.127
1902,4,0.80,0.36,6.555
1902,5,-3.69,0.22,6.807
1902,6,-1.27,0.37,12.763
1902,7,-0.47,0.43,15.032
1902,8,-0.57,0.27,14.42
1902,9,-0.56,0.25,11.326
1902,10,-1.00,0.42,5.805
1902,11,-2.43,0.63,-0.715
1902,12,-1.90,0.44,-4.441
1903,1,-1.04,0.61,-5.064
1903,2,2.28,0.51,0.067
1903,3,1.85,0.35,3.246
1903,4,-2.89,0.30,2.867
1903,5,0.18,0.33,10.684
1903,6,-0.84,0.42,13.19
1903,7,-0.70,0.28,14.8
1903,8,-0.35,0.33,14.644
1903,9,-0.53,0.21,11.365
1903,10,0.42,0.27,7.217
1903,11,0.34,0.37,2.046
1903,12,-0.63,0.34,-3.171
1904,1,-0.48,0.24,-4.504
1904,2,1.15,0.32,-1.065
1904,3,0.42,0.37,1.818
1904,4,1.03,0.32,6.788
1904,5,0.39,0.36,10.888
1904,6,0.49,0.41,14.516
1904,7,1.90,0.49,17.395
1904,8,0.42,0.56,15.411
1904,9,-1.90,0.36,9.994
1904,10,-0.39,0.35,6.409
1904,11,-1.28,0.45,0.426
1904,12,0.43,0.75,-2.113
1905,1,-2.25,0.26,-6.265
1905,2,-0.06,0.41,-2.267
1905,3,0.84,0.41,2.237
1905,4,-1.29,0.32,4.47
1905,5,-0.32,0.40,10.177
1905,6,0.70,0.41,14.725
1905,7,2.10,0.35,17.598
1905,8,0.56,0.34,15.549
1905,9,0.57,0.28,12.463
1905,10,-4.85,0.13,1.95
1905,11,-0.29,0.37,1.425
1905,12,0.43,0.34,-2.114
1906,1,0.27,0.47,-3.749
1906,2,-0.66,0.31,-2.866
1906,3,-0.83,0.31,0.568
1906,4,0.00,0.22,5.758
1906,5,0.39,0.38,10.893
1906,6,-1.19,0.44,12.84
1906,7,0.21,0.26,15.71
1906,8,-0.08,0.29,14.909
1906,9,-1.82,0.18,10.071
1906,10,0.47,0.20,7.271
1906,11,1.73,0.28,3.439
1906,12,-2.33,0.55,-4.872
1907,1,-0.26,0.78,-4.282
1907,2,-2.13,0.19,-4.339
1907,3,-2.08,0.22,-0.676
1907,4,-2.38,0.29,3.379
1907,5,1.32,0.28,11.819
1907,6,-0.01,0.25,14.021
1907,7,-1.63,0.24,13.871
1907,8,0.18,0.25,15.171
1907,9,0.00,0.32,11.891
1907,10,3.01,0.50,9.805
1907,11,-0.68,0.32,1.034
1907,12,0.91,0.46,-1.626
1908,1,-1.27,0.56,-5.287
1908,2,0.41,0.44,-1.802
1908,3,-1.38,0.42,0.021
1908,4,-2.03,0.58,3.733
1908,5,2.41,0.37,12.911
1908,6,1.59,0.49,15.622
1908,7,-0.09,0.32,15.412
1908,8,-1.63,0.21,13.363
1908,9,-1.85,0.27,10.041
1908,10,-0.62,0.40,6.182
1908,11,-3.14,0.35,-1.427
1908,12,-1.14,0.42,-3.681
1909,1,-2.08,0.61,-6.101
1909,2,-3.12,0.43,-5.327
1909,3,-1.88,0.37,-0.476
1909,4,0.75,0.29,6.506
1909,5,-1.05,0.24,9.452
1909,6,-1.00,0.46,13.031
1909,7,-1.55,0.14,13.949
1909,8,-0.09,0.21,14.903
1909,9,-0.43,0.28,11.464
1909,10,1.30,0.29,8.1
1909,11,-1.88,0.43,-0.167
1909,12,1.46,0.47,-1.084
1910,1,1.36,0.33,-2.663
1910,2,1.53,0.55,-0.682
1910,3,0.47,0.60,1.873
1910,4,-0.48,0.18,5.278
1910,5,-0.71,0.26,9.788
1910,6,0.40,0.40,14.431
1910,7,-1.58,0.32,13.922
1910,8,-0.65,0.34,14.339
1910,9,-2.11,0.32,9.779
1910,10,0.35,0.25,7.146
1910,11,-1.69,0.28,0.017
1910,12,2.68,0.46,0.139
1911,1,-1.17,0.31,-5.188
1911,2,-0.51,0.28,-2.721
1911,3,0.36,0.21,1.755
1911,4,-0.54,0.21,5.222
1911,5,0.12,0.21,10.623
1911,6,-0.71,0.31,13.322
1911,7,1.77,0.46,17.267
1911,8,1.71,0.46,16.695
1911,9,0.76,0.17,12.649
1911,10,-0.21,0.21,6.586
1911,11,1.40,0.41,3.109
1911,12,1.88,0.47,-0.663
1912,1,-0.12,0.44,-4.135
1912,2,2.47,0.44,0.263
1912,3,2.36,0.35,3.761
1912,4,-1.58,0.33,4.178
1912,5,0.09,0.17,10.591
1912,6,0.32,0.18,14.345
1912,7,-0.10,0.19,15.396
1912,8,-2.30,0.20,12.688
1912,9,-5.00,0.22,6.892
1912,10,-2.28,0.16,4.516
1912,11,-3.35,0.30,-1.635
1912,12,1.13,0.31,-1.413
1913,1,-0.18,0.26,-4.201
1913,2,-0.95,0.47,-3.155
1913,3,2.13,0.24,3.529
1913,4,-0.01,0.35,5.748
1913,5,-0.27,0.29,10.232
1913,6,-0.64,0.32,13.391
1913,7,-3.05,0.24,12.451
1913,8,-1.81,0.19,13.183
1913,9,-0.88,0.25,11.007
1913,10,0.78,0.43,7.577
1913,11,1.70,0.38,3.413
1913,12,0.73,0.47,-1.806
1914,1,-3.34,0.46,-7.355
1914,2,-0.07,0.42,-2.28
1914,3,0.95,0.18,2.353
1914,4,1.49,0.26,7.251
1914,5,-0.92,0.16,9.584
1914,6,-1.36,0.18,12.673
1914,7,-1.04,0.22,14.46
1914,8,0.04,0.28,15.033
1914,9,-1.46,0.21,10.43
1914,10,-0.87,0.25,5.927
1914,11,-0.95,0.29,0.764
1914,12,1.66,0.50,-0.88
1915,1,1.17,0.36,-2.848
1915,2,0.10,0.19,-2.108
1915,3,-1.17,0.29,0.235
1915,4,-0.37,0.16,5.386
1915,5,1.66,0.30,12.162
1915,6,1.61,0.30,15.642
1915,7,-0.61,0.29,14.895
1915,8,-1.71,0.31,13.282
1915,9,-2.17,0.25,9.716
1915,10,-2.50,0.38,4.304
1915,11,-2.95,0.36,-1.239
1915,12,3.23,0.49,0.693
1916,1,3.92,0.50,-0.103
1916,2,0.64,0.44,-1.568
1916,3,2.32,0.29,3.722
1916,4,0.21,0.25,5.969
1916,5,0.97,0.26,11.469
1916,6,-1.84,0.13,12.19
1916,7,-0.50,0.32,15.003
1916,8,-0.68,0.23,14.306
1916,9,-2.19,0.31,9.699
1916,10,-0.80,0.30,6.004
1916,11,0.87,0.42,2.58
1916,12,2.20,0.61,-0.337
1917,1,-0.73,0.78,-4.75
1917,2,-3.89,0.62,-6.098
1917,3,-2.22,0.19,-0.822
1917,4,-3.02,0.27,2.741
1917,5,2.18,0.25,12.682
1917,6,2.17,0.32,16.2
1917,7,0.42,0.35,15.924
1917,8,0.43,0.22,15.417
1917,9,1.25,0.35,13.14
1917,10,-1.13,0.41,5.669
1917,11,-0.53,0.56,1.176
1917,12,-2.72,0.47,-5.257
1918,1,1.06,0.44,-2.959
1918,2,0.38,0.24,-1.835
1918,3,0.76,0.14,2.158
1918,4,1.79,0.31,7.549
1918,5,1.05,0.23,11.553
1918,6,-2.57,0.22,11.459
1918,7,-0.69,0.18,14.806
1918,8,-0.83,0.24,14.158
1918,9,0.27,0.31,12.16
1918,10,-0.91,0.29,5.886
1918,11,-0.99,0.37,0.719
1918,12,2.11,0.65,-0.426
1919,1,2.60,0.36,-1.42
1919,2,-0.95,0.36,-3.164
1919,3,0.35,0.23,1.753
1919,4,-2.18,0.16,3.584
1919,5,-2.50,0.33,7.999
1919,6,-0.67,0.18,13.363
1919,7,-2.55,0.31,12.948
1919,8,0.19,0.26,15.176
1919,9,1.14,0.31,13.034
1919,10,-2.61,0.50,4.191
1919,11,-2.28,0.34,-0.568
1919,12,-0.09,0.65,-2.632
1920,1,3.43,0.52,-0.587
1920,2,1.85,0.56,-0.358
1920,3,2.46,0.37,3.855
1920,4,2.09,0.37,7.846
1920,5,2.48,0.16,12.98
1920,6,-1.14,0.33,12.89
1920,7,0.47,0.23,15.973
1920,8,-1.53,0.23,13.462
1920,9,0.04,0.26,11.933
1920,10,-1.34,0.35,5.463
1920,11,-2.85,0.41,-1.144
1920,12,0.67,0.21,-1.868
1921,1,4.58,0.52,0.555
1921,2,0.52,0.40,-1.686
1921,3,1.68,0.32,3.078
1921,4,-1.01,0.19,4.751
1921,5,1.88,0.28,12.38
1921,6,-1.02,0.26,13.015
1921,7,1.70,0.18,17.195
1921,8,0.85,0.25,15.837
1921,9,0.03,0.22,11.915
1921,10,1.46,0.25,8.259
1921,11,-2.97,0.30,-1.261
1921,12,-0.31,0.53,-2.85
1922,1,-0.99,0.51,-5.014
1922,2,-1.59,0.35,-3.798
1922,3,1.17,0.30,2.566
1922,4,-1.35,0.30,4.408
1922,5,1.12,0.19,11.617
1922,6,0.46,0.22,14.492
1922,7,-0.55,0.31,14.946
1922,8,-0.06,0.26,14.929
1922,9,-2.17,0.27,9.725
1922,10,-2.41,0.29,4.395
1922,11,-2.18,0.42,-0.47
1922,12,0.54,0.53,-1.998
1923,1,1.41,0.60,-2.609
1923,2,0.87,0.43,-1.342
1923,3,0.87,0.37,2.266
1923,4,-0.61,0.25,5.146
1923,5,1.01,0.27,11.512
1923,6,-3.43,0.41,10.604
1923,7,1.35,0.40,16.847
1923,8,0.33,0.19,15.316
1923,9,-0.60,0.29,11.289
1923,10,1.87,0.26,8.669
1923,11,0.31,0.36,2.015
1923,12,-0.87,0.46,-3.414
1924,1,-1.42,0.35,-5.443
1924,2,-2.51,0.40,-4.721
1924,3,-1.14,0.35,0.26
1924,4,-0.49,0.27,5.267
1924,5,1.85,0.23,12.348
1924,6,-0.39,0.27,13.64
1924,7,-0.14,0.16,15.362
1924,8,-2.39,0.20,12.597
1924,9,0.39,0.25,12.278
1924,10,0.00,0.36,6.798
1924,11,-0.85,0.53,0.859
1924,12,0.07,0.42,-2.466
1925,1,1.86,0.35,-2.162
1925,2,2.72,0.58,0.505
1925,3,-1.95,0.33,-0.55
1925,4,0.18,0.33,5.937
1925,5,1.02,0.32,11.517
1925,6,-0.71,0.40,13.324
1925,7,-0.14,0.31,15.364
1925,8,-0.43,0.30,14.561
1925,9,-2.25,0.28,9.639
1925,10,-0.19,0.22,6.61
1925,11,-0.96,0.40,0.749
1925,12,-1.63,0.40,-4.17
1926,1,0.20,0.31,-3.819
1926,2,4.20,0.24,1.99
1926,3,0.39,0.25,1.789
1926,4,1.55,0.30,7.306
1926,5,-0.92,0.33,9.58
1926,6,-2.14,0.28,11.887
1926,7,-0.70,0.32,14.8
1926,8,-0.82,0.26,14.169
1926,9,1.19,0.24,13.082
1926,10,0.22,0.40,7.023
1926,11,3.85,0.65,5.564
1926,12,0.01,0.39,-2.529
1927,1,2.00,0.45,-2.023
1927,2,-0.58,0.32,-2.789
1927,3,1.85,0.28,3.249
1927,4,0.03,0.27,5.787
1927,5,0.00,0.25,10.496
1927,6,0.63,0.25,14.659
1927,7,0.72,0.20,16.218
1927,8,0.11,0.23,15.102
1927,9,0.29,0.27,12.182
1927,10,-0.56,0.28,6.242
1927,11,0.18,0.25,1.887
1927,12,-1.74,0.51,-4.284
1928,1,1.71,0.28,-2.311
1928,2,1.19,0.37,-1.016
1928,3,-0.36,0.34,1.037
1928,4,0.66,0.19,6.421
1928,5,-2.27,0.31,8.232
1928,6,-0.50,0.24,13.535
1928,7,2.66,0.30,18.161
1928,8,1.13,0.26,16.117
1928,9,-0.40,0.27,11.489
1928,10,0.05,0.28,6.852
1928,11,1.81,0.55,3.52
1928,12,-1.30,0.54,-3.839
1929,1,-3.95,0.33,-7.971
1929,2,-8.50,0.69,-10.709
1929,3,-1.24,0.45,0.161
1929,4,-2.59,0.27,3.175
1929,5,1.15,0.32,11.652
1929,6,0.04,0.20,14.074
1929,7,0.97,0.32,16.47
1929,8,0.86,0.25,15.846
1929,9,1.33,0.18,13.22
1929,10,0.90,0.34,7.7
1929,11,0.97,0.37,2.68
1929,12,2.15,0.56,-0.389
1930,1,1.97,0.36,-2.051
1930,2,-1.12,0.48,-3.329
1930,3,1.65,0.33,3.054
1930,4,0.94,0.18,6.695
1930,5,-0.49,0.28,10.011
1930,6,2.55,0.24,16.578
1930,7,-0.31,0.19,15.192
1930,8,-0.64,0.25,14.348
1930,9,0.18,0.34,12.073
1930,10,-0.57,0.25,6.227
1930,11,1.79,0.44,3.504
1930,12,-0.13,0.54,-2.668
1931,1,0.58,0.47,-3.444
1931,2,-1.16,0.46,-3.366
1931,3,-3.17,0.26,-1.771
1931,4,-1.93,0.20,3.826
1931,5,2.84,0.31,13.342
1931,6,1.80,0.15,15.826
1931,7,0.44,0.27,15.941
1931,8,-0.93,0.23,14.058
1931,9,-3.82,0.29,8.073
1931,10,-1.40,0.34,5.404
1931,11,0.21,0.39,1.924
1931,12,-1.44,0.31,-3.979
1932,1,1.61,0.58,-2.41
1932,2,-4.16,0.33,-6.369
1932,3,-3.23,0.38,-1.825
1932,4,-0.62,0.33,5.145
1932,5,0.49,0.24,10.993
1932,6,-1.10,0.23,12.93
1932,7,0.97,0.30,16.472
1932,8,2.19,0.39,17.179
1932,9,3.18,0.16,15.067
1932,10,-0.05,0.37,6.746
1932,11,0.28,0.26,1.991
1932,12,0.52,0.62,-2.02
1933,1,-1.99,0.43,-6.006
1933,2,-0.51,0.34,-2.722
1933,3,0.77,0.30,2.169
1933,4,-0.99,0.29,4.77
1933,5,-1.37,0.30,9.132
1933,6,-2.34,0.26,11.688
1933,7,0.46,0.30,15.963
1933,8,0.33,0.23,15.321
1933,9,-0.27,0.17,11.617
1933,10,-0.13,0.38,6.67
1933,11,-0.88,0.32,0.828
1933,12,-4.16,0.47,-6.703
1934,1,0.41,0.28,-3.611
1934,2,-0.23,0.37,-2.435
1934,3,1.74,0.32,3.139
1934,4,2.77,0.19,8.533
1934,5,1.79,0.25,12.286
1934,6,-0.25,0.29,13.777
1934,7,1.06,0.26,16.563
1934,8,-0.13,0.25,14.858
1934,9,1.41,0.31,13.301
1934,10,-0.11,0.30,6.686
1934,11,0.57,0.35,2.275
1934,12,4.39,0.32,1.85
1935,1,-1.74,0.40,-5.764
1935,2,0.21,0.19,-2.005
1935,3,-1.59,0.39,-0.193
1935,4,-0.70,0.21,5.065
1935,5,-1.61,0.29,8.889
1935,6,2.02,0.27,16.054
1935,7,0.72,0.27,16.22
1935,8,-0.24,0.21,14.753
1935,9,0.00,0.28,11.892
1935,10,0.94,0.28,7.739
1935,11,0.64,0.25,2.349
1935,12,-0.41,0.32,-2.946
1936,1,3.78,0.36,-0.239
1936,2,0.32,0.32,-1.895
1936,3,2.36,0.29,3.763
1936,4,0.29,0.14,6.05
1936,5,0.53,0.31,11.029
1936,6,-0.24,0.27,13.79
1936,7,0.48,0.31,15.975
1936,8,-0.83,0.17,14.156
1936,9,-0.33,0.16,11.561
1936,10,-3.60,0.19,3.197
1936,11,-0.58,0.29,1.132
1936,12,0.15,0.44,-2.393
1937,1,-0.54,0.33,-4.556
1937,2,1.40,0.18,-0.811
1937,3,0.59,0.32,1.99
1937,4,-0.44,0.36,5.323
1937,5,2.27,0.36,12.773
1937,6,1.30,0.28,15.33
1937,7,0.19,0.22,15.69
1937,8,-0.30,0.32,14.688
1937,9,-0.40,0.33,11.49
1937,10,0.67,0.38,7.471
1937,11,-0.57,0.33,1.139
1937,12,-1.07,0.38,-3.607
1938,1,0.76,0.37,-3.262
1938,2,-0.34,0.50,-2.554
1938,3,2.81,0.36,4.206
1938,4,-3.25,0.41,2.507
1938,5,-1.30,0.23,9.205
1938,6,1.48,0.20,15.511
1938,7,0.18,0.34,15.678
1938,8,0.16,0.24,15.153
1938,9,-0.49,0.24,11.397
1938,10,0.65,0.16,7.448
1938,11,1.72,0.32,3.427
1938,12,-1.77,0.39,-4.306
1939,1,2.09,0.41,-1.928
1939,2,0.96,0.47,-1.255
1939,3,-2.72,0.34,-1.323
1939,4,2.40,0.30,8.164
1939,5,-1.51,0.23,8.988
1939,6,0.43,0.31,14.458
1939,7,0.18,0.33,15.684
1939,8,0.58,0.32,15.569
1939,9,-0.66,0.29,11.228
1939,10,-1.47,0.22,5.331
1939,11,0.86,0.23,2.571
1939,12,-2.39,0.30,-4.932
1940,1,-6.10,0.66,-10.116
1940,2,-3.91,0.52,-6.123
1940,3,-1.23,0.28,0.167
1940,4,0.36,0.22,6.116
1940,5,-0.86,0.21,9.642
1940,6,-0.10,0.28,13.935
1940,7,-0.70,0.27,14.803
1940,8,-2.06,0.28,12.928
1940,9,-0.26,0.14,11.632
1940,10,-0.25,0.24,6.553
1940,11,1.35,0.36,3.064
1940,12,-5.01,0.47,-7.552
1941,1,-2.58,0.46,-6.596
1941,2,-0.10,0.21,-2.312
1941,3,0.40,0.12,1.801
1941,4,-1.39,0.23,4.373
1941,5,-2.60,0.16,7.904
1941,6,0.24,0.17,14.271
1941,7,0.35,0.18,15.854
1941,8,-0.95,0.18,14.038
1941,9,-1.69,0.14,10.199
1941,10,-1.02,0.30,5.784
1941,11,-2.44,0.29,-0.73
1941,12,-0.32,0.27,-2.855
1942,1,-6.63,0.41,-10.647
1942,2,-4.16,0.44,-6.373
1942,3,-0.60,0.52,0.799
1942,4,-0.77,0.28,4.991
1942,5,0.52,0.13,11.021
1942,6,-0.23,0.27,13.797
1942,7,-0.52,0.19,14.977
1942,8,0.61,0.24,15.604
1942,9,2.93,0.17,14.824
1942,10,2.53,0.16,9.327
1942,11,-1.29,0.15,0.416
1942,12,1.23,0.39,-1.313
1943,1,-1.51,0.47,-5.525
1943,2,2.07,0.43,-0.139
1943,3,1.99,0.25,3.394
1943,4,1.34,0.24,7.104
1943,5,0.01,0.18,10.514
1943,6,-1.41,0.26,12.618
1943,7,0.03,0.29,15.529
1943,8,2.10,0.17,17.087
1943,9,1.29,0.19,13.184
1943,10,1.81,0.22,8.606
1943,11,-1.51,0.27,0.203
1943,12,0.56,0.32,-1.978
1944,1,2.99,0.20,-1.035
1944,2,-1.92,0.32,-4.126
1944,3,-3.24,0.27,-1.843
1944,4,0.64,0.37,6.403
1944,5,-0.83,0.32,9.675
1944,6,-1.30,0.30,12.73
1944,7,-0.11,0.31,15.388
1944,8,2.60,0.25,17.593
1944,9,-0.43,0.34,11.456
1944,10,0.05,0.40,6.852
1944,11,-0.85,0.24,0.856
1944,12,-1.56,0.30,-4.096
1945,1,-4.32,0.42,-8.343
1945,2,2.10,0.32,-0.115
1945,3,1.63,0.13,3.026
1945,4,0.98,0.21,6.737
1945,5,1.93,0.34,12.433
1945,6,1.35,0.33,15.378
1945,7,1.36,0.23,16.862
1945,8,0.17,0.29,15.163
1945,9,0.11,0.27,11.998
1945,10,-0.27,0.26,6.528
1945,11,-0.79,0.34,0.925
1945,12,0.66,0.36,-1.883
1946,1,-1.29,0.42,-5.307
1946,2,1.90,0.39,-0.31
1946,3,1.55,0.34,2.947
1946,4,2.90,0.11,8.655
1946,5,2.67,0.17,13.165
1946,6,0.18,0.29,14.206
1946,7,1.48,0.35,16.978
1946,8,0.97,0.35,15.962
1946,9,1.43,0.16,13.315
1946,10,-2.13,0.36,4.669
1946,11,-0.61,0.34,1.105
1946,12,-2.62,0.41,-5.163
1947,1,-4.43,0.32,-8.446
1947,2,-3.49,0.69,-5.697
1947,3,0.55,0.15,1.945
1947,4,2.68,0.16,8.437
1947,5,2.06,0.33,12.563
1947,6,1.70,0.27,15.73
1947,7,1.84,0.23,17.338
1947,8,1.31,0.18,16.299
1947,9,3.02,0.20,14.913
1947,10,-0.97,0.40,5.828
1947,11,1.67,0.34,3.381
1947,12,0.59,0.56,-1.95
1948,1,4.00,0.29,-0.016
1948,2,-0.25,0.41,-2.462
1948,3,2.06,0.23,3.463
1948,4,1.73,0.26,7.492
1948,5,2.08,0.23,12.577
1948,6,-0.92,0.23,13.108
1948,7,-1.68,0.26,13.822
1948,8,0.28,0.20,15.268
1948,9,0.64,0.15,12.534
1948,10,0.56,0.10,7.36
1948,11,0.36,0.24,2.065
1948,12,-1.07,0.51,-3.606
1949,1,2.03,0.21,-1.995
1949,2,0.77,0.30,-1.442
1949,3,-1.99,0.20,-0.585
1949,4,2.67,0.11,8.43
1949,5,0.33,0.22,10.831
1949,6,-1.20,0.20,12.835
1949,7,0.24,0.30,15.737
1949,8,-0.16,0.19,14.835
1949,9,2.01,0.11,13.897
1949,10,1.57,0.14,8.372
1949,11,0.22,0.25,1.93
1949,12,1.83,0.18,-0.709
1950,1,-0.94,0.25,-4.962
1950,2,1.73,0.29,-0.478
1950,3,1.91,0.21,3.306
1950,4,-0.11,0.16,5.655
1950,5,2.28,0.14,12.776
1950,6,2.33,0.26,16.355
1950,7,2.34,0.26,17.843
1950,8,1.28,0.21,16.27
1950,9,0.00,0.23,11.888
1950,10,-1.11,0.21,5.691
1950,11,0.11,0.19,1.82
1950,12,-0.84,0.30,-3.377
1951,1,2.12,0.29,-1.901
1951,2,1.94,0.31,-0.267
1951,3,-0.71,0.17,0.687
1951,4,0.00,0.21,5.763
1951,5,-0.11,0.22,10.391
1951,6,0.22,0.29,14.246
1951,7,0.25,0.39,15.751
1951,8,1.32,0.23,16.313
1951,9,1.56,0.35,13.446
1951,10,-0.96,0.41,5.844
1951,11,2.48,0.33,4.185
1951,12,1.15,0.36,-1.386
1952,1,-0.08,0.26,-4.104
1952,2,-1.22,0.36,-3.43
1952,3,-1.23,0.18,0.172
1952,4,2.91,0.16,8.673
1952,5,-0.15,0.18,10.347
1952,6,0.56,0.22,14.586
1952,7,2.14,0.21,17.64
1952,8,1.97,0.31,16.964
1952,9,-2.54,0.17,9.346
1952,10,-1.09,0.24,5.713
1952,11,-1.93,0.21,-0.22
1952,12,-1.10,0.27,-3.643
1953,1,-0.60,0.30,-4.617
1953,2,-0.75,0.25,-2.96
1953,3,0.79,0.22,2.193
1953,4,1.47,0.18,7.228
1953,5,0.36,0.26,10.862
1953,6,0.20,0.17,14.23
1953,7,1.05,0.19,16.549
1953,8,-0.54,0.16,14.446
1953,9,0.98,0.11,12.865
1953,10,2.10,0.17,8.901
1953,11,-0.64,0.31,1.072
1953,12,1.26,0.42,-1.277
1954,1,-3.26,0.38,-7.284
1954,2,-4.30,0.39,-6.508
1954,3,1.32,0.21,2.724
1954,4,-1.64,0.37,4.123
1954,5,-0.77,0.22,9.732
1954,6,0.89,0.32,14.924
1954,7,-2.01,0.25,13.49
1954,8,-0.39,0.29,14.604
1954,9,0.89,0.25,12.783
1954,10,-0.08,0.18,6.717
1954,11,-0.60,0.23,1.113
1954,12,2.61,0.33,0.065
1955,1,0.21,0.36,-3.809
1955,2,-0.78,0.21,-2.994
1955,3,-2.48,0.24,-1.083
1955,4,-1.23,0.18,4.532
1955,5,-1.07,0.34,9.428
1955,6,-0.65,0.25,13.381
1955,7,0.03,0.20,15.53
1955,8,-0.60,0.34,14.387
1955,9,-0.14,0.21,11.751
1955,10,-0.61,0.23,6.19
1955,11,-0.72,0.18,0.991
1955,12,2.42,0.22,-0.12
1956,1,1.49,0.42,-2.526
1956,2,-9.08,0.51,-11.286
1956,3,-1.56,0.33,-0.158
1956,4,-1.09,0.36,4.673
1956,5,0.16,0.36,10.656
1956,6,-1.79,0.44,12.244
1956,7,0.47,0.21,15.971
1956,8,-0.31,0.27,14.676
1956,9,1.09,0.22,12.984
1956,10,-0.67,0.29,6.13
1956,11,-2.40,0.39,-0.685
1956,12,0.09,0.25,-2.449
1957,1,-0.23,0.39,-4.247
1957,2,3.26,0.17,1.048
1957,3,2.85,0.19,4.251
1957,4,-0.06,0.14,5.7
1957,5,-2.43,0.26,8.075
1957,6,1.62,0.23,15.652
1957,7,0.53,0.35,16.029
1957,8,-1.04,0.27,13.955
1957,9,-1.05,0.44,10.845
1957,10,-0.06,0.12,6.743
1957,11,1.10,0.51,2.812
1957,12,0.47,0.38,-2.074
1958,1,-0.10,0.27,-4.116
1958,2,1.99,0.46,-0.219
1958,3,-3.99,0.27,-2.588
1958,4,-2.12,0.19,3.643
1958,5,3.38,0.31,13.884
1958,6,-0.65,0.20,13.378
1958,7,0.74,0.36,16.238
1958,8,0.79,0.28,15.784
1958,9,0.81,0.16,12.702
1958,10,0.22,0.23,7.02
1958,11,0.93,0.31,2.642
1958,12,1.44,0.31,-1.096
1959,1,0.69,0.25,-3.335
1959,2,-0.40,0.68,-2.614
1959,3,3.03,0.36,4.429
1959,4,1.29,0.31,7.049
1959,5,0.24,0.13,10.74
1959,6,-0.28,0.17,13.753
1959,7,1.27,0.31,16.766
1959,8,-0.07,0.26,14.924
1959,9,-0.56,0.34,11.334
1959,10,-0.59,0.34,6.206
1959,11,-0.08,0.30,1.631
1959,12,2.10,0.23,-0.441
1960,1,-0.08,0.30,-4.103
1960,2,-0.34,0.47,-2.546
1960,3,0.98,0.24,2.375
1960,4,0.11,0.25,5.87
1960,5,0.41,0.23,10.905
1960,6,0.58,0.32,14.609
1960,7,-1.46,0.17,14.044
1960,8,-0.01,0.27,14.983
1960,9,-1.10,0.24,10.791
1960,10,0.66,0.25,7.46
1960,11,1.57,0.28,3.284
1960,12,1.14,0.41,-1.401
1961,1,-0.86,0.17,-4.877
1961,2,2.91,0.24,0.701
1961,3,2.59,0.21,3.987
1961,4,3.71,0.17,9.468
1961,5,-1.26,0.31,9.237
1961,6,0.94,0.21,14.972
1961,7,-1.19,0.23,14.31
1961,8,0.02,0.29,15.014
1961,9,2.73,0.17,14.619
1961,10,1.53,0.31,8.332
1961,11,0.09,0.20,1.798
1961,12,-1.18,0.41,-3.719
1962,1,1.17,0.21,-2.85
1962,2,-0.67,0.38,-2.882
1962,3,-3.06,0.27,-1.658
1962,4,0.69,0.23,6.453
1962,5,-1.67,0.23,8.835
1962,6,-1.84,0.47,12.191
1962,7,-1.29,0.15,14.209
1962,8,1.31,0.26,16.303
1962,9,-0.72,0.36,11.167
1962,10,0.17,0.31,6.972
1962,11,-0.91,0.25,0.798
1962,12,-4.20,0.45,-6.737
1963,1,-4.95,0.46,-8.97
1963,2,-5.24,0.64,-7.453
1963,3,-1.52,0.33,-0.117
1963,4,1.41,0.32,7.173
1963,5,-0.09,0.19,10.414
1963,6,0.70,0.19,14.726
1963,7,1.22,0.31,16.717
1963,8,0.25,0.15,15.237
1963,9,1.15,0.36,13.035
1963,10,-0.15,0.27,6.646
1963,11,3.54,0.25,5.245
1963,12,-3.71,0.58,-6.247
1964,1,-3.33,0.64,-7.35
1964,2,0.19,0.38,-2.023
1964,3,-2.05,0.40,-0.645
1964,4,1.42,0.20,7.178
1964,5,0.92,0.15,11.419
1964,6,1.91,0.23,15.94
1964,7,0.83,0.43,16.333
1964,8,-0.58,0.27,14.409
1964,9,0.09,0.32,11.977
1964,10,-1.30,0.26,5.501
1964,11,1.56,0.22,3.272
1964,12,-0.54,0.26,-3.078
1965,1,1.64,0.21,-2.384
1965,2,-3.71,0.35,-5.921
1965,3,-0.71,0.30,0.691
1965,4,-1.10,0.23,4.664
1965,5,-1.30,0.29,9.2
1965,6,0.14,0.33,14.171
1965,7,-0.81,0.30,14.688
1965,8,-1.42,0.11,13.575
1965,9,-0.31,0.33,11.581
1965,10,-0.43,0.48,6.368
1965,11,-1.51,0.29,0.2
1965,12,1.16,0.35,-1.382
1966,1,-2.26,0.21,-6.284
1966,2,5.17,0.22,2.957
1966,3,-0.35,0.27,1.051
1966,4,2.18,0.32,7.943
1966,5,0.42,0.31,10.915
1966,6,0.82,0.31,14.848
1966,7,-1.06,0.23,14.444
1966,8,-1.09,0.20,13.903
1966,9,0.71,0.29,12.602
1966,10,3.48,0.13,10.283
1966,11,-1.70,0.34,0.012
1966,12,0.41,0.39,-2.131
1967,1,0.30,0.23,-3.721
1967,2,1.26,0.26,-0.954
1967,3,1.59,0.30,2.993
1967,4,-0.73,0.30,5.027
1967,5,0.55,0.31,11.05
1967,6,-0.55,0.19,13.477
1967,7,1.81,0.29,17.314
1967,8,0.30,0.22,15.287
1967,9,0.52,0.23,12.414
1967,10,2.18,0.34,8.981
1967,11,0.44,0.29,2.152
1967,12,-0.84,0.29,-3.384
1968,1,-1.02,0.22,-5.04
1968,2,1.31,0.17,-0.902
1968,3,0.62,0.35,2.019
1968,4,1.91,0.21,7.671
1968,5,0.24,0.26,10.735
1968,6,0.32,0.28,14.354
1968,7,-0.54,0.23,14.964
1968,8,-0.90,0.22,14.092
1968,9,-0.42,0.31,11.472
1968,10,1.04,0.22,7.844
1968,11,0.87,0.26,2.575
1968,12,-2.46,0.36,-4.996
1969,1,0.26,0.21,-3.762
1969,2,-1.76,0.23,-3.974
1969,3,-1.13,0.19,0.27
1969,4,-0.09,0.24,5.67
1969,5,2.41,0.17,12.908
1969,6,-1.27,0.19,12.765
1969,7,0.75,0.28,16.254
1969,8,-0.98,0.30,14.014
1969,9,0.87,0.26,12.759
1969,10,1.10,0.26,7.895
1969,11,1.12,0.29,2.826
1969,12,-4.13,0.28,-6.666
1970,1,0.13,0.19,-3.895
1970,2,-0.78,0.26,-2.987
1970,3,-2.02,0.29,-0.617
1970,4,-1.62,0.42,4.138
1970,5,-1.68,0.17,8.821
1970,6,1.11,0.39,15.144
1970,7,-0.25,0.18,15.253
1970,8,0.33,0.25,15.323
1970,9,0.18,0.22,12.073
1970,10,-0.52,0.28,6.282
1970,11,2.01,0.22,3.717
1970,12,-0.62,0.19,-3.157
1971,1,-0.14,0.39,-4.155
1971,2,0.40,0.25,-1.81
1971,3,-3.01,0.19,-1.607
1971,4,1.47,0.21,7.228
1971,5,1.73,0.22,12.229
1971,6,-1.17,0.18,12.862
1971,7,0.81,0.31,16.31
1971,8,1.96,0.32,16.948
1971,9,-1.82,0.24,10.069
1971,10,-0.24,0.31,6.563
1971,11,-0.46,0.27,1.248
1971,12,2.13,0.29,-0.411
1972,1,-0.33,0.49,-4.349
1972,2,2.35,0.33,0.139
1972,3,2.59,0.35,3.986
1972,4,-0.01,0.18,5.755
1972,5,-0.29,0.12,10.207
1972,6,-0.02,0.35,14.012
1972,7,0.16,0.25,15.658
1972,8,-0.19,0.21,14.804
1972,9,-2.93,0.35,8.958
1972,10,-2.15,0.30,4.648
1972,11,-0.05,0.33,1.657
1972,12,-0.33,0.34,-2.865
1973,1,0.71,0.29,-3.313
1973,2,-0.06,0.26,-2.272
1973,3,-0.50,0.21,0.902
1973,4,-2.17,0.21,3.586
1973,5,1.15,0.19,11.652
1973,6,0.26,0.18,14.29
1973,7,-0.16,0.30,15.336
1973,8,1.29,0.28,16.284
1973,9,0.84,0.17,12.732
1973,10,-1.49,0.26,5.31
1973,11,-1.21,0.18,0.504
1973,12,-0.55,0.17,-3.093
1974,1,3.29,0.35,-0.733
1974,2,3.25,0.27,1.043
1974,3,2.70,0.29,4.102
1974,4,-0.29,0.24,5.472
1974,5,-0.72,0.29,9.782
1974,6,-1.82,0.26,12.212
1974,7,-0.58,0.17,14.917
1974,8,1.69,0.23,16.681
1974,9,-0.08,0.38,11.812
1974,10,-3.87,0.27,2.935
1974,11,0.07,0.25,1.778
1974,12,2.83,0.27,0.293
1975,1,4.21,0.23,0.189
1975,2,0.72,0.10,-1.49
1975,3,0.67,0.23,2.07
1975,4,-0.57,0.19,5.186
1975,5,1.18,0.27,11.683
1975,6,-1.25,0.31,12.781
1975,7,0.37,0.20,15.871
1975,8,0.56,0.42,15.547
1975,9,2.57,0.24,14.462
1975,10,-0.46,0.22,6.336
1975,11,-1.27,0.09,0.443
1975,12,-0.16,0.20,-2.695
1976,1,2.18,0.40,-1.839
1976,2,0.47,0.33,-1.737
1976,3,-1.91,0.37,-0.512
1976,4,0.02,0.22,5.778
1976,5,0.60,0.34,11.104
1976,6,0.85,0.29,14.879
1976,7,1.26,0.59,16.761
1976,8,-2.02,0.50,12.968
1976,9,-1.37,0.18,10.522
1976,10,1.42,0.42,8.217
1976,11,0.94,0.30,2.645
1976,12,-1.65,0.29,-4.192
1977,1,1.42,0.20,-2.599
1977,2,2.78,0.25,0.57
1977,3,3.54,0.22,4.938
1977,4,-1.23,0.10,4.527
1977,5,0.32,0.38,10.819
1977,6,0.48,0.19,14.506
1977,7,-0.14,0.18,15.358
1977,8,-0.55,0.18,14.436
1977,9,-1.63,0.26,10.262
1977,10,1.57,0.34,8.369
1977,11,0.53,0.30,2.235
1977,12,0.05,0.34,-2.488
1978,1,1.15,0.33,-2.875
1978,2,-1.24,0.23,-3.447
1978,3,1.26,0.17,2.658
1978,4,-0.93,0.20,4.828
1978,5,-1.23,0.14,9.274
1978,6,-0.89,0.11,13.138
1978,7,-1.37,0.45,14.13
1978,8,-1.16,0.26,13.831
1978,9,-0.73,0.22,11.16
1978,10,-0.02,0.16,6.781
1978,11,-1.57,0.21,0.142
1978,12,0.17,0.21,-2.366
1979,1,-2.21,0.22,-6.233
1979,2,0.42,0.45,-1.79
1979,3,1.47,0.18,2.874
1979,4,-1.38,0.19,4.379
1979,5,0.60,0.41,11.1
1979,6,1.44,0.28,15.473
1979,7,-1.42,0.17,14.078
1979,8,-0.79,0.28,14.203
1979,9,0.12,0.20,12.012
1979,10,-0.03,0.36,6.77
1979,11,-0.60,0.39,1.112
1979,12,3.08,0.35,0.539
1980,1,-1.50,0.23,-5.517
1980,2,1.92,0.36,-0.29
1980,3,0.21,0.41,1.613
1980,4,-2.34,0.37,3.419
1980,5,-1.91,0.20,8.594
1980,6,-0.88,0.27,13.154
1980,7,-1.41,0.15,14.086
1980,8,0.82,0.49,15.807
1980,9,0.27,0.14,12.164
1980,10,-0.76,0.15,6.045
1980,11,-1.60,0.26,0.113
1980,12,-1.07,0.36,-3.605
1981,1,-1.76,0.27,-5.779
1981,2,-1.02,0.19,-3.228
1981,3,3.05,0.30,4.447
1981,4,0.81,0.18,6.568
1981,5,0.49,0.20,10.99
1981,6,0.62,0.18,14.649
1981,7,-0.58,0.07,14.916
1981,8,0.43,0.18,15.421
1981,9,0.73,0.20,12.619
1981,10,0.47,0.23,7.273
1981,11,-0.08,0.34,1.634
1981,12,-1.16,0.16,-3.699
1982,1,-0.95,0.25,-4.967
1982,2,-1.34,0.20,-3.553
1982,3,0.31,0.19,1.707
1982,4,-1.60,0.15,4.162
1982,5,0.70,0.20,11.199
1982,6,0.98,0.17,15.009
1982,7,1.51,0.19,17.01
1982,8,0.75,0.20,15.74
1982,9,2.63,0.20,14.515
1982,10,0.78,0.18,7.575
1982,11,1.39,0.36,3.095
1982,12,1.98,0.29,-0.556
1983,1,4.24,0.24,0.223
1983,2,-2.57,0.17,-4.776
1983,3,1.47,0.13,2.87
1983,4,1.85,0.13,7.607
1983,5,0.73,0.18,11.225
1983,6,0.35,0.20,14.376
1983,7,3.46,0.20,18.961
1983,8,1.06,0.15,16.054
1983,9,0.46,0.27,12.348
1983,10,0.46,0.25,7.262
1983,11,-1.60,0.30,0.114
1983,12,-0.06,0.20,-2.597
1984,1,1.04,0.43,-2.98
1984,2,-1.24,0.21,-3.452
1984,3,-1.27,0.15,0.13
1984,4,-0.98,0.26,4.78
1984,5,-0.95,0.15,9.552
1984,6,-0.91,0.31,13.121
1984,7,-0.78,0.17,14.717
1984,8,-0.12,0.15,14.866
1984,9,-0.82,0.26,11.07
1984,10,1.23,0.31,8.031
1984,11,1.07,0.36,2.777
1984,12,0.54,0.25,-2.005
1985,1,-4.34,0.31,-8.355
1985,2,-2.59,0.56,-4.795
1985,3,-0.62,0.25,0.779
1985,4,0.06,0.25,5.823
1985,5,1.26,0.25,11.755
1985,6,-1.63,0.24,12.404
1985,7,1.20,0.14,16.696
1985,8,0.61,0.07,15.602
1985,9,0.94,0.33,12.826
1985,10,-0.03,0.39,6.771
1985,11,-2.73,0.27,-1.019
1985,12,3.02,0.40,0.475
1986,1,0.65,0.32,-3.367
1986,2,-5.27,0.33,-7.481
1986,3,-0.73,0.33,0.668
1986,4,0.75,0.25,6.505
1986,5,2.84,0.21,13.339
1986,6,-0.18,0.25,13.852
1986,7,-0.21,0.21,15.293
1986,8,0.88,0.21,15.871
1986,9,-0.22,0.27,11.667
1986,10,0.72,0.26,7.521
1986,11,0.68,0.24,2.386
1986,12,-0.23,0.27,-2.77
1987,1,-3.22,0.21,-7.235
1987,2,-0.10,0.33,-2.307
1987,3,-4.45,0.19,-3.054
1987,4,0.89,0.11,6.645
1987,5,-1.71,0.25,8.795
1987,6,-0.48,0.15,13.552
1987,7,1.31,0.30,16.811
1987,8,-0.43,0.24,14.562
1987,9,2.72,0.14,14.608
1987,10,1.31,0.32,8.108
1987,11,0.50,0.22,2.21
1987,12,1.75,0.25,-0.787
1988,1,3.83,0.17,-0.193
1988,2,1.15,0.27,-1.063
1988,3,-1.06,0.30,0.336
1988,4,0.63,0.11,6.392
1988,5,1.57,0.21,12.074
1988,6,-0.41,0.25,13.623
1988,7,1.39,0.14,16.886
1988,8,1.03,0.27,16.016
1988,9,-0.03,0.20,11.856
1988,10,1.53,0.45,8.329
1988,11,-2.71,0.24,-0.995
1988,12,1.63,0.30,-0.915
1989,1,2.12,0.47,-1.899
1989,2,3.26,0.28,1.046
1989,3,3.61,0.25,5.014
1989,4,1.00,0.27,6.764
1989,5,0.52,0.28,11.023
1989,6,-1.35,0.26,12.68
1989,7,0.67,0.12,16.174
1989,8,0.56,0.13,15.551
1989,9,0.25,0.10,12.136
1989,10,0.90,0.25,7.696
1989,11,-1.31,0.21,0.4
1989,12,1.39,0.43,-1.147
1990,1,1.34,0.41,-2.677
1990,2,4.58,0.34,2.369
1990,3,3.55,0.20,4.953
1990,4,-0.54,0.16,5.225
1990,5,1.62,0.16,12.119
1990,6,-0.20,0.17,13.833
1990,7,0.04,0.15,15.54
1990,8,1.37,0.22,16.364
1990,9,-1.55,0.42,10.341
1990,10,1.32,0.26,8.119
1990,11,0.13,0.27,1.835
1990,12,-0.95,0.21,-3.491
1991,1,1.46,0.20,-2.564
1991,2,-2.56,0.28,-4.774
1991,3,3.00,0.33,4.404
1991,4,-0.87,0.20,4.89
1991,5,-2.92,0.24,7.583
1991,6,-0.52,0.15,13.51
1991,7,1.68,0.17,17.182
1991,8,1.31,0.18,16.303
1991,9,1.65,0.22,13.543
1991,10,-0.89,0.20,5.909
1991,11,-0.39,0.22,1.321
1991,12,-1.38,0.36,-3.915
1992,1,1.92,0.41,-2.1
1992,2,1.96,0.20,-0.255
1992,3,0.98,0.21,2.384
1992,4,0.28,0.20,6.036
1992,5,1.75,0.22,12.248
1992,6,0.96,0.19,14.986
1992,7,1.83,0.19,17.328
1992,8,4.69,0.20,19.677
1992,9,0.73,0.20,12.618
1992,10,-1.37,0.20,5.431
1992,11,1.15,0.20,2.856
1992,12,0.00,0.35,-2.54
1993,1,2.92,0.28,-1.105
1993,2,-0.75,0.32,-2.958
1993,3,-0.65,0.15,0.753
1993,4,1.51,0.14,7.267
1993,5,2.89,0.21,13.387
1993,6,0.74,0.12,14.769
1993,7,-0.40,0.19,15.102
1993,8,0.99,0.18,15.982
1993,9,-0.42,0.26,11.473
1993,10,0.58,0.23,7.384
1993,11,-2.53,0.33,-0.821
1993,12,1.60,0.26,-0.938
1994,1,3.89,0.28,-0.134
1994,2,0.61,0.19,-1.603
1994,3,4.11,0.18,5.509
1994,4,0.04,0.14,5.795
1994,5,1.02,0.19,11.518
1994,6,1.11,0.27,15.142
1994,7,3.43,0.13,18.933
1994,8,2.58,0.14,17.567
1994,9,1.39,0.18,13.275
1994,10,-0.95,0.17,5.85
1994,11,3.17,0.21,4.884
1994,12,1.87,0.20,-0.674
1995,1,0.15,0.22,-3.867
1995,2,3.78,0.25,1.566
1995,3,-0.60,0.13,0.796
1995,4,1.00,0.14,6.755
1995,5,0.69,0.26,11.187
1995,6,-1.10,0.19,12.926
1995,7,3.14,0.20,18.637
1995,8,0.30,0.11,15.285
1995,9,-1.24,0.21,10.655
1995,10,2.45,0.28,9.249
1995,11,-1.60,0.33,0.106
1995,12,-0.63,0.17,-3.171
1996,1,0.03,0.29,-3.995
1996,2,-2.52,0.25,-4.731
1996,3,-2.53,0.27,-1.131
1996,4,0.71,0.20,6.471
1996,5,1.24,0.14,11.736
1996,6,1.40,0.22,15.429
1996,7,-0.67,0.14,14.831
1996,8,0.16,0.11,15.147
1996,9,-3.03,0.17,8.858
1996,10,0.45,0.22,7.247
1996,11,1.33,0.25,3.038
1996,12,-2.01,0.30,-4.546
1997,1,0.13,0.47,-3.895
1997,2,2.82,0.12,0.612
1997,3,1.84,0.13,3.242
1997,4,-1.96,0.18,3.804
1997,5,1.48,0.23,11.977
1997,6,0.72,0.20,14.75
1997,7,-0.39,0.28,15.107
1997,8,1.49,0.07,16.483
1997,9,0.92,0.11,12.811
1997,10,-1.27,0.17,5.535
1997,11,0.58,0.21,2.29
1997,12,1.92,0.29,-0.617
1998,1,2.82,0.27,-1.2
1998,2,3.96,0.24,1.754
1998,3,0.12,0.22,1.522
1998,4,1.33,0.20,7.089
1998,5,1.31,0.22,11.806
1998,6,1.60,0.20,15.628
1998,7,0.94,0.12,16.436
1998,8,1.57,0.17,16.558
1998,9,-0.43,0.18,11.459
1998,10,0.71,0.28,7.509
1998,11,-2.36,0.16,-0.651
1998,12,-0.76,0.23,-3.303
1999,1,1.93,0.31,-2.087
1999,2,-0.91,0.28,-3.12
1999,3,1.93,0.09,3.327
1999,4,1.42,0.20,7.18
1999,5,1.96,0.15,12.456
1999,6,0.20,0.18,14.229
1999,7,1.36,0.17,16.858
1999,8,0.69,0.17,15.677
1999,9,2.64,0.15,14.531
1999,10,0.92,0.28,7.718
1999,11,-1.49,0.08,0.218
1999,12,0.00,0.14,-2.537
2000,1,-0.63,0.22,-4.646
2000,2,2.90,0.17,0.686
2000,3,1.37,0.14,2.768
2000,4,3.15,0.15,8.914
2000,5,2.82,0.18,13.32
2000,6,2.19,0.17,16.215
2000,7,-0.85,0.10,14.655
2000,8,2.44,0.16,17.426
2000,9,0.48,0.16,12.365
2000,10,2.40,0.24,9.195
2000,11,2.39,0.27,4.098
2000,12,2.46,0.22,-0.08
2001,1,1.50,0.21,-2.523
2001,2,2.04,0.33,-0.168
2001,3,2.86,0.16,4.257
2001,4,-0.46,0.19,5.297
2001,5,3.09,0.15,13.587
2001,6,-0.70,0.35,13.332
2001,7,1.33,0.16,16.834
2001,8,2.64,0.17,17.632
2001,9,-1.88,0.19,10.014
2001,10,3.62,0.21,10.422
2001,11,-1.09,0.14,0.62
2001,12,-2.55,0.31,-5.085
2002,1,0.76,0.37,-3.262
2002,2,4.29,0.25,2.075
2002,3,2.45,0.16,3.851
2002,4,0.39,0.19,6.148
2002,5,2.76,0.11,13.261
2002,6,2.82,0.12,16.854
2002,7,1.60,0.21,17.1
2002,8,1.42,0.10,16.407
2002,9,-1.06,0.16,10.83
2002,10,0.05,0.25,6.853
2002,11,2.81,0.22,4.523
2002,12,1.01,0.22,-1.531
2003,1,0.21,0.20,-3.808
2003,2,-2.88,0.25,-5.094
2003,3,1.80,0.18,3.195
2003,4,0.04,0.17,5.796
2003,5,3.28,0.24,13.777
2003,6,4.78,0.16,18.81
2003,7,2.10,0.22,17.595
2003,8,4.64,0.20,19.633
2003,9,-0.02,0.23,11.867
2003,10,-2.46,0.15,4.338
2003,11,2.03,0.17,3.739
2003,12,0.75,0.22,-1.795
2004,1,-0.31,0.21,-4.333
2004,2,1.18,0.17,-1.032
2004,3,-0.35,0.24,1.053
2004,4,1.29,0.25,7.051
2004,5,-0.69,0.19,9.81
2004,6,0.05,0.22,14.084
2004,7,0.45,0.25,15.953
2004,8,1.69,0.13,16.678
2004,9,0.26,0.23,12.154
2004,10,2.02,0.24,8.821
2004,11,0.23,0.10,1.941
2004,12,0.50,0.25,-2.038
2005,1,1.15,0.32,-2.869
2005,2,-2.75,0.18,-4.963
2005,3,-0.71,0.16,0.694
2005,4,1.21,0.23,6.968
2005,5,1.47,0.18,11.969
2005,6,1.20,0.19,15.225
2005,7,0.90,0.09,16.404
2005,8,-0.55,0.10,14.444
2005,9,1.17,0.22,13.058
2005,10,1.44,0.27,8.237
2005,11,-0.72,0.23,0.989
2005,12,-0.91,0.35,-3.453
2006,1,-2.25,0.44,-6.266
2006,2,-0.99,0.26,-3.197
2006,3,-1.56,0.16,-0.163
2006,4,1.29,0.09,7.045
2006,5,0.74,0.27,11.237
2006,6,1.30,0.21,15.325
2006,7,3.89,0.22,19.386
2006,8,-1.29,0.19,13.697
2006,9,2.70,0.30,14.594
2006,10,2.84,0.22,9.644
2006,11,2.19,0.14,3.903
2006,12,2.54,0.33,0
2007,1,5.28,0.26,1.259
2007,2,4.16,0.15,1.949
2007,3,2.41,0.14,3.808
2007,4,4.03,0.15,9.79
2007,5,2.42,0.19,12.917
2007,6,2.47,0.17,16.497
2007,7,1.65,0.19,17.147
2007,8,0.99,0.16,15.975
2007,9,-1.50,0.16,10.387
2007,10,-0.35,0.24,6.454
2007,11,-1.31,0.19,0.396
2007,12,-0.23,0.16,-2.769
2008,1,3.61,0.28,-0.409
2008,2,3.09,0.15,0.875
2008,3,0.78,0.14,2.178
2008,4,0.61,0.16,6.369
2008,5,2.20,0.16,12.7
2008,6,2.09,0.10,16.121
2008,7,0.95,0.19,16.447
2008,8,1.44,0.19,16.425
2008,9,-0.80,0.13,11.093
2008,10,1.31,0.24,8.112
2008,11,1.25,0.23,2.963
2008,12,1.24,0.26,-1.304
2009,1,-0.63,0.28,-4.648
2009,2,-0.06,0.15,-2.268
2009,3,0.40,0.11,1.802
2009,4,3.98,0.19,9.739
2009,5,2.53,0.24,13.03
2009,6,0.01,0.35,14.043
2009,7,1.60,0.20,17.097
2009,8,2.60,0.21,17.585
2009,9,1.86,0.15,13.749
2009,10,-0.02,0.10,6.783
2009,11,2.45,0.28,4.159
2009,12,0.32,0.23,-2.221
2010,1,-1.19,0.27,-5.207
2010,2,-0.27,0.15,-2.477
2010,3,0.58,0.22,1.983
2010,4,1.30,0.10,7.056
2010,5,0.41,0.17,10.905
2010,6,1.30,0.27,15.334
2010,7,2.95,0.24,18.445
2010,8,0.77,0.17,15.762
2010,9,-0.96,0.25,10.932
2010,10,-1.08,0.16,5.723
2010,11,1.71,0.14,3.415
2010,12,-2.09,0.34,-4.626
2011,1,1.39,0.35,-2.627
2011,2,0.71,0.16,-1.505
2011,3,2.06,0.14,3.46
2011,4,3.67,0.10,9.426
2011,5,1.88,0.26,12.376
2011,6,1.43,0.20,15.46
2011,7,-0.01,0.26,15.49
2011,8,2.60,0.22,17.593
2011,9,2.64,0.23,14.534
2011,10,0.11,0.15,6.906
2011,11,0.26,0.33,1.973
2011,12,2.26,0.25,-0.283
2012,1,2.06,0.30,-1.964
2012,2,-3.70,0.17,-5.912
2012,3,3.64,0.15,5.04
2012,4,1.33,0.16,7.085
2012,5,1.99,0.28,12.493
2012,6,2.31,0.18,16.341
2012,7,1.75,0.26,17.247
2012,8,2.87,0.24,17.855
2012,9,1.00,0.19,12.891
2012,10,0.60,0.28,7.395
2012,11,2.13,0.09,3.842
2012,12,0.23,0.35,-2.309
2013,1,1.57,0.28,-2.455
2013,2,-0.89,0.16,-3.1
2013,3,-1.24,0.22,0.161
2013,4,1.94,0.20,7.696
2013,5,0.36,0.24,10.858
2013,6,0.69,0.22,14.723
2013,7,3.14,0.10,18.638
2013,8,2.39,0.16,17.38
2013,9,0.10,0.21,11.993
2013,10,1.76,0.13,8.557
2013,11,0.68,0.12,2.387
2013,12,2.22,0.45,-0.323
2014,1,4.10,0.32,0.079
2014,2,3.37,0.37,1.164
2014,3,3.96,0.21,5.361
2014,4,2.77,0.14,8.528
2014,5,0.45,0.10,10.947
2014,6,1.35,0.22,15.381
2014,7,1.59,0.17,17.085
2014,8,-0.04,0.23,14.948
2014,9,0.88,0.13,12.772
2014,10,2.75,0.21,9.547
2014,11,3.70,0.19,5.414
2014,12,2.52,0.30,-0.022
2015,1,3.24,0.25,-0.784
2015,2,0.46,0.22,-1.749
2015,3,1.70,0.22,3.104
2015,4,1.21,0.37,6.969
2015,5,1.44,0.26,11.942
2015,6,1.85,0.16,15.884
2015,7,4.09,0.24,19.585
2015,8,4.04,0.25,19.03
2015,9,-0.08,0.18,11.812
2015,10,0.36,0.13,7.163
2015,11,3.20,0.34,4.911
2015,12,3.70,0.73,1.162
2016,1,2.00,0.34,-2.022
2016,2,3.99,0.16,1.775
2016,3,1.36,0.21,2.76
2016,4,1.78,0.19,7.538
2016,5,0.93,0.21,11.433
2016,6,1.71,0.19,15.738
2016,7,2.27,0.23,17.77
2016,8,1.36,0.19,16.351
2016,9,2.72,0.11,14.613
2016,10,-0.21,0.27,6.594
2016,11,0.51,0.27,2.216
2016,12,1.35,0.45,-1.195
2017,1,-2.59,0.40,-6.613
2017,2,3.00,0.20,0.793
2017,3,4.19,0.14,5.587
2017,4,0.46,0.18,6.215
2017,5,2.19,0.18,12.691
2017,6,3.54,0.15,17.57
2017,7,2.06,0.19,17.557
2017,8,3.08,0.19,18.072
2017,9,-1.19,0.21,10.696
2017,10,1.85,0.22,8.652
2017,11,0.37,0.21,2.077
2017,12,0.95,0.22,-1.59
2018,1,4.34,0.26,0.318
2018,2,-2.19,0.11,-4.401
2018,3,-0.74,0.33,0.665
2018,4,5.45,0.33,11.21
2018,5,3.78,0.42,14.283
2018,6,2.27,0.28,16.296
2018,7,2.42,0.10,17.92
2018,8,3.72,0.36,18.709
2018,9,2.21,0.24,14.098
2018,10,2.63,0.17,9.426
2018,11,2.84,0.19,4.549
2018,12,1.96,0.27,-0.576
2019,1,0.63,0.26,-3.394
2019,2,3.20,0.21,0.991
2019,3,3.13,0.25,4.53
2019,4,2.14,0.25,7.902
2019,5,-1.45,0.27,9.053
2019,6,5.11,0.23,19.144
2019,7,2.77,0.11,18.268
2019,8,3.01,0.16,18.001
2019,9,1.09,0.15,12.976
2019,10,2.42,0.16,9.22
2019,11,2.08,0.19,3.788
2019,12,2.79,0.26,0.253
2020,1,3.02,0.40,-1.004
2020,2,4.41,0.17,2.204
2020,3,1.67,0.26,3.073
2020,4,2.93,0.20,8.694
2020,5,0.21,0.28,10.708
2020,6,1.03,0.26,15.055
2020,7,1.59,0.25,17.091
2020,8,2.89,0.19,17.877
2020,9,1.69,0.24,13.577
2020,10,0.54,0.20,7.342
2020,11,1.44,0.57,3.151
2020,12,2.24,0.40,-0.296
