Year,Month,Temperature Anomaly,UC,Temperature 
1750,1,2.060,2.480,-4.93
1750,2,1.703,2.948,-4.297
1750,3,2.362,3.182,0.812
1750,4,0.753,2.386,7.013
1750,5,-1.245,2.352,11.425
1750,6,-0.062,2.366,6.198
1750,7,0.914,2.459,18.724
1750,8,1.044,2.388,17.914
1750,9,-0.576,2.650,11.524
1750,10,-3.135,2.337,3.255
1750,11,-6.004,2.424,-5.024
1750,12,-3.570,2.536,-7.25
1751,1,-0.752,2.506,-7.742
1751,2,-3.575,2.606,-9.575
1751,3,1.954,2.464,0.404
1751,4,-0.763,2.315,5.497
1751,5,-0.811,2.318,11.859
1751,6,-1.201,2.380,5.059
1751,7,1.057,2.436,18.867
1751,8,0.493,2.316,17.363
1751,9,-0.498,2.297,11.602
1751,10,-2.144,1.991,4.246
1751,11,-2.991,1.992,-2.011
1751,12,-1.121,2.280,-4.801
1752,1,-1.563,2.229,-8.553
1752,2,1.732,2.150,-4.268
1752,3,1.807,1.937,0.257
1752,4,-0.388,2.041,5.872
1752,5,-0.366,1.882,12.304
1752,6,0.147,1.828,6.407
1752,7,1.955,1.941,19.765
1752,8,0.256,2.107,17.126
1752,9,NaN,NaN,#VALUE!
1752,10,-0.641,1.941,5.749
1752,11,0.355,1.954,1.335
1752,12,-0.106,2.118,-3.786
1753,1,0.021,2.137,-6.969
1753,2,-0.617,2.348,-6.617
1753,3,2.309,2.202,0.759
1753,4,0.299,2.350,6.559
1753,5,0.027,1.834,12.697
1753,6,-0.702,2.140,5.558
1753,7,-0.302,2.177,17.508
1753,8,-0.742,1.993,16.128
1753,9,-0.189,1.901,11.911
1753,10,0.199,1.942,6.589
1753,11,-1.072,1.904,-0.092
1753,12,-5.511,2.502,-9.191
1754,1,-0.069,2.145,-7.059
1754,2,-1.942,2.355,-7.942
1754,3,-1.044,1.965,-2.594
1754,4,1.773,2.013,8.033
1754,5,0.713,1.968,13.383
1754,6,0.545,2.015,6.805
1754,7,-0.488,2.296,17.322
1754,8,-1.424,2.129,15.446
1754,9,-1.207,1.937,10.893
1754,10,0.033,2.051,6.423
1754,11,-0.715,2.660,0.265
1754,12,0.068,2.054,-3.612
1755,1,-1.560,2.330,-8.55
1755,2,-3.496,2.789,-9.496
1755,3,-0.745,2.212,-2.295
1755,4,0.732,2.154,6.992
1755,5,0.815,1.961,13.485
1755,6,1.625,2.221,7.885
1755,7,1.256,2.577,19.066
1755,8,-1.649,2.048,15.221
1755,9,-1.039,1.864,11.061
1755,10,0.635,1.857,7.025
1755,11,-0.732,2.343,0.248
1755,12,-1.280,2.217,-4.96
1756,1,2.534,2.346,-4.456
1756,2,4.116,3.061,-1.884
1756,3,1.019,2.926,-0.531
1756,4,-0.068,2.756,6.192
1756,5,-0.885,4.786,11.785
1756,6,1.323,2.173,7.583
1756,7,0.620,6.108,18.43
1756,8,-1.639,3.468,15.231
1756,9,-0.385,2.020,11.715
1756,10,-0.625,7.309,5.765
1756,11,-2.627,1.952,-1.647
1756,12,-2.906,2.114,-6.586
1757,1,-1.793,2.150,-8.783
1757,2,2.508,2.863,-3.492
1757,3,0.651,3.610,-0.899
1757,4,1.783,2.441,8.043
1757,5,0.168,2.513,12.838
1757,6,2.592,2.178,8.852
1757,7,3.843,2.236,21.653
1757,8,1.308,3.744,18.178
1757,9,0.527,5.098,12.627
1757,10,-4.994,3.967,1.396
1757,11,-0.682,6.302,0.298
1757,12,-3.376,3.718,-7.056
1758,1,-4.471,3.817,-11.461
1758,2,-1.994,3.134,-7.994
1758,3,-0.692,2.204,-2.242
1758,4,-1.267,3.275,4.993
1758,5,-1.118,4.816,11.552
1758,6,-0.483,3.731,5.777
1758,7,-0.719,4.057,17.091
1758,8,-1.680,5.054,15.19
1758,9,-2.354,2.337,9.746
1758,10,-3.453,1.944,2.937
1758,11,-1.226,2.096,-0.246
1758,12,-1.728,2.029,-5.408
1759,1,3.133,2.470,-3.857
1759,2,2.612,5.012,-3.388
1759,3,0.873,3.237,-0.677
1759,4,-1.147,4.087,5.113
1759,5,-2.458,3.455,10.212
1759,6,0.802,3.638,7.062
1759,7,-0.103,4.289,17.707
1759,8,0.770,2.087,17.64
1759,9,-0.836,2.895,11.264
1759,10,-1.858,5.207,4.532
1759,11,-3.440,5.593,-2.46
1759,12,-5.738,2.557,-9.418
1760,1,-4.961,3.249,-11.951
1760,2,0.157,6.844,-5.843
1760,3,-2.186,2.277,-3.736
1760,4,-1.951,2.113,4.309
1760,5,-0.498,2.704,12.172
1760,6,-0.296,2.028,5.964
1760,7,-0.812,2.018,16.998
1760,8,-1.006,5.237,15.864
1760,9,-0.128,2.313,11.972
1760,10,-2.295,2.079,4.095
1760,11,-1.050,5.398,-0.07
1760,12,-1.985,3.232,-5.665
1761,1,-0.670,2.287,-7.66
1761,2,-0.159,3.385,-6.159
1761,3,2.580,2.211,1.03
1761,4,-0.662,2.652,5.598
1761,5,1.110,3.187,13.78
1761,6,2.462,2.983,8.722
1761,7,2.302,2.112,20.112
1761,8,1.259,2.647,18.129
1761,9,1.312,3.860,13.412
1761,10,-3.539,3.065,2.851
1761,11,-1.263,8.154,-0.283
1761,12,-5.906,2.259,-9.586
1762,1,3.466,6.157,-3.524
1762,2,2.131,2.843,-3.869
1762,3,-1.124,4.698,-2.674
1762,4,0.946,2.921,7.206
1762,5,-0.481,3.952,12.189
1762,6,0.610,3.771,6.87
1762,7,-0.568,3.594,17.242
1762,8,-1.060,3.063,15.81
1762,9,-1.929,2.336,10.171
1762,10,-3.918,5.380,2.472
1762,11,0.313,2.734,1.293
1762,12,-2.795,2.170,-6.475
1763,1,-2.754,6.468,-9.744
1763,2,-0.864,5.597,-6.864
1763,3,-3.199,2.332,-4.749
1763,4,-1.323,3.979,4.937
1763,5,-0.498,5.054,12.172
1763,6,-1.420,4.886,4.84
1763,7,1.973,2.697,19.783
1763,8,-0.037,4.353,16.833
1763,9,-1.657,4.932,10.443
1763,10,-3.276,2.345,3.114
1763,11,-2.299,3.746,-1.319
1763,12,-0.153,3.481,-3.833
1764,1,0.238,3.521,-6.752
1764,2,3.883,3.576,-2.117
1764,3,0.594,3.545,-0.956
1764,4,-0.674,6.061,5.586
1764,5,-0.100,2.458,12.57
1764,6,-2.123,4.822,4.137
1764,7,0.856,4.469,18.666
1764,8,-1.063,2.323,15.807
1764,9,-0.979,4.824,11.121
1764,10,-0.586,2.953,5.804
1764,11,-1.682,3.656,-0.702
1764,12,0.326,2.913,-3.354
1765,1,2.640,8.637,-4.35
1765,2,-0.354,4.225,-6.354
1765,3,2.514,2.768,0.964
1765,4,1.007,2.410,7.267
1765,5,-1.342,2.573,11.328
1765,6,-1.506,4.464,4.754
1765,7,-0.679,3.818,17.131
1765,8,0.170,3.228,17.04
1765,9,-1.099,2.252,11.001
1765,10,-0.827,2.240,5.563
1765,11,-0.074,3.235,0.906
1765,12,-1.060,2.527,-4.74
1766,1,-3.038,6.543,-10.028
1766,2,-0.141,3.256,-6.141
1766,3,1.691,2.880,0.141
1766,4,0.740,3.575,7
1766,5,0.861,3.616,13.531
1766,6,-0.261,6.063,5.999
1766,7,-0.933,3.888,16.877
1766,8,-0.735,3.545,16.135
1766,9,0.286,3.347,12.386
1766,10,-1.169,2.951,5.221
1766,11,0.934,3.932,1.914
1766,12,-1.904,4.113,-5.584
1767,1,-5.699,6.451,-12.689
1767,2,0.266,7.046,-5.734
1767,3,1.710,6.545,0.16
1767,4,-3.222,5.744,3.038
1767,5,-1.394,2.885,11.276
1767,6,-0.043,4.527,6.217
1767,7,-0.998,4.373,16.812
1767,8,0.960,2.875,17.83
1767,9,0.909,3.869,13.009
1767,10,-0.231,3.602,6.159
1767,11,2.765,8.257,3.745
1767,12,-2.418,4.110,-6.098
1768,1,-5.271,4.195,-12.261
1768,2,-3.569,5.029,-9.569
1768,3,-3.440,3.167,-4.99
1768,4,-0.850,2.600,5.41
1768,5,-2.649,2.509,10.021
1768,6,-0.893,2.584,5.367
1768,7,0.296,2.722,18.106
1768,8,-0.882,2.668,15.988
1768,9,-1.215,2.966,10.885
1768,10,-1.891,2.752,4.499
1768,11,-0.576,3.737,0.404
1768,12,1.349,5.621,-2.331
1769,1,2.985,4.082,-4.005
1769,2,0.462,4.295,-5.538
1769,3,0.817,4.843,-0.733
1769,4,-0.149,4.897,6.111
1769,5,0.151,5.650,12.821
1769,6,0.786,2.777,7.046
1769,7,-0.417,3.121,17.393
1769,8,-0.739,3.159,16.131
1769,9,-0.375,2.120,11.725
1769,10,-4.916,3.102,1.474
1769,11,-3.181,2.340,-2.201
1769,12,-3.190,2.989,-6.87
1770,1,0.174,4.353,-6.816
1770,2,0.392,2.826,-5.608
1770,3,-4.490,2.465,-6.04
1770,4,1.024,4.093,7.284
1770,5,-0.952,2.412,11.718
1770,6,-1.859,4.134,4.401
1770,7,-2.463,2.670,15.347
1770,8,-1.298,4.140,15.572
1770,9,0.346,2.790,12.446
1770,10,1.238,2.867,7.628
1770,11,-0.176,4.865,0.804
1770,12,2.497,3.759,-1.183
1771,1,1.019,2.645,-5.971
1771,2,-5.429,2.393,-11.429
1771,3,-5.040,2.538,-6.59
1771,4,-3.657,3.792,2.603
1771,5,-1.010,5.268,11.66
1771,6,0.744,2.809,7.004
1771,7,-0.538,2.271,17.272
1771,8,-1.220,2.846,15.65
1771,9,-0.122,2.394,11.978
1771,10,0.317,2.259,6.707
1771,11,-3.091,2.621,-2.111
1771,12,-0.214,3.321,-3.894
1772,1,-0.399,5.421,-7.389
1772,2,-2.701,7.526,-8.701
1772,3,-2.075,3.249,-3.625
1772,4,-0.463,3.429,5.797
1772,5,-2.732,2.217,9.938
1772,6,-1.088,5.143,5.172
1772,7,0.142,3.448,17.952
1772,8,0.061,4.307,16.931
1772,9,-0.197,3.389,11.903
1772,10,0.938,2.564,7.328
1772,11,2.984,5.319,3.964
1772,12,2.190,3.241,-1.49
1773,1,-1.718,2.679,-8.708
1773,2,-0.383,3.650,-6.383
1773,3,-0.043,2.819,-1.593
1773,4,1.767,2.674,8.027
1773,5,2.971,3.048,15.641
1773,6,-0.393,2.629,5.867
1773,7,0.694,2.976,18.504
1773,8,0.279,2.827,17.149
1773,9,1.224,2.687,13.324
1773,10,1.031,2.705,7.421
1773,11,-1.409,6.451,-0.429
1773,12,2.344,4.112,-1.336
1774,1,-2.960,6.081,-9.95
1774,2,1.656,6.033,-4.344
1774,3,0.820,2.969,-0.73
1774,4,1.493,5.439,7.753
1774,5,4.183,2.690,16.853
1774,6,3.015,8.558,9.275
1774,7,2.405,7.858,20.215
1774,8,0.002,3.028,16.872
1774,9,-1.008,2.562,11.092
1774,10,-1.132,5.360,5.258
1774,11,-6.829,5.356,-5.849
1774,12,-2.659,6.232,-6.339
1775,1,0.440,5.694,-6.55
1775,2,2.913,2.476,-3.087
1775,3,2.920,2.213,1.37
1775,4,-1.574,3.439,4.686
1775,5,-0.938,5.315,11.732
1775,6,0.356,4.382,6.616
1775,7,1.651,3.908,19.461
1775,8,2.446,5.087,19.316
1775,9,2.063,5.073,14.163
1775,10,2.252,2.356,8.642
1775,11,-0.616,2.896,0.364
1775,12,-0.434,2.979,-4.114
1776,1,-5.733,2.507,-12.723
1776,2,3.372,2.933,-2.628
1776,3,0.739,3.795,-0.811
1776,4,-1.667,2.946,4.593
1776,5,-0.837,6.465,11.833
1776,6,1.056,2.428,7.316
1776,7,1.147,4.410,18.957
1776,8,0.708,3.173,17.578
1776,9,-0.825,3.452,11.275
1776,10,-1.510,4.794,4.88
1776,11,-1.652,2.929,-0.672
1776,12,0.629,2.575,-3.051
1777,1,1.157,6.513,-5.833
1777,2,-1.141,3.625,-7.141
1777,3,-0.762,2.699,-2.312
1777,4,-3.453,4.270,2.807
1777,5,1.297,2.661,13.967
1777,6,-0.358,4.041,5.902
1777,7,-1.222,2.835,16.588
1777,8,-1.372,2.803,15.498
1777,9,-1.943,5.049,10.157
1777,10,-2.439,4.887,3.951
1777,11,0.548,3.342,1.528
1777,12,0.906,2.768,-2.774
1778,1,0.811,4.864,-6.179
1778,2,0.449,2.401,-5.551
1778,3,0.526,3.221,-1.024
1778,4,2.362,3.311,8.622
1778,5,0.604,2.311,13.274
1778,6,-0.236,6.981,6.024
1778,7,1.128,2.829,18.938
1778,8,-0.511,4.263,16.359
1778,9,-0.055,2.628,12.045
1778,10,-2.502,4.284,3.888
1778,11,-2.046,5.697,-1.066
1778,12,1.675,2.011,-2.005
1779,1,-0.587,7.880,-7.577
1779,2,4.085,10.396,-1.915
1779,3,3.114,3.175,1.564
1779,4,1.448,4.349,7.708
1779,5,2.435,2.083,15.105
1779,6,-1.115,4.764,5.145
1779,7,-1.375,2.384,16.435
1779,8,0.789,2.632,17.659
1779,9,0.736,2.573,12.836
1779,10,0.598,4.267,6.988
1779,11,0.719,2.998,1.699
1779,12,1.498,4.541,-2.182
1780,1,-1.720,6.352,-8.71
1780,2,-1.577,7.093,-7.577
1780,3,3.630,2.943,2.08
1780,4,-0.439,2.973,5.821
1780,5,0.509,4.885,13.179
1780,6,-1.184,7.321,5.076
1780,7,0.705,5.290,18.515
1780,8,-1.257,7.162,15.613
1780,9,-2.178,4.434,9.922
1780,10,0.634,1.950,7.024
1780,11,0.046,2.242,1.026
1780,12,-3.164,3.323,-6.844
1781,1,-0.271,6.181,-7.261
1781,2,-0.000,8.280,-6
1781,3,0.470,1.703,-1.08
1781,4,-0.301,4.013,5.959
1781,5,-0.757,3.013,11.913
1781,6,-0.030,2.152,6.23
1781,7,0.405,1.980,18.215
1781,8,3.357,1.909,20.227
1781,9,2.077,4.725,14.177
1781,10,-1.484,1.854,4.906
1781,11,2.286,3.185,3.266
1781,12,-3.438,6.350,-7.118
1782,1,1.812,3.161,-5.178
1782,2,-4.381,6.573,-10.381
1782,3,-0.115,5.940,-1.665
1782,4,-0.994,2.392,5.266
1782,5,-0.472,2.471,12.198
1782,6,-0.822,2.002,5.438
1782,7,0.155,2.626,17.965
1782,8,-0.090,2.637,16.78
1782,9,-0.060,2.289,12.04
1782,10,-0.666,5.116,5.724
1782,11,-1.785,4.036,-0.805
1782,12,-3.172,3.924,-6.852
1783,1,-2.286,2.172,-9.276
1783,2,3.389,3.052,-2.611
1783,3,-0.373,1.966,-1.923
1783,4,-0.486,2.298,5.774
1783,5,2.444,4.580,15.114
1783,6,2.372,5.306,8.632
1783,7,-0.029,2.605,17.781
1783,8,1.818,2.224,18.688
1783,9,0.476,4.800,12.576
1783,10,0.203,5.087,6.593
1783,11,-3.169,5.068,-2.189
1783,12,-3.128,2.346,-6.808
1784,1,-1.409,8.262,-8.399
1784,2,-1.400,7.611,-7.4
1784,3,-1.211,4.246,-2.761
1784,4,-0.092,3.361,6.168
1784,5,-1.642,2.473,11.028
1784,6,-0.502,3.095,5.758
1784,7,0.138,2.843,17.948
1784,8,2.097,2.624,18.967
1784,9,-0.864,4.790,11.236
1784,10,-2.378,2.056,4.012
1784,11,0.262,5.206,1.242
1784,12,0.354,3.322,-3.326
1785,1,-0.553,2.425,-7.543
1785,2,-1.483,4.935,-7.483
1785,3,-5.825,5.480,-7.375
1785,4,-2.896,4.404,3.364
1785,5,-2.364,1.771,10.306
1785,6,-1.700,4.879,4.56
1785,7,-1.016,2.674,16.794
1785,8,-0.355,1.873,16.515
1785,9,-0.649,1.814,11.451
1785,10,-2.089,5.606,4.301
1785,11,0.590,1.865,1.57
1785,12,-3.285,2.689,-6.965
1786,1,0.058,2.930,-6.932
1786,2,-1.635,3.972,-7.635
1786,3,-0.588,3.653,-2.138
1786,4,1.388,2.124,7.648
1786,5,-2.072,2.593,10.598
1786,6,-0.746,3.503,5.514
1786,7,-0.057,2.287,17.753
1786,8,-0.010,1.904,16.86
1786,9,-0.162,1.432,11.938
1786,10,-2.931,4.100,3.459
1786,11,-5.572,3.589,-4.592
1786,12,-2.178,3.154,-5.858
1787,1,0.836,7.051,-6.154
1787,2,0.916,4.542,-5.084
1787,3,0.788,2.783,-0.762
1787,4,-1.459,2.647,4.801
1787,5,0.819,1.824,13.489
1787,6,1.341,2.725,7.601
1787,7,-0.639,3.677,17.171
1787,8,-0.554,1.813,16.316
1787,9,-2.034,2.592,10.066
1787,10,0.349,2.060,6.739
1787,11,-0.739,4.046,0.241
1787,12,-0.308,2.732,-3.988
1788,1,0.662,4.886,-6.328
1788,2,-0.612,4.330,-6.612
1788,3,-0.736,4.010,-2.286
1788,4,-1.079,4.389,5.181
1788,5,-0.527,2.273,12.143
1788,6,1.052,1.591,7.312
1788,7,2.649,3.539,20.459
1788,8,-0.756,2.466,16.114
1788,9,1.133,3.358,13.233
1788,10,-1.676,3.650,4.714
1788,11,-1.835,3.352,-0.855
1788,12,-9.701,5.745,-13.381
1789,1,-2.236,3.757,-9.226
1789,2,0.326,2.082,-5.674
1789,3,-3.777,5.167,-5.327
1789,4,-0.944,2.122,5.316
1789,5,2.999,5.119,15.669
1789,6,0.116,1.596,6.376
1789,7,2.590,2.676,20.4
1789,8,1.158,1.390,18.028
1789,9,1.479,1.659,13.579
1789,10,1.144,2.413,7.534
1789,11,1.347,4.363,2.327
1789,12,2.420,3.354,-1.26
1790,1,2.180,2.255,-4.81
1790,2,3.228,3.604,-2.772
1790,3,1.323,3.081,-0.227
1790,4,-3.087,1.803,3.173
1790,5,-0.779,4.344,11.891
1790,6,-0.265,2.259,5.995
1790,7,-1.539,1.969,16.271
1790,8,-1.441,1.727,15.429
1790,9,-0.814,1.768,11.286
1790,10,-1.745,2.094,4.645
1790,11,-1.367,1.907,-0.387
1790,12,3.062,6.341,-0.618
1791,1,5.557,4.152,-1.433
1791,2,3.531,2.616,-2.469
1791,3,1.694,2.859,0.144
1791,4,2.263,1.966,8.523
1791,5,-1.620,1.239,11.05
1791,6,-0.304,3.624,5.956
1791,7,-0.162,2.080,17.648
1791,8,0.488,1.881,17.358
1791,9,-1.330,2.139,10.77
1791,10,-1.113,1.642,5.277
1791,11,-0.413,3.303,0.567
1791,12,2.062,2.435,-1.618
1792,1,-0.626,2.673,-7.616
1792,2,-0.905,4.613,-6.905
1792,3,-0.761,2.834,-2.311
1792,4,-0.422,1.878,5.838
1792,5,-0.741,2.109,11.929
1792,6,0.249,1.444,6.509
1792,7,1.791,3.598,19.601
1792,8,-0.403,2.983,16.467
1792,9,1.470,2.418,13.57
1792,10,-2.553,2.183,3.837
1792,11,-1.654,2.524,-0.674
1792,12,0.762,2.292,-2.918
1793,1,-1.543,2.949,-8.533
1793,2,3.981,2.077,-2.019
1793,3,-0.303,2.007,-1.853
1793,4,-1.066,3.066,5.194
1793,5,-0.393,1.861,12.277
1793,6,0.149,3.602,6.409
1793,7,1.519,3.338,19.329
1793,8,-0.235,3.678,16.635
1793,9,-1.142,3.651,10.958
1793,10,0.460,3.098,6.85
1793,11,0.805,5.638,1.785
1793,12,-1.392,3.426,-5.072
1794,1,3.746,3.144,-3.244
1794,2,2.589,5.754,-3.411
1794,3,3.101,2.522,1.551
1794,4,1.647,3.438,7.907
1794,5,2.357,2.877,15.027
1794,6,0.860,3.805,7.12
1794,7,0.861,5.548,18.671
1794,8,-0.943,2.587,15.927
1794,9,-1.655,1.794,10.445
1794,10,0.288,1.776,6.678
1794,11,-0.056,3.076,0.924
1794,12,-2.897,4.939,-6.577
1795,1,-3.764,2.619,-10.754
1795,2,0.639,4.167,-5.361
1795,3,0.941,2.074,-0.609
1795,4,2.130,4.069,8.39
1795,5,-0.461,3.407,12.209
1795,6,0.474,3.318,6.734
1795,7,-0.418,2.441,17.392
1795,8,-0.813,2.874,16.057
1795,9,-0.946,2.589,11.154
1795,10,0.028,4.114,6.418
1795,11,-0.805,3.647,0.175
1795,12,0.618,4.295,-3.062
1796,1,5.315,3.879,-1.675
1796,2,1.167,3.823,-4.833
1796,3,-3.244,3.091,-4.794
1796,4,-2.165,2.814,4.095
1796,5,-0.123,1.728,12.547
1796,6,0.938,3.637,7.198
1796,7,0.508,2.384,18.318
1796,8,0.776,4.575,17.646
1796,9,-0.068,4.228,12.032
1796,10,-0.471,1.955,5.919
1796,11,-1.638,3.381,-0.658
1796,12,-3.127,4.923,-6.807
1797,1,3.074,6.172,-3.916
1797,2,5.473,4.610,-0.527
1797,3,0.108,5.580,-1.442
1797,4,-0.054,5.681,6.206
1797,5,1.430,4.400,14.1
1797,6,1.975,3.005,8.235
1797,7,0.681,2.660,18.491
1797,8,0.509,4.790,17.379
1797,9,1.907,3.652,14.007
1797,10,0.899,2.254,7.289
1797,11,-1.122,2.337,-0.142
1797,12,1.573,2.667,-2.107
1798,1,1.867,2.855,-5.123
1798,2,2.431,3.681,-3.569
1798,3,2.531,2.741,0.981
1798,4,1.109,2.180,7.369
1798,5,1.443,3.351,14.113
1798,6,0.023,2.503,6.283
1798,7,1.332,2.209,19.142
1798,8,1.712,4.851,18.582
1798,9,1.011,2.538,13.111
1798,10,-1.031,2.256,5.359
1798,11,-1.877,4.531,-0.897
1798,12,-5.211,3.575,-8.891
1799,1,-2.777,2.199,-9.767
1799,2,-6.619,2.058,-12.619
1799,3,-3.141,3.490,-4.691
1799,4,-0.636,3.158,5.624
1799,5,-0.836,2.127,11.834
1799,6,-0.484,2.731,5.776
1799,7,-0.116,2.183,17.694
1799,8,-0.223,2.276,16.647
1799,9,-0.409,2.900,11.691
1799,10,-0.295,1.712,6.095
1799,11,0.988,1.977,1.968
1799,12,-5.470,3.138,-9.15
1800,1,-1.083,1.891,-8.073
1800,2,-0.376,3.074,-6.376
1800,3,-3.703,2.728,-5.253
1800,4,2.734,1.859,8.994
1800,5,0.259,2.034,12.929
1800,6,-1.211,2.032,5.049
1800,7,-2.073,2.394,15.737
1800,8,-0.064,2.411,16.806
1800,9,-1.713,2.320,10.387
1800,10,-0.110,2.512,6.28
1800,11,1.356,3.406,2.336
1800,12,0.918,2.077,-2.762
1801,1,1.925,2.707,-5.065
1801,2,0.110,3.908,-5.89
1801,3,3.498,2.214,1.948
1801,4,-0.074,2.025,6.186
1801,5,4.099,3.095,16.769
1801,6,-1.663,3.081,4.597
1801,7,1.329,2.910,19.139
1801,8,-1.943,2.411,14.927
1801,9,0.528,2.090,12.628
1801,10,0.344,4.758,6.734
1801,11,1.585,2.002,2.565
1801,12,1.464,3.765,-2.216
1802,1,0.855,4.347,-6.135
1802,2,2.410,4.720,-3.59
1802,3,3.892,3.343,2.342
1802,4,0.855,2.855,7.115
1802,5,-1.053,3.625,11.617
1802,6,-1.013,3.320,5.247
1802,7,1.088,2.519,18.898
1802,8,1.416,2.833,18.286
1802,9,-0.974,2.221,11.126
1802,10,1.589,3.150,7.979
1802,11,-1.838,3.177,-0.858
1802,12,0.529,2.130,-3.151
1803,1,-4.623,3.556,-11.613
1803,2,-3.396,3.409,-9.396
1803,3,0.207,3.827,-1.343
1803,4,2.108,2.203,8.368
1803,5,2.047,2.210,14.717
1803,6,-0.979,1.832,5.281
1803,7,0.850,2.613,18.66
1803,8,1.490,3.159,18.36
1803,9,-1.026,2.248,11.074
1803,10,-0.983,4.099,5.407
1803,11,-0.982,2.346,-0.002
1803,12,-3.706,2.519,-7.386
1804,1,2.991,5.821,-3.999
1804,2,-1.025,2.392,-7.025
1804,3,-2.820,3.276,-4.37
1804,4,0.924,1.903,7.184
1804,5,0.361,2.608,13.031
1804,6,-1.019,2.322,5.241
1804,7,1.319,2.161,19.129
1804,8,-0.170,2.536,16.7
1804,9,0.854,3.846,12.954
1804,10,-0.375,1.980,6.015
1804,11,-3.210,4.395,-2.23
1804,12,-5.089,4.562,-8.769
1805,1,-1.952,2.172,-8.942
1805,2,-1.625,2.068,-7.625
1805,3,0.495,1.957,-1.055
1805,4,-2.055,2.812,4.205
1805,5,-0.729,2.386,11.941
1805,6,-1.624,2.679,4.636
1805,7,-0.084,2.370,17.726
1805,8,-0.390,1.953,16.48
1805,9,0.723,4.109,12.823
1805,10,-5.234,3.317,1.156
1805,11,-4.196,4.069,-3.216
1805,12,0.821,2.302,-2.859
1806,1,3.681,3.497,-3.309
1806,2,0.436,3.481,-5.564
1806,3,-0.267,2.328,-1.817
1806,4,-0.638,3.109,5.622
1806,5,0.981,2.689,13.651
1806,6,-2.856,1.802,3.404
1806,7,-1.745,2.233,16.065
1806,8,0.837,2.534,17.707
1806,9,2.374,4.506,14.474
1806,10,-1.358,2.528,5.032
1806,11,-0.808,2.783,0.172
1806,12,2.785,2.870,-0.895
1807,1,0.295,4.432,-6.695
1807,2,3.638,2.132,-2.362
1807,3,-0.643,3.519,-2.193
1807,4,-1.661,3.190,4.599
1807,5,-1.482,1.842,11.188
1807,6,-0.885,2.843,5.375
1807,7,0.055,2.198,17.865
1807,8,3.278,3.027,20.148
1807,9,0.010,1.657,12.11
1807,10,-0.502,1.649,5.888
1807,11,1.706,2.028,2.686
1807,12,2.158,2.261,-1.522
1808,1,2.157,7.631,-4.833
1808,2,-0.789,2.215,-6.789
1808,3,-4.879,4.711,-6.429
1808,4,-2.408,2.379,3.852
1808,5,-0.840,3.394,11.83
1808,6,0.172,2.735,6.432
1808,7,0.592,2.798,18.402
1808,8,1.311,2.135,18.181
1808,9,1.635,2.919,13.735
1808,10,0.616,4.025,7.006
1808,11,-1.877,2.101,-0.897
1808,12,-5.884,3.054,-9.564
1809,1,-6.142,5.197,-13.132
1809,2,0.534,3.700,-5.466
1809,3,-4.670,4.651,-6.22
1809,4,-2.551,4.582,3.709
1809,5,-0.696,3.154,11.974
1809,6,-0.079,1.874,6.181
1809,7,-0.323,2.616,17.487
1809,8,1.045,2.171,17.915
1809,9,0.840,2.127,12.94
1809,10,-1.772,5.087,4.618
1809,11,-3.169,3.593,-2.189
1809,12,1.346,3.147,-2.334
1810,1,0.696,3.367,-6.294
1810,2,0.958,3.682,-5.042
1810,3,-0.829,3.507,-2.379
1810,4,-3.554,2.462,2.706
1810,5,-2.394,2.662,10.276
1810,6,-3.400,3.116,2.86
1810,7,-0.220,2.658,17.59
1810,8,-0.642,2.172,16.228
1810,9,-0.232,2.497,11.868
1810,10,-2.350,3.566,4.04
1810,11,-1.805,5.311,-0.825
1810,12,1.053,4.388,-2.627
1811,1,-2.221,1.570,-9.211
1811,2,-1.390,3.832,-7.39
1811,3,2.135,5.496,0.585
1811,4,-2.227,2.143,4.033
1811,5,1.884,2.115,14.554
1811,6,2.264,2.492,8.524
1811,7,1.402,3.136,19.212
1811,8,1.152,3.130,18.022
1811,9,-1.889,4.212,10.211
1811,10,-1.114,4.188,5.276
1811,11,-0.979,2.194,0.001
1811,12,1.870,3.791,-1.81
1812,1,-2.641,5.968,-9.631
1812,2,-0.736,3.643,-6.736
1812,3,-0.493,2.561,-2.043
1812,4,-3.433,4.876,2.827
1812,5,-2.019,0.949,10.651
1812,6,-0.566,1.292,5.694
1812,7,0.501,2.518,18.311
1812,8,1.317,1.814,18.187
1812,9,-2.180,5.780,9.92
1812,10,1.043,2.418,7.433
1812,11,-2.634,4.043,-1.654
1812,12,-8.188,4.925,-11.868
1813,1,-4.898,4.658,-11.888
1813,2,1.868,2.362,-4.132
1813,3,0.061,4.607,-1.489
1813,4,0.770,3.135,7.03
1813,5,-0.833,7.600,11.837
1813,6,-2.327,1.808,3.933
1813,7,-0.007,2.234,17.803
1813,8,-1.164,1.473,15.706
1813,9,0.280,3.993,12.38
1813,10,-2.539,1.832,3.851
1813,11,1.620,2.828,2.6
1813,12,-0.855,3.851,-4.535
1814,1,-1.596,2.868,-8.586
1814,2,-4.859,2.642,-10.859
1814,3,-0.726,4.726,-2.276
1814,4,0.103,2.262,6.363
1814,5,-3.802,3.875,8.868
1814,6,-1.580,1.193,4.68
1814,7,1.445,3.466,19.255
1814,8,0.015,2.717,16.885
1814,9,-1.898,2.050,10.202
1814,10,-2.535,4.192,3.855
1814,11,-0.815,5.197,0.165
1814,12,1.585,5.008,-2.095
1815,1,-3.192,1.975,-10.182
1815,2,0.149,6.088,-5.851
1815,3,-0.207,4.504,-1.757
1815,4,-0.995,2.991,5.265
1815,5,-0.713,2.193,11.957
1815,6,-1.172,2.300,5.088
1815,7,-2.437,3.789,15.373
1815,8,-0.653,1.961,16.217
1815,9,-1.736,0.984,10.364
1815,10,-0.715,3.637,5.675
1815,11,-0.005,3.099,0.975
1815,12,-4.227,2.239,-7.907
1816,1,2.047,4.148,-4.943
1816,2,-3.862,3.739,-9.862
1816,3,0.482,3.820,-1.068
1816,4,-0.472,2.231,5.788
1816,5,-1.397,1.436,11.273
1816,6,-0.326,2.205,5.934
1816,7,-0.958,2.884,16.852
1816,8,-1.792,1.511,15.078
1816,9,-0.241,1.610,11.859
1816,10,-2.313,7.456,4.077
1816,11,-0.733,7.139,0.247
1816,12,-1.412,3.100,-5.092
1817,1,4.024,5.638,-2.966
1817,2,4.192,6.056,-1.808
1817,3,1.734,4.043,0.184
1817,4,-2.928,2.704,3.332
1817,5,-0.211,1.761,12.459
1817,6,-1.054,1.525,5.206
1817,7,-0.077,3.321,17.733
1817,8,1.270,1.353,18.14
1817,9,-2.000,3.696,10.1
1817,10,-4.184,4.661,2.206
1817,11,-1.168,2.510,-0.188
1817,12,-3.136,4.638,-6.816
1818,1,1.746,2.044,-5.244
1818,2,2.487,2.533,-3.513
1818,3,2.957,2.876,1.407
1818,4,-0.360,2.072,5.9
1818,5,-1.653,6.936,11.017
1818,6,-2.242,7.167,4.018
1818,7,0.373,2.487,18.183
1818,8,-1.408,2.538,15.462
1818,9,-0.705,2.503,11.395
1818,10,-0.965,5.234,5.425
1818,11,-0.696,3.228,0.284
1818,12,-1.016,2.390,-4.696
1819,1,3.375,2.957,-3.615
1819,2,1.644,4.875,-4.356
1819,3,1.317,7.695,-0.233
1819,4,-0.227,2.238,6.033
1819,5,-0.914,3.266,11.756
1819,6,0.859,4.289,7.119
1819,7,-0.151,2.018,17.659
1819,8,0.690,2.838,17.56
1819,9,1.512,2.857,13.612
1819,10,0.603,1.888,6.993
1819,11,-1.961,2.037,-0.981
1819,12,-6.546,2.969,-10.226
1820,1,-4.324,3.956,-11.314
1820,2,-1.218,3.734,-7.218
1820,3,0.561,2.068,-0.989
1820,4,1.267,2.162,7.527
1820,5,0.977,1.369,13.647
1820,6,-1.755,1.427,4.505
1820,7,-2.111,1.135,15.699
1820,8,0.269,2.224,17.139
1820,9,-0.411,2.279,11.689
1820,10,0.338,1.638,6.728
1820,11,-0.870,1.456,0.11
1820,12,-4.649,1.598,-8.329
1821,1,2.253,3.210,-4.737
1821,2,-0.914,4.802,-6.914
1821,3,-1.458,3.087,-3.008
1821,4,2.282,1.473,8.542
1821,5,0.836,2.664,13.506
1821,6,-3.442,3.382,2.818
1821,7,-2.178,2.486,15.632
1821,8,-2.405,1.336,14.465
1821,9,-0.473,1.061,11.627
1821,10,0.096,1.237,6.486
1821,11,1.387,2.469,2.367
1821,12,2.874,1.173,-0.806
1822,1,2.967,2.565,-4.023
1822,2,4.114,2.336,-1.886
1822,3,4.395,3.322,2.845
1822,4,2.617,2.245,8.877
1822,5,-0.005,0.779,12.665
1822,6,-2.271,1.179,3.989
1822,7,0.902,0.955,18.712
1822,8,-0.742,1.126,16.128
1822,9,-0.777,2.252,11.323
1822,10,0.944,1.900,7.334
1822,11,0.462,1.525,1.442
1822,12,-0.655,2.885,-4.335
1823,1,-6.389,2.143,-13.379
1823,2,-1.128,1.496,-7.128
1823,3,2.119,2.482,0.569
1823,4,-1.821,3.018,4.439
1823,5,-0.719,1.990,11.951
1823,6,0.961,2.303,7.221
1823,7,0.252,1.228,18.062
1823,8,1.100,1.321,17.97
1823,9,-0.063,1.612,12.037
1823,10,1.327,2.052,7.717
1823,11,0.654,3.152,1.634
1823,12,2.310,1.772,-1.37
1824,1,3.798,1.551,-3.192
1824,2,2.989,3.659,-3.011
1824,3,2.861,1.134,1.311
1824,4,0.218,1.306,6.478
1824,5,-1.830,1.364,10.84
1824,6,-2.000,2.920,4.26
1824,7,-1.366,2.292,16.444
1824,8,-0.302,1.417,16.568
1824,9,2.552,2.836,14.652
1824,10,0.305,1.059,6.695
1824,11,1.162,1.346,2.142
1824,12,4.122,2.319,0.442
1825,1,3.602,2.764,-3.388
1825,2,-0.013,1.503,-6.013
1825,3,-2.601,1.457,-4.151
1825,4,-1.592,1.855,4.668
1825,5,-1.169,1.618,11.501
1825,6,-0.590,1.685,5.67
1825,7,-1.661,2.737,16.149
1825,8,-0.923,2.901,15.947
1825,9,-0.607,2.186,11.493
1825,10,-0.270,1.837,6.12
1825,11,2.454,3.842,3.434
1825,12,1.744,1.178,-1.936
1826,1,-3.196,0.968,-10.186
1826,2,0.444,1.774,-5.556
1826,3,0.823,1.970,-0.727
1826,4,-1.066,2.467,5.194
1826,5,0.114,1.090,12.784
1826,6,0.585,2.351,6.845
1826,7,3.086,1.946,20.896
1826,8,1.019,2.645,17.889
1826,9,0.057,1.363,12.157
1826,10,0.409,1.794,6.799
1826,11,0.620,1.013,1.6
1826,12,2.815,2.217,-0.865
1827,1,2.742,3.601,-4.248
1827,2,-2.008,2.973,-8.008
1827,3,1.944,2.307,0.394
1827,4,1.808,3.077,8.068
1827,5,1.344,2.363,14.014
1827,6,2.173,2.625,8.433
1827,7,0.105,1.285,17.915
1827,8,-0.222,1.961,16.648
1827,9,-0.172,1.847,11.928
1827,10,-0.294,1.970,6.096
1827,11,-2.397,2.299,-1.417
1827,12,1.074,2.097,-2.606
1828,1,-3.946,1.790,-10.936
1828,2,-3.435,2.085,-9.435
1828,3,0.575,2.052,-0.975
1828,4,0.565,3.092,6.825
1828,5,-0.365,2.187,12.305
1828,6,0.534,2.391,6.794
1828,7,1.530,1.769,19.34
1828,8,-0.223,0.890,16.647
1828,9,-1.614,0.888,10.486
1828,10,-1.071,1.602,5.319
1828,11,-1.344,1.870,-0.364
1828,12,-3.195,3.440,-6.875
1829,1,-5.249,1.862,-12.239
1829,2,-3.965,2.539,-9.965
1829,3,-2.998,0.993,-4.548
1829,4,-1.022,1.382,5.238
1829,5,-1.334,2.023,11.336
1829,6,-0.917,2.045,5.343
1829,7,1.127,1.585,18.937
1829,8,-0.194,1.240,16.676
1829,9,1.803,0.872,13.903
1829,10,-2.561,0.934,3.829
1829,11,-4.794,1.955,-3.814
1829,12,-7.822,2.663,-11.502
1830,1,-5.110,2.633,-12.1
1830,2,-3.038,2.967,-9.038
1830,3,-0.263,0.989,-1.813
1830,4,-0.039,1.534,6.221
1830,5,-0.788,1.670,11.882
1830,6,0.502,2.718,6.762
1830,7,-0.805,1.911,17.005
1830,8,1.525,1.644,18.395
1830,9,-0.758,0.887,11.342
1830,10,-1.249,0.720,5.141
1830,11,0.552,2.411,1.532
1830,12,1.887,2.455,-1.793
1831,1,-2.702,3.438,-9.692
1831,2,1.089,6.372,-4.911
1831,3,-0.977,2.116,-2.527
1831,4,1.887,1.145,8.147
1831,5,-0.052,2.276,12.618
1831,6,-0.207,3.257,6.053
1831,7,0.360,1.129,18.17
1831,8,-1.101,1.916,15.769
1831,9,-1.619,1.669,10.481
1831,10,0.230,1.135,6.62
1831,11,-1.616,2.033,-0.636
1831,12,-1.494,4.112,-5.174
1832,1,0.376,2.400,-6.614
1832,2,0.672,2.413,-5.328
1832,3,-1.154,2.103,-2.704
1832,4,-2.001,1.801,4.259
1832,5,-1.552,2.531,11.118
1832,6,-2.096,2.483,4.164
1832,7,-3.566,3.203,14.244
1832,8,-1.175,2.670,15.695
1832,9,-2.398,1.693,9.702
1832,10,-0.793,1.053,5.597
1832,11,-4.025,1.961,-3.045
1832,12,-3.407,2.216,-7.087
1833,1,-0.706,2.480,-7.696
1833,2,2.919,1.709,-3.081
1833,3,0.165,2.728,-1.385
1833,4,-1.004,0.816,5.256
1833,5,0.664,1.043,13.334
1833,6,1.753,1.588,8.013
1833,7,0.136,1.492,17.946
1833,8,-3.301,1.371,13.569
1833,9,-0.102,1.504,11.998
1833,10,-1.474,1.123,4.916
1833,11,-0.361,2.611,0.619
1833,12,1.109,2.193,-2.571
1834,1,0.759,1.975,-6.231
1834,2,0.140,1.608,-5.86
1834,3,0.788,1.292,-0.762
1834,4,-1.176,2.104,5.084
1834,5,1.864,0.583,14.534
1834,6,-0.158,0.962,6.102
1834,7,2.284,1.649,20.094
1834,8,3.120,1.047,19.99
1834,9,0.749,1.290,12.849
1834,10,-0.502,1.052,5.888
1834,11,-0.317,1.236,0.663
1834,12,0.672,1.302,-3.008
1835,1,2.971,1.873,-4.019
1835,2,3.927,2.702,-2.073
1835,3,1.789,2.825,0.239
1835,4,-1.270,1.414,4.99
1835,5,-1.018,1.753,11.652
1835,6,0.642,1.728,6.902
1835,7,0.019,1.531,17.829
1835,8,-3.033,0.980,13.837
1835,9,-0.511,1.265,11.589
1835,10,-0.652,1.869,5.738
1835,11,-5.124,2.577,-4.144
1835,12,-5.483,3.275,-9.163
1836,1,-1.271,2.752,-8.261
1836,2,2.282,1.776,-3.718
1836,3,5.778,1.130,4.228
1836,4,2.115,2.290,8.375
1836,5,-3.054,1.913,9.616
1836,6,-1.037,1.817,5.223
1836,7,-2.105,0.890,15.705
1836,8,-2.498,3.269,14.372
1836,9,-0.800,2.123,11.3
1836,10,2.354,2.682,8.744
1836,11,-2.498,2.661,-1.518
1836,12,0.660,1.278,-3.02
1837,1,0.106,2.244,-6.884
1837,2,0.052,2.923,-5.948
1837,3,-0.518,1.982,-2.068
1837,4,0.734,1.540,6.994
1837,5,-0.188,3.102,12.482
1837,6,-1.947,1.979,4.313
1837,7,-2.708,2.207,15.102
1837,8,0.207,2.096,17.077
1837,9,-0.749,1.591,11.351
1837,10,-1.582,2.002,4.808
1837,11,0.669,2.198,1.649
1837,12,-4.289,2.838,-7.969
1838,1,-8.743,3.396,-15.733
1838,2,-3.224,1.774,-9.224
1838,3,-0.907,3.106,-2.457
1838,4,-1.197,2.633,5.063
1838,5,-0.102,1.261,12.568
1838,6,-1.127,1.036,5.133
1838,7,-0.996,0.985,16.814
1838,8,-1.995,1.266,14.875
1838,9,1.917,1.955,14.017
1838,10,-2.273,1.940,4.117
1838,11,-1.468,1.961,-0.488
1838,12,-0.453,1.555,-4.133
1839,1,0.722,1.769,-6.268
1839,2,-0.366,2.059,-6.366
1839,3,-4.775,1.659,-6.325
1839,4,-4.471,1.565,1.789
1839,5,2.377,1.033,15.047
1839,6,0.232,1.221,6.492
1839,7,1.330,1.733,19.14
1839,8,1.971,1.961,18.841
1839,9,2.121,1.657,14.221
1839,10,-0.334,2.215,6.056
1839,11,-0.866,1.309,0.114
1839,12,-6.636,1.863,-10.316
1840,1,0.721,1.920,-6.269
1840,2,-1.101,1.429,-7.101
1840,3,-2.160,2.875,-3.71
1840,4,-2.186,0.669,4.074
1840,5,-2.386,1.745,10.284
1840,6,-1.199,1.154,5.061
1840,7,0.011,1.062,17.821
1840,8,-1.478,1.654,15.392
1840,9,1.101,1.107,13.201
1840,10,-2.294,0.828,4.096
1840,11,-0.629,1.644,0.351
1840,12,-6.841,1.897,-10.521
1841,1,-0.600,2.195,-7.59
1841,2,-6.587,2.606,-12.587
1841,3,-0.242,0.967,-1.792
1841,4,0.396,2.001,6.656
1841,5,2.073,0.959,14.743
1841,6,1.397,1.145,7.657
1841,7,0.977,1.186,18.787
1841,8,1.142,0.980,18.012
1841,9,0.795,0.821,12.895
1841,10,1.793,1.087,8.183
1841,11,0.215,1.224,1.195
1841,12,2.447,2.692,-1.233
1842,1,-3.825,2.914,-10.815
1842,2,0.792,1.415,-5.208
1842,3,0.380,1.373,-1.17
1842,4,-3.658,1.190,2.602
1842,5,0.639,0.926,13.309
1842,6,-1.340,2.311,4.92
1842,7,-1.540,1.464,16.27
1842,8,0.523,1.097,17.393
1842,9,-0.659,0.916,11.441
1842,10,-2.469,0.965,3.921
1842,11,-2.552,1.570,-1.572
1842,12,3.013,1.645,-0.667
1843,1,4.157,1.166,-2.833
1843,2,6.948,1.678,0.948
1843,3,-0.203,1.116,-1.753
1843,4,-0.928,0.977,5.332
1843,5,-3.881,1.548,8.789
1843,6,0.510,0.947,6.77
1843,7,-0.895,0.760,16.915
1843,8,0.587,0.848,17.457
1843,9,-1.711,1.201,10.389
1843,10,-0.544,0.882,5.846
1843,11,-0.745,1.268,0.235
1843,12,3.295,2.401,-0.385
1844,1,-0.194,2.043,-7.184
1844,2,-0.354,1.033,-6.354
1844,3,-1.347,1.575,-2.897
1844,4,-1.901,1.408,4.359
1844,5,1.353,0.904,14.023
1844,6,-2.571,0.992,3.689
1844,7,-2.364,0.690,15.446
1844,8,-1.146,1.020,15.724
1844,9,0.170,0.851,12.27
1844,10,-0.601,0.665,5.789
1844,11,-2.948,0.768,-1.968
1844,12,-4.970,1.603,-8.65
1845,1,2.425,1.973,-4.565
1845,2,-6.542,2.303,-12.542
1845,3,-5.818,1.017,-7.368
1845,4,-1.805,1.224,4.455
1845,5,-1.753,0.936,10.917
1845,6,-0.427,0.769,5.833
1845,7,1.683,1.164,19.493
1845,8,-0.547,0.835,16.323
1845,9,-1.520,1.855,10.58
1845,10,-1.251,1.607,5.139
1845,11,1.264,1.354,2.244
1845,12,1.468,1.903,-2.212
1846,1,0.630,4.693,-6.36
1846,2,-0.080,2.328,-6.08
1846,3,3.611,0.572,2.061
1846,4,0.722,2.088,6.982
1846,5,-2.568,0.995,10.102
1846,6,-2.538,1.896,3.722
1846,7,1.124,1.849,18.934
1846,8,3.392,0.929,20.262
1846,9,0.011,0.982,12.111
1846,10,2.143,2.294,8.533
1846,11,-2.555,1.306,-1.575
1846,12,-1.906,1.460,-5.586
1847,1,-2.459,2.129,-9.449
1847,2,-0.012,1.870,-6.012
1847,3,-0.807,2.183,-2.357
1847,4,-1.667,1.909,4.593
1847,5,-0.662,1.092,12.008
1847,6,-0.463,1.403,5.797
1847,7,-1.461,1.538,16.349
1847,8,1.815,1.100,18.685
1847,9,0.737,0.991,12.837
1847,10,-1.597,0.637,4.793
1847,11,-0.048,1.159,0.932
1847,12,-2.337,1.954,-6.017
1848,1,-8.220,1.993,-15.21
1848,2,3.271,1.791,-2.729
1848,3,3.281,0.617,1.731
1848,4,3.929,0.781,10.189
1848,5,-0.469,1.553,12.201
1848,6,1.754,1.544,8.014
1848,7,0.347,1.290,18.157
1848,8,0.028,1.092,16.898
1848,9,-0.261,0.893,11.839
1848,10,0.978,1.023,7.368
1848,11,0.147,0.983,1.127
1848,12,0.143,1.723,-3.537
1849,1,-2.129,1.960,-9.119
1849,2,2.231,1.721,-3.769
1849,3,-1.258,1.959,-2.808
1849,4,-2.353,1.279,3.907
1849,5,-0.111,0.754,12.559
1849,6,-1.350,1.306,4.91
1849,7,-0.814,1.449,16.996
1849,8,-0.666,1.503,16.204
1849,9,-1.549,1.021,10.551
1849,10,-0.489,0.774,5.901
1849,11,0.765,2.111,1.745
1849,12,-4.216,1.215,-7.896
1850,1,-7.272,1.931,-14.262
1850,2,0.975,2.544,-5.025
1850,3,-2.707,1.747,-4.257
1850,4,-1.801,1.220,4.459
1850,5,1.358,0.793,14.028
1850,6,1.402,0.640,7.662
1850,7,0.475,0.971,18.285
1850,8,2.369,1.212,19.239
1850,9,-1.529,0.815,10.571
1850,10,-1.067,1.097,5.323
1850,11,-0.601,2.744,0.379
1850,12,1.657,2.368,-2.023
1851,1,-0.855,1.193,-7.845
1851,2,-0.973,1.459,-6.973
1851,3,-1.525,0.845,-3.075
1851,4,1.226,1.333,7.486
1851,5,-1.124,1.521,11.546
1851,6,-1.546,0.957,4.714
1851,7,-0.090,0.733,17.72
1851,8,0.001,0.585,16.871
1851,9,1.275,1.004,13.375
1851,10,1.669,1.552,8.059
1851,11,2.880,1.340,3.86
1851,12,1.892,1.667,-1.788
1852,1,2.370,1.021,-4.62
1852,2,-0.464,1.473,-6.464
1852,3,-1.407,1.515,-2.957
1852,4,-5.240,1.424,1.02
1852,5,-1.339,1.641,11.331
1852,6,0.969,0.906,7.229
1852,7,-1.009,0.697,16.801
1852,8,0.128,1.091,16.998
1852,9,-0.055,0.429,12.045
1852,10,-1.994,0.863,4.396
1852,11,-1.648,1.283,-0.668
1852,12,2.250,1.479,-1.43
1853,1,3.219,1.425,-3.771
1853,2,1.490,2.122,-4.51
1853,3,-2.150,1.009,-3.7
1853,4,-3.006,0.624,3.254
1853,5,-0.370,0.834,12.3
1853,6,0.517,1.008,6.777
1853,7,0.357,0.885,18.167
1853,8,-0.416,0.700,16.454
1853,9,-1.028,0.591,11.072
1853,10,1.503,0.929,7.893
1853,11,-2.037,1.110,-1.057
1853,12,-2.821,0.969,-6.501
1854,1,-1.932,1.775,-8.922
1854,2,-0.240,0.673,-6.24
1854,3,-1.248,0.615,-2.798
1854,4,-2.408,1.599,3.852
1854,5,2.513,0.531,15.183
1854,6,-0.888,0.453,5.372
1854,7,1.397,1.220,19.207
1854,8,0.753,0.988,17.623
1854,9,-1.781,0.312,10.319
1854,10,0.751,1.336,7.141
1854,11,-1.420,1.186,-0.44
1854,12,1.931,3.196,-1.749
1855,1,-2.312,1.973,-9.302
1855,2,-6.147,2.390,-12.147
1855,3,0.163,1.003,-1.387
1855,4,-0.764,1.298,5.496
1855,5,0.876,0.768,13.546
1855,6,2.033,1.139,8.293
1855,7,1.371,0.616,19.181
1855,8,-0.424,0.875,16.446
1855,9,-1.998,0.859,10.102
1855,10,1.938,1.379,8.328
1855,11,-2.017,0.724,-1.037
1855,12,-8.092,2.063,-11.772
1856,1,3.639,0.773,-3.351
1856,2,0.013,1.520,-5.987
1856,3,-3.916,1.545,-5.466
1856,4,-0.543,0.696,5.717
1856,5,-0.028,0.611,12.642
1856,6,0.035,1.546,6.295
1856,7,-1.355,1.337,16.455
1856,8,-2.597,0.953,14.273
1856,9,-0.734,0.675,11.366
1856,10,-0.888,0.888,5.502
1856,11,-4.463,0.624,-3.483
1856,12,1.957,1.399,-1.723
1857,1,1.496,1.264,-5.494
1857,2,-0.809,1.156,-6.809
1857,3,1.300,0.867,-0.25
1857,4,0.082,1.114,6.342
1857,5,-1.412,0.829,11.258
1857,6,-0.486,0.895,5.774
1857,7,-0.951,1.109,16.859
1857,8,-0.194,0.979,16.676
1857,9,-1.340,1.026,10.76
1857,10,1.160,0.696,7.55
1857,11,-1.140,0.641,-0.16
1857,12,2.851,1.058,-0.829
1858,1,-0.853,2.261,-7.843
1858,2,-3.118,1.416,-9.118
1858,3,-1.061,0.843,-2.611
1858,4,-2.008,1.349,4.252
1858,5,0.474,0.918,13.144
1858,6,-0.345,0.842,5.915
1858,7,2.209,0.824,20.019
1858,8,1.150,0.879,18.02
1858,9,0.434,1.195,12.534
1858,10,1.621,0.713,8.011
1858,11,-5.566,1.039,-4.586
1858,12,-0.776,0.940,-4.456
1859,1,3.525,1.258,-3.465
1859,2,3.507,1.302,-2.493
1859,3,1.465,1.125,-0.085
1859,4,0.344,0.870,6.604
1859,5,0.616,1.043,13.286
1859,6,0.413,1.357,6.673
1859,7,0.667,0.957,18.477
1859,8,1.486,0.639,18.356
1859,9,-0.385,0.748,11.715
1859,10,0.157,0.951,6.547
1859,11,-0.279,0.878,0.701
1859,12,-1.908,1.561,-5.588
1860,1,2.644,0.979,-4.346
1860,2,-0.118,0.609,-6.118
1860,3,-2.500,1.808,-4.05
1860,4,0.436,0.928,6.696
1860,5,-0.098,1.323,12.572
1860,6,0.983,0.708,7.243
1860,7,0.248,1.011,18.058
1860,8,0.526,0.933,17.396
1860,9,1.141,0.858,13.241
1860,10,-1.302,1.165,5.088
1860,11,-2.201,0.848,-1.221
1860,12,-3.229,1.421,-6.909
1861,1,-7.258,1.862,-14.248
1861,2,2.349,1.586,-3.651
1861,3,2.745,2.068,1.195
1861,4,-3.267,1.844,2.993
1861,5,-2.502,1.092,10.168
1861,6,0.654,0.590,6.914
1861,7,2.057,0.646,19.867
1861,8,-0.326,0.839,16.544
1861,9,-0.569,0.664,11.531
1861,10,-1.264,0.765,5.126
1861,11,0.519,1.071,1.499
1861,12,-0.830,1.449,-4.51
1862,1,-5.222,2.359,-12.212
1862,2,-5.202,1.467,-11.202
1862,3,0.573,1.458,-0.977
1862,4,-0.468,2.287,5.792
1862,5,0.231,0.851,12.901
1862,6,0.053,0.970,6.313
1862,7,-0.584,0.749,17.226
1862,8,-0.867,0.814,16.003
1862,9,-0.103,0.655,11.997
1862,10,-0.300,0.730,6.09
1862,11,-4.329,1.336,-3.349
1862,12,-6.292,2.228,-9.972
1863,1,5.016,0.980,-1.974
1863,2,3.728,2.739,-2.272
1863,3,2.425,1.236,0.875
1863,4,-1.289,0.789,4.971
1863,5,0.292,0.834,12.962
1863,6,-0.850,0.834,5.41
1863,7,-1.999,0.828,15.811
1863,8,0.031,0.826,16.901
1863,9,2.452,1.366,14.552
1863,10,0.815,0.664,7.205
1863,11,1.439,0.889,2.419
1863,12,0.626,2.396,-3.054
1864,1,-1.019,1.658,-8.009
1864,2,1.492,1.856,-4.508
1864,3,2.769,1.451,1.219
1864,4,-1.258,2.067,5.002
1864,5,-5.050,1.179,7.62
1864,6,1.343,1.159,7.603
1864,7,-1.007,1.123,16.803
1864,8,-2.108,0.845,14.762
1864,9,-0.727,0.805,11.373
1864,10,-2.486,1.059,3.904
1864,11,-4.205,1.343,-3.225
1864,12,-4.127,0.702,-7.807
1865,1,2.746,1.161,-4.244
1865,2,-4.934,0.823,-10.934
1865,3,-2.226,0.754,-3.776
1865,4,-1.558,1.239,4.702
1865,5,1.029,0.829,13.699
1865,6,-3.939,0.998,2.321
1865,7,2.404,1.275,20.214
1865,8,-1.420,0.804,15.45
1865,9,-1.450,0.717,10.65
1865,10,-1.066,0.808,5.324
1865,11,0.898,0.562,1.878
1865,12,0.554,1.282,-3.126
1866,1,5.120,1.345,-1.87
1866,2,0.328,2.052,-5.672
1866,3,1.163,1.832,-0.387
1866,4,0.682,1.374,6.942
1866,5,-1.724,0.831,10.946
1866,6,1.884,0.917,8.144
1866,7,-0.473,0.792,17.337
1866,8,-0.325,1.063,16.545
1866,9,3.178,0.599,15.278
1866,10,-2.767,0.735,3.623
1866,11,-1.141,0.502,-0.161
1866,12,-0.352,0.833,-4.032
1867,1,1.087,1.252,-5.903
1867,2,2.042,1.879,-3.958
1867,3,-4.092,0.732,-5.642
1867,4,-1.495,0.475,4.765
1867,5,-3.482,0.717,9.188
1867,6,-1.522,0.699,4.738
1867,7,-0.533,1.141,17.277
1867,8,-1.122,0.662,15.748
1867,9,-1.439,0.501,10.661
1867,10,0.249,0.714,6.639
1867,11,-3.105,1.519,-2.125
1867,12,-4.002,1.790,-7.682
1868,1,-1.688,0.920,-8.678
1868,2,0.291,1.709,-5.709
1868,3,0.784,1.492,-0.766
1868,4,-0.613,0.970,5.647
1868,5,0.168,1.140,12.838
1868,6,0.320,0.626,6.58
1868,7,1.174,0.762,18.984
1868,8,2.087,0.828,18.957
1868,9,0.808,1.001,12.908
1868,10,0.953,1.274,7.343
1868,11,-2.827,0.584,-1.847
1868,12,1.384,1.795,-2.296
1869,1,-1.320,1.692,-8.31
1869,2,5.140,1.921,-0.86
1869,3,2.031,1.512,0.481
1869,4,0.667,0.961,6.927
1869,5,0.913,1.015,13.583
1869,6,-1.487,0.766,4.773
1869,7,-0.349,0.937,17.461
1869,8,0.570,0.921,17.44
1869,9,0.029,0.768,12.129
1869,10,-0.182,0.799,6.208
1869,11,-0.424,1.196,0.556
1869,12,1.133,1.593,-2.547
1870,1,1.551,1.489,-5.439
1870,2,-6.406,1.560,-12.406
1870,3,-1.249,0.788,-2.799
1870,4,-0.811,0.847,5.449
1870,5,-1.074,1.007,11.596
1870,6,-1.710,1.487,4.55
1870,7,-0.167,1.023,17.643
1870,8,-1.446,0.795,15.424
1870,9,-1.914,0.660,10.186
1870,10,-1.846,0.997,4.544
1870,11,1.911,1.063,2.891
1870,12,-6.741,1.477,-10.421
1871,1,-3.084,1.151,-10.074
1871,2,-6.552,1.694,-12.552
1871,3,1.501,1.921,-0.049
1871,4,-2.134,1.010,4.126
1871,5,-3.929,0.858,8.741
1871,6,-1.128,0.810,5.132
1871,7,0.886,1.002,18.696
1871,8,-0.242,0.878,16.628
1871,9,-2.338,0.869,9.762
1871,10,-3.784,0.600,2.606
1871,11,-1.191,1.522,-0.211
1871,12,-2.169,1.353,-5.849
1872,1,2.490,1.276,-4.5
1872,2,-2.370,0.984,-8.37
1872,3,1.405,1.028,-0.145
1872,4,2.296,1.112,8.556
1872,5,3.970,1.040,16.64
1872,6,0.378,0.747,6.638
1872,7,-0.562,1.108,17.248
1872,8,-0.236,0.683,16.634
1872,9,0.330,0.532,12.43
1872,10,1.237,0.950,7.627
1872,11,2.324,0.608,3.304
1872,12,0.727,1.157,-2.953
1873,1,4.399,0.914,-2.591
1873,2,-0.185,1.106,-6.185
1873,3,1.712,0.851,0.162
1873,4,-2.163,0.790,4.097
1873,5,-2.027,0.965,10.643
1873,6,0.149,1.066,6.409
1873,7,0.495,1.080,18.305
1873,8,-0.035,0.749,16.835
1873,9,-0.380,0.843,11.72
1873,10,0.879,0.714,7.269
1873,11,0.013,1.376,0.993
1873,12,1.857,0.880,-1.823
1874,1,3.276,0.689,-3.714
1874,2,0.968,0.521,-5.032
1874,3,-0.579,0.675,-2.129
1874,4,-0.631,0.762,5.629
1874,5,-3.904,1.133,8.766
1874,6,-1.103,0.627,5.157
1874,7,0.062,0.754,17.872
1874,8,-0.640,0.897,16.23
1874,9,1.057,0.785,13.157
1874,10,1.337,0.685,7.727
1874,11,-1.523,0.617,-0.543
1874,12,1.024,0.816,-2.656
1875,1,-1.131,0.574,-8.121
1875,2,-2.722,1.267,-8.722
1875,3,-4.510,1.072,-6.06
1875,4,-4.038,0.934,2.222
1875,5,-0.791,0.769,11.879
1875,6,1.822,0.781,8.082
1875,7,0.724,0.543,18.534
1875,8,0.034,0.649,16.904
1875,9,-2.152,0.703,9.948
1875,10,-3.491,0.842,2.899
1875,11,-3.115,1.394,-2.135
1875,12,-6.944,1.135,-10.624
1876,1,-2.863,0.892,-9.853
1876,2,1.014,0.666,-4.986
1876,3,3.301,0.904,1.751
1876,4,1.982,0.644,8.242
1876,5,-4.433,1.084,8.237
1876,6,1.738,0.668,7.998
1876,7,0.129,0.804,17.939
1876,8,-0.240,0.738,16.63
1876,9,-0.020,0.581,12.08
1876,10,-1.207,0.703,5.183
1876,11,-4.867,1.017,-3.887
1876,12,-5.728,1.310,-9.408
1877,1,0.855,1.900,-6.135
1877,2,0.087,0.953,-5.913
1877,3,-1.342,0.958,-2.892
1877,4,-2.332,0.605,3.928
1877,5,-2.053,0.951,10.617
1877,6,-0.659,0.820,5.601
1877,7,-0.169,0.642,17.641
1877,8,-0.740,0.890,16.13
1877,9,-3.230,1.119,8.87
1877,10,-2.137,0.931,4.253
1877,11,1.948,0.985,2.928
1877,12,-0.766,1.285,-4.446
1878,1,0.018,1.217,-6.972
1878,2,2.265,0.858,-3.735
1878,3,0.512,0.987,-1.038
1878,4,0.918,0.913,7.178
1878,5,-1.398,1.069,11.272
1878,6,-0.020,0.794,6.24
1878,7,-2.543,0.841,15.267
1878,8,-0.435,0.804,16.435
1878,9,1.469,0.963,13.569
1878,10,2.244,0.984,8.634
1878,11,2.161,0.776,3.141
1878,12,1.339,0.531,-2.341
1879,1,-1.490,0.811,-8.48
1879,2,3.022,0.898,-2.978
1879,3,-1.262,0.676,-2.812
1879,4,-0.317,0.685,5.943
1879,5,-0.102,0.718,12.568
1879,6,0.158,0.818,6.418
1879,7,-1.725,0.701,16.085
1879,8,-0.994,0.859,15.876
1879,9,0.797,0.752,12.897
1879,10,-0.699,0.810,5.691
1879,11,-2.714,0.516,-1.734
1879,12,-4.863,1.049,-8.543
1880,1,-1.643,0.764,-8.633
1880,2,-0.787,1.039,-6.787
1880,3,-1.485,0.867,-3.035
1880,4,-0.079,0.733,6.181
1880,5,-1.031,0.936,11.639
1880,6,-0.570,0.847,5.69
1880,7,0.721,1.086,18.531
1880,8,0.087,1.188,16.957
1880,9,0.606,0.770,12.706
1880,10,-2.599,0.792,3.791
1880,11,-0.014,0.996,0.966
1880,12,0.380,0.860,-3.3
1881,1,-3.497,1.112,-10.487
1881,2,-0.795,0.685,-6.795
1881,3,-1.533,0.786,-3.083
1881,4,-3.335,0.779,2.925
1881,5,-0.454,0.666,12.216
1881,6,-0.957,0.771,5.303
1881,7,-0.095,0.713,17.715
1881,8,-1.014,0.712,15.856
1881,9,-1.192,0.590,10.908
1881,10,-3.482,0.803,2.908
1881,11,-0.849,0.718,0.131
1881,12,-0.925,1.099,-4.605
1882,1,5.397,1.095,-1.593
1882,2,3.098,0.902,-2.902
1882,3,4.853,0.936,3.303
1882,4,0.030,0.674,6.29
1882,5,0.299,0.710,12.969
1882,6,-1.409,0.701,4.851
1882,7,2.241,0.630,20.051
1882,8,0.274,0.803,17.144
1882,9,0.740,0.498,12.84
1882,10,-2.689,0.764,3.701
1882,11,-1.899,0.798,-0.919
1882,12,-2.667,0.905,-6.347
1883,1,-3.026,1.559,-10.016
1883,2,-1.091,1.128,-7.091
1883,3,-3.432,0.684,-4.982
1883,4,-2.341,0.623,3.919
1883,5,-0.349,0.710,12.321
1883,6,0.814,0.411,7.074
1883,7,0.614,1.046,18.424
1883,8,-0.812,0.480,16.058
1883,9,1.220,0.820,13.32
1883,10,0.033,0.511,6.423
1883,11,1.511,0.756,2.491
1883,12,0.372,1.065,-3.308
1884,1,2.859,0.691,-4.131
1884,2,3.639,0.556,-2.361
1884,3,-0.619,1.013,-2.169
1884,4,-3.270,0.494,2.99
1884,5,-1.425,0.513,11.245
1884,6,-0.410,0.571,5.85
1884,7,0.016,0.566,17.826
1884,8,-2.943,0.821,13.927
1884,9,-0.751,0.654,11.349
1884,10,-0.334,0.577,6.056
1884,11,-2.836,0.476,-1.856
1884,12,2.482,0.809,-1.198
1885,1,-0.044,0.481,-7.034
1885,2,2.451,0.501,-3.549
1885,3,0.749,0.666,-0.801
1885,4,0.166,0.627,6.426
1885,5,-1.291,0.533,11.379
1885,6,-0.047,0.781,6.213
1885,7,2.435,0.811,20.245
1885,8,-2.555,0.520,14.315
1885,9,-0.718,0.555,11.382
1885,10,0.844,0.915,7.234
1885,11,-2.707,0.610,-1.727
1885,12,-0.433,0.661,-4.113
1886,1,1.255,0.965,-5.735
1886,2,-3.393,1.116,-9.393
1886,3,-3.356,0.975,-4.906
1886,4,0.801,0.485,7.061
1886,5,-0.111,0.567,12.559
1886,6,-0.982,0.693,5.278
1886,7,-0.976,0.677,16.834
1886,8,-0.306,0.386,16.564
1886,9,-0.020,0.440,12.08
1886,10,-1.905,0.847,4.485
1886,11,1.444,0.436,2.424
1886,12,2.811,0.453,-0.869
1887,1,2.029,0.846,-4.961
1887,2,0.646,0.703,-5.354
1887,3,-0.584,0.678,-2.134
1887,4,-0.457,0.572,5.803
1887,5,1.045,0.680,13.715
1887,6,-3.186,0.971,3.074
1887,7,0.356,0.493,18.166
1887,8,-1.585,0.744,15.285
1887,9,1.336,0.575,13.436
1887,10,-2.006,0.617,4.384
1887,11,0.104,0.671,1.084
1887,12,0.545,0.512,-3.135
1888,1,-2.487,0.937,-9.477
1888,2,-3.466,0.751,-9.466
1888,3,-3.748,1.166,-5.298
1888,4,-0.354,0.534,5.906
1888,5,-1.235,0.354,11.435
1888,6,-2.047,0.784,4.213
1888,7,-1.505,0.584,16.305
1888,8,-1.012,0.538,15.858
1888,9,-0.030,0.386,12.07
1888,10,-0.294,0.559,6.096
1888,11,-2.240,0.554,-1.26
1888,12,-3.087,1.012,-6.767
1889,1,-2.285,0.922,-9.275
1889,2,-0.484,0.523,-6.484
1889,3,-4.180,0.536,-5.73
1889,4,-0.515,0.546,5.745
1889,5,3.562,0.523,16.232
1889,6,0.772,0.393,7.032
1889,7,0.248,0.534,18.058
1889,8,-0.961,0.482,15.909
1889,9,-2.646,0.392,9.454
1889,10,2.000,0.494,8.39
1889,11,1.340,0.621,2.32
1889,12,-2.062,0.725,-5.742
1890,1,2.836,0.745,-4.154
1890,2,-0.430,0.643,-6.43
1890,3,2.648,0.650,1.098
1890,4,2.799,0.617,9.059
1890,5,2.094,0.558,14.764
1890,6,-1.621,0.582,4.639
1890,7,0.642,0.570,18.452
1890,8,2.675,0.501,19.545
1890,9,-0.162,0.655,11.938
1890,10,-1.989,0.559,4.401
1890,11,-1.661,0.737,-0.681
1890,12,-6.882,1.399,-10.562
1891,1,-2.313,0.634,-9.303
1891,2,0.600,0.555,-5.4
1891,3,1.919,0.737,0.369
1891,4,-1.419,0.429,4.841
1891,5,1.666,0.424,14.336
1891,6,-1.126,0.465,5.134
1891,7,1.494,0.412,19.304
1891,8,-0.969,0.581,15.901
1891,9,-0.076,0.401,12.024
1891,10,0.447,0.597,6.837
1891,11,-3.788,0.739,-2.808
1891,12,1.607,0.589,-2.073
1892,1,-1.504,0.568,-8.494
1892,2,0.894,0.527,-5.106
1892,3,-0.792,0.617,-2.342
1892,4,-0.787,0.463,5.473
1892,5,0.309,0.418,12.979
1892,6,0.158,0.768,6.418
1892,7,-1.547,0.395,16.263
1892,8,0.445,0.451,17.315
1892,9,1.709,0.510,13.809
1892,10,-0.863,0.472,5.527
1892,11,-2.194,0.977,-1.214
1892,12,-3.352,0.801,-7.032
1893,1,-9.301,1.006,-16.291
1893,2,-2.156,0.913,-8.156
1893,3,0.087,0.643,-1.463
1893,4,-4.013,0.549,2.247
1893,5,-1.433,0.441,11.237
1893,6,-1.226,0.347,5.034
1893,7,-0.046,0.502,17.764
1893,8,-0.527,0.499,16.343
1893,9,-0.975,0.457,11.125
1893,10,1.756,0.367,8.146
1893,11,-0.789,0.481,0.191
1893,12,1.164,0.854,-2.516
1894,1,-0.786,0.695,-7.776
1894,2,2.727,0.943,-3.273
1894,3,2.638,0.683,1.088
1894,4,1.123,0.733,7.383
1894,5,0.414,0.553,13.084
1894,6,-2.928,0.567,3.332
1894,7,0.342,0.465,18.152
1894,8,-0.276,0.309,16.594
1894,9,-3.632,0.476,8.468
1894,10,-1.659,0.529,4.731
1894,11,-0.379,0.415,0.601
1894,12,0.042,0.515,-3.638
1895,1,2.482,0.393,-4.508
1895,2,-3.745,0.437,-9.745
1895,3,-1.027,0.406,-2.577
1895,4,-1.178,0.596,5.082
1895,5,0.589,0.767,13.259
1895,6,-0.174,0.546,6.086
1895,7,0.620,0.354,18.43
1895,8,-0.342,0.423,16.528
1895,9,-0.480,0.394,11.62
1895,10,0.733,0.461,7.123
1895,11,0.356,0.392,1.336
1895,12,-4.559,0.843,-8.239
1896,1,-1.791,0.769,-8.781
1896,2,0.422,0.447,-5.578
1896,3,1.304,0.371,-0.246
1896,4,-2.822,0.335,3.438
1896,5,-0.657,0.373,12.013
1896,6,1.490,0.730,7.75
1896,7,1.498,0.592,19.308
1896,8,0.446,0.381,17.316
1896,9,0.510,0.409,12.61
1896,10,3.489,0.407,9.879
1896,11,-3.681,0.525,-2.701
1896,12,-1.899,0.642,-5.579
1897,1,-1.326,0.519,-8.316
1897,2,0.212,0.445,-5.788
1897,3,1.555,0.441,0.005
1897,4,1.580,0.495,7.84
1897,5,3.700,0.692,16.37
1897,6,0.657,0.467,6.917
1897,7,1.448,0.477,19.258
1897,8,1.779,0.371,18.649
1897,9,0.204,0.496,12.304
1897,10,-0.611,0.461,5.779
1897,11,-2.067,0.641,-1.087
1897,12,-1.462,0.421,-5.142
1898,1,3.855,0.827,-3.135
1898,2,1.033,0.423,-4.967
1898,3,-1.959,0.663,-3.509
1898,4,-2.299,0.783,3.961
1898,5,1.985,0.532,14.655
1898,6,-0.741,0.608,5.519
1898,7,-0.986,0.352,16.824
1898,8,0.701,0.553,17.571
1898,9,-1.634,0.453,10.466
1898,10,-2.782,0.422,3.608
1898,11,1.893,0.522,2.873
1898,12,3.254,0.343,-0.426
1899,1,5.088,0.629,-1.902
1899,2,1.524,0.340,-4.476
1899,3,-0.047,0.602,-1.597
1899,4,0.567,0.903,6.827
1899,5,-0.587,0.683,12.083
1899,6,-3.261,0.479,2.999
1899,7,0.768,0.664,18.578
1899,8,-2.457,0.572,14.413
1899,9,0.618,0.315,12.718
1899,10,-0.137,0.543,6.253
1899,11,1.713,0.657,2.693
1899,12,-4.289,0.565,-7.969
1900,1,0.183,0.401,-6.807
1900,2,1.520,0.714,-4.48
1900,3,-1.513,0.531,-3.063
1900,4,-1.962,0.372,4.298
1900,5,-1.604,0.452,11.066
1900,6,-0.996,0.495,5.264
1900,7,0.453,0.408,18.263
1900,8,1.439,0.479,18.309
1900,9,-0.801,0.323,11.299
1900,10,0.766,0.399,7.156
1900,11,-0.821,0.508,0.159
1900,12,1.543,0.606,-2.137
1901,1,-0.161,0.580,-7.151
1901,2,-1.425,0.621,-7.425
1901,3,0.310,0.389,-1.24
1901,4,-0.315,0.438,5.945
1901,5,0.387,0.375,13.057
1901,6,2.790,0.592,9.05
1901,7,0.986,0.458,18.796
1901,8,1.569,0.398,18.439
1901,9,-0.404,0.551,11.696
1901,10,0.885,0.452,7.275
1901,11,-1.409,0.587,-0.429
1901,12,0.676,0.631,-3.004
1902,1,4.678,0.720,-2.312
1902,2,0.077,0.891,-5.923
1902,3,0.660,0.350,-0.89
1902,4,-3.454,0.460,2.806
1902,5,-2.377,0.346,10.293
1902,6,-0.703,0.463,5.557
1902,7,-2.208,0.528,15.602
1902,8,-1.857,0.388,15.013
1902,9,-1.556,0.382,10.544
1902,10,-2.405,0.348,3.985
1902,11,-4.183,0.656,-3.203
1902,12,-5.678,0.619,-9.358
1903,1,1.705,0.595,-5.285
1903,2,4.710,0.526,-1.29
1903,3,4.417,0.491,2.867
1903,4,0.811,0.422,7.071
1903,5,0.246,0.501,12.916
1903,6,1.000,0.437,7.26
1903,7,0.023,0.299,17.833
1903,8,-1.160,0.474,15.71
1903,9,1.035,0.384,13.135
1903,10,-2.126,0.374,4.264
1903,11,0.556,0.449,1.536
1903,12,-0.787,0.466,-4.467
1904,1,0.790,0.539,-6.2
1904,2,3.071,0.796,-2.929
1904,3,-1.508,0.363,-3.058
1904,4,-0.538,0.340,5.722
1904,5,-2.726,0.433,9.944
1904,6,-2.702,0.307,3.558
1904,7,-2.027,0.517,15.783
1904,8,-1.220,0.474,15.65
1904,9,-1.868,0.391,10.232
1904,10,-0.041,0.359,6.349
1904,11,-1.392,0.521,-0.412
1904,12,0.809,0.629,-2.871
1905,1,-1.880,0.528,-8.87
1905,2,2.041,0.470,-3.959
1905,3,0.730,0.346,-0.82
1905,4,-1.851,0.405,4.409
1905,5,1.218,0.394,13.888
1905,6,2.115,0.411,8.375
1905,7,-0.177,0.590,17.633
1905,8,0.333,0.595,17.203
1905,9,-0.169,0.392,11.931
1905,10,-1.978,0.434,4.412
1905,11,0.943,0.385,1.923
1905,12,0.072,0.562,-3.608
1906,1,2.345,0.431,-4.645
1906,2,1.437,0.445,-4.563
1906,3,1.361,0.305,-0.189
1906,4,1.936,0.413,8.196
1906,5,4.195,0.677,16.865
1906,6,0.296,0.573,6.556
1906,7,0.819,0.482,18.629
1906,8,-1.393,0.362,15.477
1906,9,-1.830,0.478,10.27
1906,10,-0.999,0.420,5.391
1906,11,2.023,0.507,3.003
1906,12,-1.736,0.601,-5.416
1907,1,-2.160,0.444,-9.15
1907,2,-1.630,0.375,-7.63
1907,3,-0.985,0.496,-2.535
1907,4,-2.229,0.402,4.031
1907,5,0.614,0.329,13.284
1907,6,-0.751,0.340,5.509
1907,7,-0.985,0.411,16.825
1907,8,-1.932,0.314,14.938
1907,9,-0.248,0.496,11.852
1907,10,3.123,0.620,9.513
1907,11,-2.958,0.375,-1.978
1907,12,-4.547,0.889,-8.227
1908,1,1.462,0.647,-5.528
1908,2,2.347,0.506,-3.653
1908,3,-0.662,0.363,-2.212
1908,4,-1.585,0.437,4.675
1908,5,-0.927,0.502,11.743
1908,6,-0.930,0.363,5.33
1908,7,0.237,0.556,18.047
1908,8,-1.221,0.341,15.649
1908,9,-0.810,0.620,11.29
1908,10,-1.684,0.343,4.706
1908,11,-4.691,0.383,-3.711
1908,12,-2.707,0.527,-6.387
1909,1,-0.888,0.701,-7.878
1909,2,-3.769,0.578,-9.769
1909,3,-0.271,0.716,-1.821
1909,4,-2.699,0.390,3.561
1909,5,-3.120,0.531,9.55
1909,6,-0.954,0.338,5.306
1909,7,-1.141,0.397,16.669
1909,8,0.144,0.355,17.014
1909,9,2.743,0.492,14.843
1909,10,2.546,0.864,8.936
1909,11,-1.788,0.465,-0.808
1909,12,2.097,0.804,-1.583
1910,1,3.115,0.601,-3.875
1910,2,4.121,0.624,-1.879
1910,3,2.325,0.677,0.775
1910,4,1.295,0.441,7.555
1910,5,1.777,0.436,14.447
1910,6,1.362,0.605,7.622
1910,7,0.014,0.530,17.824
1910,8,-1.384,0.379,15.486
1910,9,-0.215,0.300,11.885
1910,10,-2.001,0.366,4.389
1910,11,-0.888,0.523,0.092
1910,12,2.569,0.572,-1.111
1911,1,1.301,0.522,-5.689
1911,2,-3.943,0.868,-9.943
1911,3,0.320,0.416,-1.23
1911,4,-0.172,0.317,6.088
1911,5,1.155,0.910,13.825
1911,6,-2.009,0.458,4.251
1911,7,-1.468,0.308,16.342
1911,8,0.462,0.354,17.332
1911,9,-0.066,0.310,12.034
1911,10,-0.072,0.251,6.318
1911,11,1.275,0.474,2.255
1911,12,0.110,0.529,-3.57
1912,1,-4.402,0.790,-11.392
1912,2,-1.479,0.662,-7.479
1912,3,3.713,0.316,2.163
1912,4,-2.068,0.364,4.192
1912,5,-2.536,0.466,10.134
1912,6,1.042,0.440,7.302
1912,7,-0.648,0.372,17.162
1912,8,-0.280,0.346,16.59
1912,9,-2.333,0.453,9.767
1912,10,-4.288,0.345,2.102
1912,11,-1.086,0.688,-0.106
1912,12,3.370,0.640,-0.31
1913,1,0.664,0.392,-6.326
1913,2,1.401,0.621,-4.599
1913,3,4.000,0.386,2.45
1913,4,2.433,0.609,8.693
1913,5,-1.456,0.478,11.214
1913,6,-2.003,0.461,4.257
1913,7,-0.527,0.427,17.283
1913,8,0.706,0.560,17.576
1913,9,0.408,0.298,12.508
1913,10,-0.835,0.427,5.555
1913,11,2.280,0.412,3.26
1913,12,2.139,0.637,-1.541
1914,1,0.518,0.675,-6.472
1914,2,5.578,0.575,-0.422
1914,3,3.045,0.430,1.495
1914,4,0.377,0.324,6.637
1914,5,0.785,0.408,13.455
1914,6,0.269,0.324,6.529
1914,7,2.220,0.428,20.03
1914,8,-1.554,0.344,15.316
1914,9,-1.813,0.505,10.287
1914,10,-2.453,0.319,3.937
1914,11,-3.149,0.529,-2.169
1914,12,2.574,0.702,-1.106
1915,1,2.455,0.489,-4.535
1915,2,1.724,0.413,-4.276
1915,3,-3.383,0.581,-4.933
1915,4,-0.186,0.287,6.074
1915,5,-0.723,0.464,11.947
1915,6,-0.821,0.388,5.439
1915,7,0.750,0.386,18.56
1915,8,-1.333,0.464,15.537
1915,9,-0.943,0.573,11.157
1915,10,-2.142,0.479,4.248
1915,11,-1.391,0.535,-0.411
1915,12,-0.502,0.607,-4.182
1916,1,3.795,0.784,-3.195
1916,2,2.648,0.838,-3.352
1916,3,0.883,0.481,-0.667
1916,4,1.170,0.491,7.43
1916,5,-1.494,0.443,11.176
1916,6,-1.223,0.503,5.037
1916,7,0.190,0.456,18
1916,8,-1.756,0.446,15.114
1916,9,-1.558,0.576,10.542
1916,10,-0.876,0.483,5.514
1916,11,0.564,0.649,1.544
1916,12,0.387,0.417,-3.293
1917,1,-1.894,0.887,-8.884
1917,2,-5.919,0.677,-11.919
1917,3,-5.065,0.549,-6.615
1917,4,-0.791,0.496,5.469
1917,5,-1.956,0.531,10.714
1917,6,2.266,0.445,8.526
1917,7,-0.911,0.501,16.899
1917,8,1.467,0.399,18.337
1917,9,0.306,0.445,12.406
1917,10,1.128,0.539,7.518
1917,11,1.961,0.514,2.941
1917,12,-1.372,0.561,-5.052
1918,1,2.547,0.607,-4.443
1918,2,1.768,0.390,-4.232
1918,3,0.063,0.474,-1.487
1918,4,3.381,0.675,9.641
1918,5,-2.283,0.431,10.387
1918,6,-2.279,0.457,3.981
1918,7,-0.380,0.419,17.43
1918,8,-1.390,0.372,15.48
1918,9,0.627,0.349,12.727
1918,10,2.786,0.372,9.176
1918,11,-0.688,0.466,0.292
1918,12,-0.406,0.344,-4.086
1919,1,1.870,0.450,-5.12
1919,2,-0.005,0.393,-6.005
1919,3,-0.727,0.478,-2.277
1919,4,0.190,0.477,6.45
1919,5,-2.587,0.544,10.083
1919,6,-1.136,0.607,5.124
1919,7,-0.089,0.450,17.721
1919,8,-2.108,0.402,14.762
1919,9,2.456,0.582,14.556
1919,10,-0.828,0.443,5.562
1919,11,-5.892,0.493,-4.912
1919,12,-1.163,0.867,-4.843
1920,1,0.819,0.478,-6.171
1920,2,1.575,0.741,-4.425
1920,3,3.490,0.451,1.94
1920,4,4.746,0.744,11.006
1920,5,2.407,0.394,15.077
1920,6,-2.054,0.693,4.206
1920,7,2.346,0.818,20.156
1920,8,1.040,0.565,17.91
1920,9,0.729,0.425,12.829
1920,10,-4.455,0.770,1.935
1920,11,-2.168,0.674,-1.188
1920,12,-2.071,0.842,-5.751
1921,1,3.895,0.570,-3.095
1921,2,-1.002,0.542,-7.002
1921,3,4.997,0.726,3.447
1921,4,3.031,0.406,9.291
1921,5,2.921,0.387,15.591
1921,6,-0.413,0.485,5.847
1921,7,-0.879,0.415,16.931
1921,8,0.588,0.454,17.458
1921,9,-1.517,0.464,10.583
1921,10,-0.430,0.549,5.96
1921,11,-4.492,0.431,-3.512
1921,12,-2.388,0.597,-6.068
1922,1,-2.314,0.566,-9.304
1922,2,-0.915,0.659,-6.915
1922,3,1.010,0.404,-0.54
1922,4,-0.897,0.491,5.363
1922,5,-0.113,0.452,12.557
1922,6,-0.891,0.611,5.369
1922,7,0.489,0.467,18.299
1922,8,-0.686,0.515,16.184
1922,9,-1.498,0.538,10.602
1922,10,-3.224,0.441,3.166
1922,11,-1.238,0.798,-0.258
1922,12,0.581,0.493,-3.099
1923,1,3.732,0.576,-3.258
1923,2,-3.327,0.515,-9.327
1923,3,1.675,0.515,0.125
1923,4,-2.375,0.474,3.885
1923,5,0.482,0.444,13.152
1923,6,-3.160,0.492,3.1
1923,7,-0.614,0.407,17.196
1923,8,-2.270,0.382,14.6
1923,9,1.218,0.364,13.318
1923,10,2.006,0.382,8.396
1923,11,2.730,0.401,3.71
1923,12,-0.732,0.358,-4.412
1924,1,-4.385,0.490,-11.375
1924,2,-1.898,0.555,-7.898
1924,3,-1.955,0.483,-3.505
1924,4,-2.462,0.350,3.798
1924,5,1.792,0.409,14.462
1924,6,1.041,0.444,7.301
1924,7,-1.015,0.347,16.795
1924,8,-0.201,0.407,16.669
1924,9,2.152,0.351,14.252
1924,10,0.483,0.538,6.873
1924,11,-0.398,0.517,0.582
1924,12,-0.455,0.493,-4.135
1925,1,6.376,0.606,-0.614
1925,2,6.917,0.639,0.917
1925,3,1.282,0.373,-0.268
1925,4,1.572,0.532,7.832
1925,5,2.187,0.520,14.857
1925,6,-2.517,0.387,3.743
1925,7,1.017,0.467,18.827
1925,8,-0.434,0.348,16.436
1925,9,-0.860,0.349,11.24
1925,10,-1.443,0.293,4.947
1925,11,-0.944,0.402,0.036
1925,12,-0.936,0.644,-4.616
1926,1,-0.157,0.575,-7.147
1926,2,1.059,0.320,-4.941
1926,3,-1.089,0.558,-2.639
1926,4,0.259,0.378,6.519
1926,5,0.822,0.545,13.492
1926,6,0.066,0.488,6.326
1926,7,0.740,0.460,18.55
1926,8,-2.312,0.486,14.558
1926,9,-0.371,0.350,11.729
1926,10,-1.509,0.365,4.881
1926,11,4.280,0.602,5.26
1926,12,-1.139,0.354,-4.819
1927,1,-1.217,0.592,-8.207
1927,2,-0.280,0.489,-6.28
1927,3,3.111,0.579,1.561
1927,4,-0.930,0.381,5.33
1927,5,-2.640,0.318,10.03
1927,6,-0.059,0.383,6.201
1927,7,1.624,0.350,19.434
1927,8,1.510,0.342,18.38
1927,9,1.266,0.297,13.366
1927,10,-0.003,0.316,6.387
1927,11,-1.344,0.414,-0.364
1927,12,-5.527,0.295,-9.207
1928,1,2.118,0.575,-4.872
1928,2,-1.057,0.464,-7.057
1928,3,-2.656,0.572,-4.206
1928,4,-1.393,0.389,4.867
1928,5,-0.493,0.475,12.177
1928,6,-3.887,0.335,2.373
1928,7,-0.523,0.471,17.287
1928,8,-1.725,0.435,15.145
1928,9,-0.186,0.344,11.914
1928,10,-0.560,0.342,5.83
1928,11,3.546,0.532,4.526
1928,12,-0.712,0.566,-4.392
1929,1,-2.878,0.316,-9.868
1929,2,-10.400,0.340,-16.4
1929,3,-2.964,0.344,-4.514
1929,4,-5.827,0.326,0.433
1929,5,2.397,0.425,15.067
1929,6,-2.741,0.337,3.519
1929,7,-0.412,0.244,17.398
1929,8,1.911,0.327,18.781
1929,9,-0.827,0.349,11.273
1929,10,2.871,0.341,9.261
1929,11,1.876,0.308,2.856
1929,12,2.325,0.545,-1.355
1930,1,4.752,0.613,-2.238
1930,2,0.681,0.440,-5.319
1930,3,2.582,0.412,1.032
1930,4,1.963,0.434,8.223
1930,5,0.372,0.395,13.042
1930,6,-0.661,0.365,5.599
1930,7,-0.774,0.336,17.036
1930,8,0.435,0.342,17.305
1930,9,-1.173,0.299,10.927
1930,10,1.010,0.285,7.4
1930,11,1.758,0.279,2.738
1930,12,-2.708,0.330,-6.388
1931,1,0.125,0.420,-6.865
1931,2,-3.440,0.378,-9.44
1931,3,-2.408,0.456,-3.958
1931,4,-2.901,0.342,3.359
1931,5,3.004,0.352,15.674
1931,6,-1.122,0.268,5.138
1931,7,1.542,0.265,19.352
1931,8,-0.039,0.273,16.831
1931,9,-2.036,0.320,10.064
1931,10,-1.227,0.268,5.163
1931,11,-1.435,0.351,-0.455
1931,12,0.185,0.517,-3.495
1932,1,4.637,0.591,-2.353
1932,2,-4.431,0.424,-10.431
1932,3,-4.243,0.285,-5.793
1932,4,-0.611,0.318,5.649
1932,5,2.589,0.235,15.259
1932,6,-0.755,0.320,5.505
1932,7,2.470,0.302,20.28
1932,8,1.440,0.390,18.31
1932,9,2.176,0.248,14.276
1932,10,1.073,0.262,7.463
1932,11,0.388,0.414,1.368
1932,12,3.504,0.356,-0.176
1933,1,-2.407,0.495,-9.397
1933,2,0.509,0.450,-5.491
1933,3,0.667,0.446,-0.883
1933,4,-2.597,0.492,3.663
1933,5,-1.673,0.268,10.997
1933,6,-1.990,0.413,4.27
1933,7,0.733,0.381,18.543
1933,8,-1.614,0.393,15.256
1933,9,-0.806,0.351,11.294
1933,10,0.152,0.320,6.542
1933,11,-1.364,0.299,-0.384
1933,12,-5.822,0.525,-9.502
1934,1,1.613,0.621,-5.377
1934,2,2.850,0.531,-3.15
1934,3,3.115,0.320,1.565
1934,4,2.691,0.309,8.951
1934,5,2.222,0.405,14.892
1934,6,-0.781,0.322,5.479
1934,7,0.616,0.527,18.426
1934,8,0.902,0.398,17.772
1934,9,2.264,0.438,14.364
1934,10,2.385,0.493,8.775
1934,11,2.816,0.466,3.796
1934,12,-2.009,0.456,-5.689
1935,1,-2.119,0.348,-9.109
1935,2,2.552,0.390,-3.448
1935,3,0.308,0.417,-1.242
1935,4,-0.065,0.335,6.195
1935,5,-2.065,0.344,10.605
1935,6,1.109,0.265,7.369
1935,7,-2.090,0.311,15.72
1935,8,-0.269,0.341,16.601
1935,9,0.424,0.317,12.524
1935,10,3.153,0.283,9.543
1935,11,-1.227,0.421,-0.247
1935,12,1.537,0.312,-2.143
1936,1,5.777,0.351,-1.213
1936,2,-1.786,0.517,-7.786
1936,3,3.551,0.357,2.001
1936,4,0.205,0.304,6.465
1936,5,1.642,0.319,14.312
1936,6,1.480,0.330,7.74
1936,7,4.029,0.467,21.839
1936,8,-0.042,0.275,16.828
1936,9,-1.065,0.258,11.035
1936,10,-2.779,0.346,3.611
1936,11,0.484,0.365,1.464
1936,12,2.716,0.367,-0.964
1937,1,-2.594,0.445,-9.584
1937,2,1.544,0.259,-4.456
1937,3,2.212,0.272,0.662
1937,4,1.100,0.370,7.36
1937,5,2.926,0.327,15.596
1937,6,1.149,0.290,7.409
1937,7,-0.040,0.268,17.77
1937,8,1.395,0.356,18.265
1937,9,2.798,0.305,14.898
1937,10,0.229,0.283,6.619
1937,11,0.768,0.291,1.748
1937,12,-1.562,0.356,-5.242
1938,1,1.171,0.423,-5.819
1938,2,2.415,0.460,-3.585
1938,3,4.566,0.390,3.016
1938,4,-1.533,0.360,4.727
1938,5,-0.609,0.231,12.061
1938,6,-0.320,0.274,5.94
1938,7,2.837,0.369,20.647
1938,8,3.211,0.427,20.081
1938,9,2.102,0.305,14.202
1938,10,1.900,0.275,8.29
1938,11,3.113,0.237,4.093
1938,12,-3.047,0.405,-6.727
1939,1,3.287,0.320,-3.703
1939,2,5.386,0.349,-0.614
1939,3,0.158,0.253,-1.392
1939,4,0.810,0.318,7.07
1939,5,-0.399,0.340,12.271
1939,6,0.825,0.306,7.085
1939,7,1.890,0.310,19.7
1939,8,3.226,0.536,20.096
1939,9,-0.177,0.302,11.923
1939,10,-2.784,0.250,3.606
1939,11,0.675,0.255,1.655
1939,12,-1.155,0.340,-4.835
1940,1,-7.162,0.286,-14.152
1940,2,-6.539,0.349,-12.539
1940,3,-3.289,0.325,-4.839
1940,4,-1.731,0.276,4.529
1940,5,0.280,0.355,12.95
1940,6,0.264,0.261,6.524
1940,7,0.513,0.292,18.323
1940,8,-0.858,0.316,16.012
1940,9,0.052,0.253,12.152
1940,10,-2.226,0.267,4.164
1940,11,2.544,0.316,3.524
1940,12,-2.562,0.346,-6.242
1941,1,-5.302,0.334,-12.292
1941,2,0.622,0.329,-5.378
1941,3,-1.055,0.322,-2.605
1941,4,-2.550,0.366,3.71
1941,5,-3.363,0.341,9.307
1941,6,-2.120,0.352,4.14
1941,7,1.791,0.397,19.601
1941,8,-0.219,0.320,16.651
1941,9,-2.341,0.372,9.759
1941,10,-3.074,0.395,3.316
1941,11,-5.058,0.315,-4.078
1941,12,-2.132,0.772,-5.812
1942,1,-9.130,0.547,-16.12
1942,2,-4.246,0.451,-10.246
1942,3,-7.018,0.413,-8.568
1942,4,-2.116,0.420,4.144
1942,5,-1.072,0.439,11.598
1942,6,-2.359,0.432,3.901
1942,7,-0.549,0.311,17.261
1942,8,1.112,0.407,17.982
1942,9,1.248,0.414,13.348
1942,10,1.161,0.377,7.551
1942,11,-2.574,0.350,-1.594
1942,12,0.562,0.383,-3.118
1943,1,-3.604,0.445,-10.594
1943,2,3.970,0.504,-2.03
1943,3,2.226,0.369,0.676
1943,4,1.493,0.332,7.753
1943,5,-1.151,0.357,11.519
1943,6,-0.230,0.346,6.03
1943,7,-1.104,0.338,16.706
1943,8,0.744,0.388,17.614
1943,9,0.613,0.364,12.713
1943,10,1.279,0.441,7.669
1943,11,0.296,0.337,1.276
1943,12,1.428,0.384,-2.252
1944,1,4.753,0.393,-2.237
1944,2,2.640,0.270,-3.36
1944,3,0.697,0.347,-0.853
1944,4,-2.595,0.331,3.665
1944,5,-0.853,0.368,11.817
1944,6,-1.169,0.243,5.091
1944,7,1.140,0.320,18.95
1944,8,0.774,0.375,17.644
1944,9,0.732,0.342,12.832
1944,10,1.046,0.329,7.436
1944,11,0.542,0.317,1.522
1944,12,-0.380,0.432,-4.06
1945,1,-0.819,0.473,-7.809
1945,2,1.625,0.406,-4.375
1945,3,0.080,0.364,-1.47
1945,4,-0.509,0.328,5.751
1945,5,-1.766,0.301,10.904
1945,6,-1.424,0.322,4.836
1945,7,0.472,0.323,18.282
1945,8,0.604,0.325,17.474
1945,9,0.078,0.280,12.178
1945,10,-1.099,0.255,5.291
1945,11,-0.704,0.291,0.276
1945,12,-1.980,0.372,-5.66
1946,1,1.242,0.321,-5.748
1946,2,0.853,0.279,-5.147
1946,3,0.907,0.359,-0.643
1946,4,1.358,0.235,7.618
1946,5,1.027,0.227,13.697
1946,6,1.584,0.226,7.844
1946,7,1.163,0.252,18.973
1946,8,1.952,0.290,18.822
1946,9,1.058,0.346,13.158
1946,10,-3.962,0.310,2.428
1946,11,-2.695,0.220,-1.715
1946,12,-2.031,0.398,-5.711
1947,1,-2.489,0.400,-9.479
1947,2,-5.875,0.436,-11.875
1947,3,-0.672,0.213,-2.222
1947,4,0.655,0.317,6.915
1947,5,0.272,0.258,12.942
1947,6,1.350,0.221,7.61
1947,7,1.016,0.262,18.826
1947,8,-0.145,0.228,16.725
1947,9,1.604,0.354,13.704
1947,10,-2.363,0.290,4.027
1947,11,-0.365,0.328,0.615
1947,12,2.234,0.381,-1.446
1948,1,3.992,0.411,-2.998
1948,2,-0.726,0.372,-6.726
1948,3,0.639,0.231,-0.911
1948,4,2.425,0.281,8.685
1948,5,2.524,0.259,15.194
1948,6,1.329,0.242,7.589
1948,7,-0.680,0.255,17.13
1948,8,0.636,0.231,17.506
1948,9,0.259,0.288,12.359
1948,10,-0.009,0.208,6.381
1948,11,-0.592,0.210,0.388
1948,12,-0.280,0.256,-3.96
1949,1,4.504,0.289,-2.486
1949,2,2.791,0.317,-3.209
1949,3,-0.065,0.300,-1.615
1949,4,0.423,0.242,6.683
1949,5,2.569,0.295,15.239
1949,6,-0.866,0.259,5.394
1949,7,-0.245,0.220,17.565
1949,8,-0.738,0.284,16.132
1949,9,1.515,0.291,13.615
1949,10,0.025,0.392,6.415
1949,11,2.101,0.184,3.081
1949,12,3.435,0.290,-0.245
1950,1,-6.546,0.378,-13.536
1950,2,3.729,0.284,-2.271
1950,3,1.957,0.199,0.407
1950,4,3.962,0.323,10.222
1950,5,0.783,0.339,13.453
1950,6,-0.896,0.377,5.364
1950,7,-1.083,0.276,16.727
1950,8,-0.997,0.237,15.873
1950,9,0.863,0.265,12.963
1950,10,-0.532,0.244,5.858
1950,11,0.692,0.183,1.672
1950,12,1.882,0.201,-1.798
1951,1,0.463,0.260,-6.527
1951,2,-0.503,0.302,-6.503
1951,3,-0.083,0.231,-1.633
1951,4,2.045,0.209,8.305
1951,5,-1.444,0.294,11.226
1951,6,0.276,0.369,6.536
1951,7,-0.036,0.409,17.774
1951,8,1.808,0.423,18.678
1951,9,1.534,0.435,13.634
1951,10,-2.444,0.297,3.946
1951,11,0.351,0.323,1.331
1951,12,3.231,0.303,-0.449
1952,1,4.796,0.401,-2.194
1952,2,1.385,0.358,-4.615
1952,3,-6.728,0.395,-8.278
1952,4,1.554,0.345,7.814
1952,5,-1.993,0.191,10.677
1952,6,-1.244,0.267,5.016
1952,7,-0.064,0.290,17.746
1952,8,1.239,0.274,18.109
1952,9,-0.476,0.268,11.624
1952,10,-0.502,0.220,5.888
1952,11,-0.838,0.219,0.142
1952,12,-0.212,0.247,-3.892
1953,1,1.077,0.384,-5.913
1953,2,-2.859,0.324,-8.859
1953,3,0.928,0.265,-0.622
1953,4,0.726,0.337,6.986
1953,5,-0.590,0.274,12.08
1953,6,1.657,0.199,7.917
1953,7,1.550,0.200,19.36
1953,8,0.130,0.237,17
1953,9,0.072,0.238,12.172
1953,10,1.005,0.253,7.395
1953,11,-2.160,0.290,-1.18
1953,12,-0.340,0.327,-4.02
1954,1,-4.925,0.290,-11.915
1954,2,-7.223,0.326,-13.223
1954,3,1.529,0.290,-0.021
1954,4,-2.400,0.399,3.86
1954,5,1.603,0.231,14.273
1954,6,2.246,0.308,8.506
1954,7,0.290,0.190,18.1
1954,8,0.934,0.365,17.804
1954,9,1.682,0.380,13.782
1954,10,0.386,0.299,6.776
1954,11,-0.362,0.213,0.618
1954,12,2.060,0.248,-1.62
1955,1,1.794,0.198,-5.196
1955,2,0.849,0.288,-5.151
1955,3,-1.941,0.245,-3.491
1955,4,-3.256,0.255,3.004
1955,5,-1.774,0.241,10.896
1955,6,-1.585,0.328,4.675
1955,7,0.749,0.293,18.559
1955,8,1.627,0.258,18.497
1955,9,2.504,0.243,14.604
1955,10,1.853,0.239,8.243
1955,11,-1.217,0.372,-0.237
1955,12,-1.879,0.383,-5.559
1956,1,0.993,0.375,-5.997
1956,2,-8.851,0.390,-14.851
1956,3,-2.322,0.309,-3.872
1956,4,-1.903,0.266,4.357
1956,5,-0.791,0.267,11.879
1956,6,2.367,0.291,8.627
1956,7,-1.533,0.181,16.277
1956,8,-1.574,0.290,15.296
1956,9,-1.461,0.235,10.639
1956,10,0.189,0.390,6.579
1956,11,-4.354,0.492,-3.374
1956,12,0.213,0.269,-3.467
1957,1,2.981,0.225,-4.009
1957,2,5.904,0.322,-0.096
1957,3,-0.351,0.278,-1.901
1957,4,1.130,0.227,7.39
1957,5,-0.271,0.228,12.399
1957,6,-0.105,0.230,6.155
1957,7,0.669,0.503,18.479
1957,8,-0.250,0.266,16.62
1957,9,-0.522,0.400,11.578
1957,10,0.634,0.254,7.024
1957,11,0.896,0.422,1.876
1957,12,-0.528,0.433,-4.208
1958,1,1.441,0.320,-5.549
1958,2,2.070,0.351,-3.93
1958,3,-2.483,0.312,-4.033
1958,4,-2.556,0.240,3.704
1958,5,1.726,0.304,14.396
1958,6,-1.738,0.317,4.522
1958,7,-0.101,0.413,17.709
1958,8,-0.668,0.319,16.202
1958,9,-0.760,0.262,11.34
1958,10,1.413,0.217,7.803
1958,11,0.629,0.254,1.609
1958,12,1.051,0.373,-2.629
1959,1,4.160,0.345,-2.83
1959,2,2.727,0.345,-3.273
1959,3,3.014,0.489,1.464
1959,4,0.753,0.428,7.013
1959,5,-0.758,0.176,11.912
1959,6,0.344,0.268,6.604
1959,7,2.955,0.266,20.765
1959,8,1.186,0.285,18.056
1959,9,-2.166,0.295,9.934
1959,10,-1.525,0.331,4.865
1959,11,-1.488,0.273,-0.508
1959,12,-2.841,0.298,-6.521
1960,1,0.375,0.372,-6.615
1960,2,-0.281,0.358,-6.281
1960,3,-1.644,0.367,-3.194
1960,4,-0.394,0.309,5.866
1960,5,0.279,0.371,12.949
1960,6,0.855,0.323,7.115
1960,7,1.293,0.317,19.103
1960,8,-0.146,0.285,16.724
1960,9,-1.498,0.269,10.602
1960,10,0.043,0.197,6.433
1960,11,1.168,0.321,2.148
1960,12,5.462,0.285,1.782
1961,1,1.937,0.250,-5.053
1961,2,4.828,0.247,-1.172
1961,3,4.425,0.174,2.875
1961,4,0.951,0.318,7.211
1961,5,-0.702,0.240,11.968
1961,6,1.412,0.302,7.672
1961,7,-0.175,0.224,17.635
1961,8,-0.538,0.339,16.332
1961,9,0.289,0.194,12.389
1961,10,1.161,0.348,7.551
1961,11,0.619,0.167,1.599
1961,12,-1.874,0.327,-5.554
1962,1,4.510,0.394,-2.48
1962,2,0.800,0.348,-5.2
1962,3,-3.183,0.285,-4.733
1962,4,2.334,0.388,8.594
1962,5,-0.449,0.216,12.221
1962,6,-2.487,0.353,3.773
1962,7,-2.017,0.225,15.793
1962,8,-0.817,0.358,16.053
1962,9,-0.493,0.548,11.607
1962,10,0.862,0.296,7.252
1962,11,1.838,0.258,2.818
1962,12,-2.454,0.265,-6.134
1963,1,-7.432,0.504,-14.422
1963,2,-2.910,0.296,-8.91
1963,3,-4.515,0.361,-6.065
1963,4,-1.196,0.354,5.064
1963,5,3.810,0.301,16.48
1963,6,-1.277,0.285,4.983
1963,7,1.856,0.204,19.666
1963,8,2.251,0.238,19.121
1963,9,2.008,0.359,14.108
1963,10,0.494,0.203,6.884
1963,11,1.734,0.212,2.714
1963,12,-4.142,0.262,-7.822
1964,1,0.688,0.278,-6.302
1964,2,-2.958,0.350,-8.958
1964,3,-3.732,0.306,-5.282
1964,4,-0.321,0.285,5.939
1964,5,-0.972,0.255,11.698
1964,6,3.156,0.174,9.416
1964,7,0.963,0.349,18.773
1964,8,-1.658,0.262,15.212
1964,9,0.360,0.257,12.46
1964,10,0.918,0.216,7.308
1964,11,-0.169,0.201,0.811
1964,12,1.792,0.206,-1.888
1965,1,1.236,0.186,-5.754
1965,2,-2.102,0.242,-8.102
1965,3,-0.653,0.285,-2.203
1965,4,-2.004,0.206,4.256
1965,5,-2.920,0.177,9.75
1965,6,-0.854,0.207,5.406
1965,7,-1.573,0.376,16.237
1965,8,-1.219,0.235,15.651
1965,9,1.773,0.337,13.873
1965,10,-0.741,0.306,5.649
1965,11,-4.346,0.277,-3.366
1965,12,1.900,0.256,-1.78
1966,1,-0.003,0.309,-6.993
1966,2,0.859,0.180,-5.141
1966,3,2.776,0.230,1.226
1966,4,2.262,0.288,8.522
1966,5,2.320,0.295,14.99
1966,6,0.038,0.288,6.298
1966,7,0.890,0.217,18.7
1966,8,-0.160,0.258,16.71
1966,9,-1.044,0.341,11.056
1966,10,2.240,0.150,8.63
1966,11,-0.395,0.198,0.585
1966,12,-1.422,0.249,-5.102
1967,1,-4.396,0.229,-11.386
1967,2,0.139,0.293,-5.861
1967,3,3.440,0.272,1.89
1967,4,1.006,0.267,7.266
1967,5,2.789,0.334,15.459
1967,6,-0.151,0.242,6.109
1967,7,0.282,0.357,18.092
1967,8,0.262,0.308,17.132
1967,9,2.229,0.288,14.329
1967,10,3.440,0.212,9.83
1967,11,2.317,0.155,3.297
1967,12,-2.427,0.204,-6.107
1968,1,-4.549,0.313,-11.539
1968,2,0.229,0.249,-5.771
1968,3,1.561,0.197,0.011
1968,4,1.504,0.268,7.764
1968,5,-0.433,0.185,12.237
1968,6,1.227,0.191,7.487
1968,7,-1.552,0.374,16.258
1968,8,0.863,0.305,17.733
1968,9,0.279,0.485,12.379
1968,10,-0.953,0.305,5.437
1968,11,-0.951,0.198,0.029
1968,12,-0.571,0.162,-4.251
1969,1,-5.425,0.327,-12.415
1969,2,-2.356,0.231,-8.356
1969,3,-3.916,0.238,-5.466
1969,4,-0.526,0.220,5.734
1969,5,0.301,0.182,12.971
1969,6,-0.943,0.143,5.317
1969,7,-0.175,0.335,17.635
1969,8,-0.464,0.301,16.406
1969,9,-0.477,0.306,11.623
1969,10,-0.315,0.220,6.075
1969,11,2.913,0.152,3.893
1969,12,-5.193,0.205,-8.873
1970,1,-1.581,0.283,-8.571
1970,2,-2.562,0.223,-8.562
1970,3,0.550,0.317,-1
1970,4,0.318,0.315,6.578
1970,5,0.674,0.194,13.344
1970,6,-0.065,0.212,6.195
1970,7,0.469,0.186,18.279
1970,8,-0.333,0.268,16.537
1970,9,-0.195,0.245,11.905
1970,10,-0.913,0.189,5.477
1970,11,0.942,0.188,1.922
1970,12,0.630,0.226,-3.05
1971,1,2.488,0.155,-4.502
1971,2,1.771,0.339,-4.229
1971,3,-1.133,0.321,-2.683
1971,4,-0.628,0.234,5.632
1971,5,1.516,0.303,14.186
1971,6,-0.503,0.220,5.757
1971,7,-0.532,0.289,17.278
1971,8,1.029,0.309,17.899
1971,9,-1.084,0.374,11.016
1971,10,-0.218,0.248,6.172
1971,11,-0.674,0.238,0.306
1971,12,3.200,0.278,-0.48
1972,1,-4.691,0.320,-11.681
1972,2,1.975,0.329,-4.025
1972,3,1.743,0.452,0.193
1972,4,0.971,0.285,7.231
1972,5,1.176,0.263,13.846
1972,6,1.601,0.453,7.861
1972,7,2.855,0.230,20.665
1972,8,1.705,0.329,18.575
1972,9,-0.278,0.404,11.822
1972,10,-1.261,0.394,5.129
1972,11,1.218,0.245,2.198
1972,12,2.962,0.323,-0.718
1973,1,0.046,0.142,-6.944
1973,2,4.763,0.238,-1.237
1973,3,2.331,0.179,0.781
1973,4,0.659,0.297,6.919
1973,5,-0.017,0.193,12.653
1973,6,-0.027,0.223,6.233
1973,7,0.641,0.278,18.451
1973,8,-0.532,0.315,16.338
1973,9,-2.154,0.131,9.946
1973,10,-1.628,0.295,4.762
1973,11,-1.248,0.121,-0.268
1973,12,-0.275,0.225,-3.955
1974,1,1.212,0.219,-5.778
1974,2,5.690,0.217,-0.31
1974,3,3.084,0.205,1.534
1974,4,-1.504,0.250,4.756
1974,5,-2.285,0.246,10.385
1974,6,-1.564,0.228,4.696
1974,7,-1.377,0.209,16.433
1974,8,-0.268,0.185,16.602
1974,9,1.135,0.199,13.235
1974,10,1.144,0.173,7.534
1974,11,1.152,0.149,2.132
1974,12,3.700,0.283,0.02
1975,1,6.399,0.176,-0.591
1975,2,3.508,0.234,-2.492
1975,3,4.330,0.208,2.78
1975,4,1.629,0.274,7.889
1975,5,3.417,0.208,16.087
1975,6,0.390,0.375,6.65
1975,7,0.705,0.294,18.515
1975,8,0.664,0.409,17.534
1975,9,2.515,0.257,14.615
1975,10,-0.201,0.133,6.189
1975,11,-1.989,0.180,-1.009
1975,12,1.947,0.125,-1.733
1976,1,-1.084,0.199,-8.074
1976,2,-3.242,0.299,-9.242
1976,3,-0.986,0.224,-2.536
1976,4,0.370,0.158,6.63
1976,5,-1.504,0.359,11.166
1976,6,-2.572,0.238,3.688
1976,7,-0.563,0.541,17.247
1976,8,-1.752,0.476,15.118
1976,9,-0.211,0.150,11.889
1976,10,-3.953,0.188,2.437
1976,11,1.026,0.134,2.006
1976,12,1.054,0.164,-2.626
1977,1,-0.158,0.206,-7.148
1977,2,2.526,0.293,-3.474
1977,3,2.773,0.156,1.223
1977,4,0.176,0.320,6.436
1977,5,0.820,0.355,13.49
1977,6,-0.065,0.176,6.195
1977,7,-1.209,0.234,16.601
1977,8,-1.463,0.182,15.407
1977,9,-2.096,0.256,10.004
1977,10,-0.118,0.166,6.272
1977,11,1.699,0.122,2.679
1977,12,-1.772,0.203,-5.452
1978,1,0.550,0.153,-6.44
1978,2,-1.618,0.270,-7.618
1978,3,3.123,0.148,1.573
1978,4,-0.271,0.181,5.989
1978,5,-1.759,0.167,10.911
1978,6,-2.149,0.142,4.111
1978,7,-1.714,0.353,16.096
1978,8,-0.898,0.168,15.972
1978,9,-2.067,0.274,10.033
1978,10,-0.228,0.149,6.162
1978,11,3.482,0.217,4.462
1978,12,-6.107,0.292,-9.787
1979,1,-0.730,0.162,-7.72
1979,2,-2.414,0.169,-8.414
1979,3,1.668,0.167,0.118
1979,4,-1.113,0.150,5.147
1979,5,2.250,0.407,14.92
1979,6,1.892,0.337,8.152
1979,7,-2.975,0.208,14.835
1979,8,0.296,0.234,17.166
1979,9,0.454,0.197,12.554
1979,10,-1.737,0.199,4.653
1979,11,-0.501,0.171,0.479
1979,12,1.896,0.221,-1.784
1980,1,-2.172,0.228,-9.162
1980,2,-0.144,0.188,-6.144
1980,3,-3.604,0.375,-5.154
1980,4,-0.312,0.369,5.948
1980,5,-4.020,0.167,8.65
1980,6,-0.134,0.298,6.126
1980,7,-0.572,0.198,17.238
1980,8,-1.256,0.513,15.614
1980,9,0.147,0.143,12.247
1980,10,0.958,0.170,7.348
1980,11,-1.292,0.199,-0.312
1980,12,0.939,0.157,-2.741
1981,1,1.038,0.163,-5.952
1981,2,2.321,0.105,-3.679
1981,3,1.446,0.267,-0.104
1981,4,-2.231,0.217,4.029
1981,5,1.661,0.298,14.331
1981,6,1.295,0.213,7.555
1981,7,1.060,0.180,18.87
1981,8,-0.765,0.166,16.105
1981,9,0.435,0.264,12.535
1981,10,1.645,0.195,8.035
1981,11,-0.027,0.134,0.953
1981,12,-0.224,0.186,-3.904
1982,1,0.987,0.283,-6.003
1982,2,-0.004,0.210,-6.004
1982,3,2.536,0.259,0.986
1982,4,-0.931,0.221,5.329
1982,5,0.127,0.173,12.797
1982,6,-2.271,0.153,3.989
1982,7,-0.230,0.185,17.58
1982,8,0.478,0.253,17.348
1982,9,1.232,0.153,13.332
1982,10,0.393,0.142,6.783
1982,11,2.081,0.319,3.061
1982,12,3.948,0.217,0.268
1983,1,6.338,0.172,-0.652
1983,2,1.039,0.134,-4.961
1983,3,2.235,0.236,0.685
1983,4,2.914,0.131,9.174
1983,5,3.346,0.216,16.016
1983,6,-0.834,0.214,5.426
1983,7,-0.226,0.197,17.584
1983,8,0.288,0.145,17.158
1983,9,1.888,0.192,13.988
1983,10,0.625,0.300,7.015
1983,11,-0.756,0.222,0.224
1983,12,0.947,0.194,-2.733
1984,1,4.191,0.146,-2.799
1984,2,-0.555,0.252,-6.555
1984,3,0.448,0.281,-1.102
1984,4,1.870,0.348,8.13
1984,5,1.997,0.158,14.667
1984,6,-2.215,0.369,4.045
1984,7,-1.874,0.234,15.936
1984,8,-0.356,0.223,16.514
1984,9,0.627,0.222,12.727
1984,10,2.140,0.245,8.53
1984,11,-1.148,0.187,-0.168
1984,12,-1.135,0.229,-4.815
1985,1,-4.876,0.223,-11.866
1985,2,-8.190,0.232,-14.19
1985,3,-0.654,0.149,-2.204
1985,4,0.162,0.172,6.422
1985,5,1.693,0.188,14.363
1985,6,-1.296,0.261,4.964
1985,7,-1.310,0.168,16.5
1985,8,1.849,0.189,18.719
1985,9,-1.390,0.303,10.71
1985,10,1.007,0.380,7.397
1985,11,-2.550,0.223,-1.57
1985,12,0.631,0.248,-3.049
1986,1,2.777,0.204,-4.213
1986,2,-6.113,0.211,-12.113
1986,3,1.437,0.226,-0.113
1986,4,1.852,0.146,8.112
1986,5,1.465,0.284,14.135
1986,6,0.843,0.311,7.103
1986,7,0.008,0.170,17.818
1986,8,0.359,0.255,17.229
1986,9,-2.436,0.225,9.664
1986,10,-0.545,0.262,5.845
1986,11,1.290,0.217,2.27
1986,12,-0.685,0.144,-4.365
1987,1,-9.240,0.259,-16.23
1987,2,1.702,0.194,-4.298
1987,3,-4.527,0.194,-6.077
1987,4,-2.161,0.213,4.099
1987,5,-0.272,0.191,12.398
1987,6,-0.333,0.165,5.927
1987,7,-0.640,0.328,17.17
1987,8,-2.187,0.203,14.683
1987,9,-1.062,0.209,11.038
1987,10,-0.533,0.216,5.857
1987,11,0.067,0.132,1.047
1987,12,-0.143,0.153,-3.823
1988,1,2.430,0.142,-4.56
1988,2,2.568,0.174,-3.432
1988,3,1.419,0.295,-0.131
1988,4,-0.484,0.189,5.776
1988,5,2.014,0.352,14.684
1988,6,0.691,0.271,6.951
1988,7,2.102,0.212,19.912
1988,8,-0.230,0.325,16.64
1988,9,0.526,0.216,12.626
1988,10,-0.969,0.358,5.421
1988,11,-3.666,0.171,-2.686
1988,12,-0.601,0.210,-4.281
1989,1,7.186,0.191,0.196
1989,2,7.647,0.140,1.647
1989,3,5.241,0.249,3.691
1989,4,2.285,0.317,8.545
1989,5,0.934,0.248,13.604
1989,6,0.916,0.257,7.176
1989,7,0.193,0.238,18.003
1989,8,-0.068,0.189,16.802
1989,9,1.207,0.172,13.307
1989,10,0.976,0.232,7.366
1989,11,-1.833,0.161,-0.853
1989,12,1.470,0.210,-2.21
1990,1,6.167,0.156,-0.823
1990,2,8.686,0.128,2.686
1990,3,6.203,0.269,4.653
1990,4,1.973,0.195,8.233
1990,5,-0.418,0.180,12.252
1990,6,-1.201,0.266,5.059
1990,7,-1.593,0.126,16.217
1990,8,-0.423,0.275,16.447
1990,9,-2.002,0.436,10.098
1990,10,0.702,0.110,7.092
1990,11,2.160,0.240,3.14
1990,12,1.253,0.170,-2.427
1991,1,4.388,0.159,-2.602
1991,2,0.197,0.162,-5.803
1991,3,2.459,0.192,0.909
1991,4,0.630,0.183,6.89
1991,5,-1.535,0.236,11.135
1991,6,-0.320,0.115,5.94
1991,7,0.762,0.114,18.572
1991,8,0.785,0.271,17.655
1991,9,1.062,0.151,13.162
1991,10,0.593,0.164,6.983
1991,11,1.404,0.161,2.384
1991,12,0.789,0.151,-2.891
1992,1,4.482,0.117,-2.508
1992,2,4.006,0.159,-1.994
1992,3,4.243,0.255,2.693
1992,4,-0.937,0.180,5.323
1992,5,-0.142,0.120,12.528
1992,6,0.425,0.262,6.685
1992,7,1.044,0.107,18.854
1992,8,3.112,0.179,19.982
1992,9,0.283,0.172,12.383
1992,10,-2.548,0.209,3.842
1992,11,-0.991,0.244,-0.011
1992,12,0.974,0.256,-2.706
1993,1,4.620,0.238,-2.37
1993,2,3.303,0.136,-2.697
1993,3,0.896,0.148,-0.654
1993,4,0.750,0.141,7.01
1993,5,2.786,0.171,15.456
1993,6,-2.156,0.229,4.104
1993,7,-1.386,0.187,16.424
1993,8,-1.490,0.219,15.38
1993,9,-2.363,0.127,9.737
1993,10,-0.177,0.155,6.213
1993,11,-6.912,0.186,-5.932
1993,12,2.803,0.195,-0.877
1994,1,6.365,0.231,-0.625
1994,2,-1.971,0.188,-7.971
1994,3,1.577,0.172,0.027
1994,4,2.495,0.087,8.755
1994,5,-1.014,0.196,11.656
1994,6,-1.929,0.175,4.331
1994,7,1.973,0.127,19.783
1994,8,0.554,0.141,17.424
1994,9,2.844,0.158,14.944
1994,10,-0.810,0.178,5.58
1994,11,-0.542,0.146,0.438
1994,12,-0.262,0.139,-3.942
1995,1,2.478,0.163,-4.512
1995,2,6.885,0.146,0.885
1995,3,3.913,0.120,2.363
1995,4,1.137,0.111,7.397
1995,5,0.168,0.277,12.838
1995,6,2.068,0.182,8.328
1995,7,0.539,0.204,18.349
1995,8,0.718,0.134,17.588
1995,9,0.357,0.195,12.457
1995,10,1.239,0.178,7.629
1995,11,-2.632,0.220,-1.652
1995,12,-4.047,0.130,-7.727
1996,1,-2.464,0.174,-9.454
1996,2,-2.461,0.212,-8.461
1996,3,-2.411,0.178,-3.961
1996,4,1.299,0.158,7.559
1996,5,3.012,0.138,15.682
1996,6,-0.478,0.227,5.782
1996,7,-1.129,0.153,16.681
1996,8,1.141,0.102,18.011
1996,9,-2.254,0.110,9.846
1996,10,1.237,0.147,7.627
1996,11,4.017,0.155,4.997
1996,12,-3.217,0.161,-6.897
1997,1,1.128,0.241,-5.862
1997,2,4.748,0.148,-1.252
1997,3,2.097,0.117,0.547
1997,4,-2.151,0.136,4.109
1997,5,-0.205,0.229,12.465
1997,6,0.117,0.256,6.377
1997,7,0.473,0.224,18.283
1997,8,1.291,0.140,18.161
1997,9,-1.154,0.162,10.946
1997,10,-1.262,0.157,5.128
1997,11,0.898,0.172,1.878
1997,12,-1.616,0.145,-5.296
1998,1,5.517,0.125,-1.473
1998,2,5.420,0.102,-0.58
1998,3,1.188,0.139,-0.362
1998,4,1.658,0.155,7.918
1998,5,0.793,0.220,13.463
1998,6,1.543,0.276,7.803
1998,7,-0.175,0.130,17.635
1998,8,-1.322,0.188,15.548
1998,9,0.225,0.109,12.325
1998,10,-0.197,0.157,6.193
1998,11,-6.113,0.102,-5.133
1998,12,-1.748,0.129,-5.428
1999,1,4.074,0.222,-2.916
1999,2,1.706,0.132,-4.294
1999,3,3.274,0.175,1.724
1999,4,3.659,0.127,9.919
1999,5,-1.954,0.192,10.716
1999,6,4.040,0.124,10.3
1999,7,2.963,0.086,20.773
1999,8,0.223,0.159,17.093
1999,9,1.619,0.146,13.719
1999,10,0.678,0.188,7.068
1999,11,-1.684,0.143,-0.704
1999,12,2.433,0.215,-1.247
2000,1,2.621,0.125,-4.369
2000,2,5.428,0.113,-0.572
2000,3,2.809,0.166,1.259
2000,4,4.849,0.135,11.109
2000,5,0.596,0.179,13.266
2000,6,-0.521,0.189,5.739
2000,7,-0.610,0.140,17.2
2000,8,0.336,0.206,17.206
2000,9,-1.586,0.159,10.514
2000,10,2.341,0.141,8.731
2000,11,3.187,0.124,4.167
2000,12,3.831,0.125,0.151
2001,1,4.772,0.140,-2.218
2001,2,1.987,0.160,-4.013
2001,3,1.776,0.160,0.226
2001,4,3.221,0.166,9.481
2001,5,0.019,0.144,12.689
2001,6,-1.203,0.248,5.057
2001,7,4.470,0.115,22.28
2001,8,1.423,0.241,18.293
2001,9,0.275,0.236,12.375
2001,10,1.664,0.145,8.054
2001,11,0.061,0.106,1.041
2001,12,-4.805,0.117,-8.485
2002,1,3.857,0.197,-3.133
2002,2,7.591,0.134,1.591
2002,3,4.925,0.142,3.375
2002,4,1.826,0.145,8.086
2002,5,2.324,0.156,14.994
2002,6,0.508,0.160,6.768
2002,7,3.793,0.238,21.603
2002,8,2.336,0.129,19.206
2002,9,0.080,0.170,12.18
2002,10,-1.673,0.229,4.717
2002,11,0.689,0.126,1.669
2002,12,-5.934,0.176,-9.614
2003,1,1.311,0.133,-5.679
2003,2,-1.091,0.123,-7.091
2003,3,1.319,0.171,-0.231
2003,4,-1.069,0.146,5.191
2003,5,3.053,0.218,15.723
2003,6,-1.093,0.182,5.167
2003,7,2.282,0.232,20.092
2003,8,0.196,0.244,17.066
2003,9,0.109,0.197,12.209
2003,10,-1.386,0.155,5.004
2003,11,1.943,0.155,2.923
2003,12,2.614,0.087,-1.066
2004,1,0.295,0.144,-6.695
2004,2,2.039,0.165,-3.961
2004,3,3.100,0.186,1.55
2004,4,0.718,0.093,6.978
2004,5,-1.383,0.127,11.287
2004,6,-1.462,0.201,4.798
2004,7,0.229,0.258,18.039
2004,8,1.641,0.142,18.511
2004,9,0.608,0.197,12.708
2004,10,1.496,0.196,7.886
2004,11,-0.163,0.152,0.817
2004,12,3.325,0.150,-0.355
2005,1,5.608,0.137,-1.382
2005,2,-0.428,0.146,-6.428
2005,3,-2.072,0.147,-3.622
2005,4,1.733,0.241,7.993
2005,5,0.728,0.202,13.398
2005,6,-0.949,0.223,5.311
2005,7,1.503,0.119,19.313
2005,8,0.615,0.133,17.485
2005,9,2.144,0.175,14.244
2005,10,1.101,0.139,7.491
2005,11,0.536,0.191,1.516
2005,12,1.020,0.184,-2.66
2006,1,-1.293,0.247,-8.283
2006,2,-2.338,0.140,-8.338
2006,3,-1.486,0.196,-3.036
2006,4,0.991,0.169,7.251
2006,5,-0.033,0.246,12.637
2006,6,0.232,0.214,6.492
2006,7,2.210,0.273,20.02
2006,8,1.007,0.219,17.877
2006,9,1.925,0.171,14.025
2006,10,2.074,0.137,8.464
2006,11,1.964,0.173,2.944
2006,12,6.081,0.210,2.401
2007,1,7.442,0.107,0.452
2007,2,-1.447,0.078,-7.447
2007,3,6.949,0.175,5.399
2007,4,0.351,0.219,6.611
2007,5,2.399,0.244,15.069
2007,6,1.687,0.222,7.947
2007,7,0.266,0.224,18.076
2007,8,2.682,0.202,19.552
2007,9,0.720,0.162,12.82
2007,10,0.886,0.202,7.276
2007,11,-1.198,0.186,-0.218
2007,12,2.585,0.161,-1.095
2008,1,4.352,0.227,-2.638
2008,2,6.492,0.096,0.492
2008,3,4.076,0.167,2.526
2008,4,2.853,0.148,9.113
2008,5,-0.544,0.222,12.126
2008,6,-0.258,0.221,6.002
2008,7,0.592,0.192,18.402
2008,8,1.559,0.206,18.429
2008,9,-0.049,0.136,12.051
2008,10,2.443,0.109,8.833
2008,11,1.381,0.150,2.361
2008,12,2.724,0.128,-0.956
2009,1,2.743,0.203,-4.247
2009,2,2.634,0.139,-3.366
2009,3,2.199,0.157,0.649
2009,4,2.115,0.214,8.375
2009,5,0.093,0.272,12.763
2009,6,-0.055,0.403,6.205
2009,7,1.011,0.270,18.821
2009,8,-0.349,0.234,16.521
2009,9,2.094,0.217,14.194
2009,10,-0.432,0.167,5.958
2009,11,2.786,0.157,3.766
2009,12,-0.320,0.207,-4
2010,1,-4.565,0.153,-11.555
2010,2,1.345,0.208,-4.655
2010,3,1.633,0.179,0.083
2010,4,2.099,0.126,8.359
2010,5,2.662,0.248,15.332
2010,6,1.999,0.297,8.259
2010,7,4.938,0.206,22.748
2010,8,4.085,0.229,20.955
2010,9,0.075,0.221,12.175
2010,10,-1.849,0.124,4.541
2010,11,3.651,0.133,4.631
2010,12,-3.281,0.136,-6.961
2011,1,3.189,0.177,-3.801
2011,2,-2.087,0.177,-8.087
2011,3,1.162,0.210,-0.388
2011,4,2.097,0.161,8.357
2011,5,1.130,0.226,13.8
2011,6,2.064,0.249,8.324
2011,7,2.582,0.281,20.392
2011,8,0.976,0.197,17.846
2011,9,1.458,0.228,13.558
2011,10,-0.082,0.252,6.308
2011,11,1.254,0.220,2.234
2011,12,4.858,0.191,1.178
2012,1,2.143,0.139,-4.847
2012,2,-4.900,0.162,-10.9
2012,3,2.788,0.212,1.238
2012,4,2.172,0.143,8.432
2012,5,2.199,0.241,14.869
2012,6,-0.456,0.260,5.804
2012,7,2.819,0.256,20.629
2012,8,0.681,0.280,17.551
2012,9,1.352,0.211,13.452
2012,10,0.661,0.144,7.051
2012,11,2.835,0.130,3.815
2012,12,-2.251,0.209,-5.931
2013,1,-0.111,0.180,-7.101
2013,2,4.143,0.201,-1.857
2013,3,-2.957,0.164,-4.507
2013,4,0.659,0.193,6.919
2013,5,3.976,0.229,16.646
2013,6,2.542,0.323,8.802
2013,7,0.710,0.224,18.52
2013,8,1.137,0.210,18.007
2013,9,-0.546,0.114,11.554
2013,10,1.556,0.152,7.946
2013,11,3.821,0.157,4.801
2013,12,3.537,0.223,-0.143
2014,1,0.139,0.207,-6.851
2014,2,5.329,0.220,-0.671
2014,3,6.728,0.287,5.178
2014,4,2.262,0.230,8.522
2014,5,2.013,0.228,14.683
2014,6,-0.975,0.357,5.285
2014,7,2.662,0.217,20.472
2014,8,1.584,0.306,18.454
2014,9,0.678,0.161,12.778
2014,10,-0.432,0.212,5.958
2014,11,0.232,0.199,1.212
2014,12,1.095,0.301,-2.585
2015,1,5.792,0.133,-1.198
2015,2,4.907,0.178,-1.093
2015,3,5.683,0.260,4.133
2015,4,0.940,0.345,7.2
2015,5,0.034,0.314,12.704
2015,6,0.268,0.316,6.528
2015,7,0.373,0.359,18.183
2015,8,2.792,0.275,19.662
2015,9,2.282,0.278,14.382
2015,10,-1.479,0.204,4.911
2015,11,2.490,0.146,3.47
2015,12,5.111,0.239,1.431
2016,1,-0.454,0.261,-7.444
2016,2,7.118,0.177,1.118
2016,3,3.628,0.220,2.078
2016,4,2.432,0.260,8.692
2016,5,2.068,0.220,14.738
2016,6,1.641,0.275,7.901
2016,7,1.995,0.290,19.805
2016,8,1.457,0.247,18.327
2016,9,1.599,0.195,13.699
2016,10,-1.384,0.247,5.006
2016,11,-0.929,0.207,0.051
2016,12,1.842,0.212,-1.838
2017,1,1.271,0.140,-5.719
2017,2,2.915,0.149,-3.085
2017,3,5.906,0.128,4.356
2017,4,0.162,0.190,6.422
2017,5,-0.061,0.238,12.609
2017,6,-0.231,0.248,6.029
2017,7,-0.175,0.222,17.635
2017,8,1.973,0.257,18.843
2017,9,1.650,0.270,13.75
2017,10,0.326,0.221,6.716
2017,11,1.694,0.151,2.674
2017,12,4.163,0.142,0.483
2018,1,4.231,0.146,-2.759
2018,2,-0.147,0.141,-6.147
2018,3,-1.001,0.265,-2.551
2018,4,4.305,0.202,10.565
2018,5,4.055,0.350,16.725
2018,6,0.937,0.261,7.197
2018,7,2.139,0.214,19.949
2018,8,2.741,0.366,19.611
2018,9,3.149,0.297,15.249
2018,10,1.839,0.257,8.229
2018,11,0.158,0.200,1.138
2018,12,1.608,0.131,-2.072
2019,1,1.724,0.120,-5.266
2019,2,6.328,0.148,0.328
2019,3,4.992,0.265,3.442
2019,4,2.180,0.268,8.44
2019,5,1.556,0.259,14.226
2019,6,4.194,0.293,10.454
2019,7,-0.468,0.165,17.342
2019,8,0.936,0.179,17.806
2019,9,0.857,0.201,12.957
2019,10,2.948,0.237,9.338
2019,11,3.221,0.184,4.201
2019,12,5.398,0.210,1.718
2020,1,7.942,0.107,0.952
2020,2,7.641,0.130,1.641
2020,3,5.361,0.222,3.811
2020,4,0.447,0.198,6.707
2020,5,-1.674,0.277,10.996
2020,6,3.120,0.334,9.38
2020,7,0.550,0.294,18.36
2020,8,1.887,0.226,18.757
2020,9,2.814,0.264,14.914
2020,10,3.912,0.185,10.302
2020,11,2.748,0.131,3.728
2020,12,2.475,0.201,-1.205
