Year,Month,Temperature Anamoly,UC,Temperature
1811,8,-0.251,2.835,11.119
1811,9,-0.526,2.521,4.884
1811,10,-3.185,2.462,-5.205
1811,11,-2.882,2.692,-14.392
1811,12,0.621,2.830,-19.079
1812,1,-2.053,3.901,-25.553
1812,2,-4.637,2.385,-25.557
1812,3,-3.224,2.514,-18.964
1812,4,-2.629,2.233,-9.229
1812,5,-1.583,2.242,0.797
1812,6,-1.746,2.152,7.504
1812,7,-0.398,2.451,12.472
1812,8,NaN,NaN,#VALUE!
1812,9,NaN,NaN,#VALUE!
1812,10,-2.197,2.481,-4.217
1812,11,-2.096,2.880,-13.606
1812,12,-0.359,4.081,-20.059
1813,1,-2.369,3.530,-25.869
1813,2,-1.129,2.636,-22.049
1813,3,NaN,NaN,#VALUE!
1813,4,0.122,2.618,-6.478
1813,5,0.927,3.280,3.307
1813,6,-0.194,2.501,9.056
1813,7,0.112,2.309,12.982
1813,8,-0.989,2.317,10.381
1813,9,1.586,2.487,6.996
1813,10,NaN,NaN,#VALUE!
1813,11,NaN,NaN,#VALUE!
1813,12,NaN,NaN,#VALUE!
1814,1,NaN,NaN,#VALUE!
1814,2,NaN,NaN,#VALUE!
1814,3,NaN,NaN,#VALUE!
1814,4,NaN,NaN,#VALUE!
1814,5,NaN,NaN,#VALUE!
1814,6,NaN,NaN,#VALUE!
1814,7,NaN,NaN,#VALUE!
1814,8,NaN,NaN,#VALUE!
1814,9,NaN,NaN,#VALUE!
1814,10,NaN,NaN,#VALUE!
1814,11,NaN,NaN,#VALUE!
1814,12,NaN,NaN,#VALUE!
1815,1,NaN,NaN,#VALUE!
1815,2,NaN,NaN,#VALUE!
1815,3,NaN,NaN,#VALUE!
1815,4,NaN,NaN,#VALUE!
1815,5,NaN,NaN,#VALUE!
1815,6,NaN,NaN,#VALUE!
1815,7,NaN,NaN,#VALUE!
1815,8,NaN,NaN,#VALUE!
1815,9,NaN,NaN,#VALUE!
1815,10,NaN,NaN,#VALUE!
1815,11,NaN,NaN,#VALUE!
1815,12,NaN,NaN,#VALUE!
1816,1,NaN,NaN,#VALUE!
1816,2,NaN,NaN,#VALUE!
1816,3,NaN,NaN,#VALUE!
1816,4,NaN,NaN,#VALUE!
1816,5,NaN,NaN,#VALUE!
1816,6,NaN,NaN,#VALUE!
1816,7,NaN,NaN,#VALUE!
1816,8,NaN,NaN,#VALUE!
1816,9,NaN,NaN,#VALUE!
1816,10,NaN,NaN,#VALUE!
1816,11,NaN,NaN,#VALUE!
1816,12,NaN,NaN,#VALUE!
1817,1,NaN,NaN,#VALUE!
1817,2,NaN,NaN,#VALUE!
1817,3,NaN,NaN,#VALUE!
1817,4,NaN,NaN,#VALUE!
1817,5,NaN,NaN,#VALUE!
1817,6,NaN,NaN,#VALUE!
1817,7,NaN,NaN,#VALUE!
1817,8,NaN,NaN,#VALUE!
1817,9,NaN,NaN,#VALUE!
1817,10,NaN,NaN,#VALUE!
1817,11,NaN,NaN,#VALUE!
1817,12,NaN,NaN,#VALUE!
1818,1,NaN,NaN,#VALUE!
1818,2,NaN,NaN,#VALUE!
1818,3,NaN,NaN,#VALUE!
1818,4,NaN,NaN,#VALUE!
1818,5,NaN,NaN,#VALUE!
1818,6,NaN,NaN,#VALUE!
1818,7,NaN,NaN,#VALUE!
1818,8,NaN,NaN,#VALUE!
1818,9,NaN,NaN,#VALUE!
1818,10,NaN,NaN,#VALUE!
1818,11,NaN,NaN,#VALUE!
1818,12,NaN,NaN,#VALUE!
1819,1,NaN,NaN,#VALUE!
1819,2,NaN,NaN,#VALUE!
1819,3,NaN,NaN,#VALUE!
1819,4,NaN,NaN,#VALUE!
1819,5,NaN,NaN,#VALUE!
1819,6,NaN,NaN,#VALUE!
1819,7,NaN,NaN,#VALUE!
1819,8,NaN,NaN,#VALUE!
1819,9,NaN,NaN,#VALUE!
1819,10,NaN,NaN,#VALUE!
1819,11,NaN,NaN,#VALUE!
1819,12,NaN,NaN,#VALUE!
1820,1,NaN,NaN,#VALUE!
1820,2,NaN,NaN,#VALUE!
1820,3,NaN,NaN,#VALUE!
1820,4,NaN,NaN,#VALUE!
1820,5,NaN,NaN,#VALUE!
1820,6,NaN,NaN,#VALUE!
1820,7,NaN,NaN,#VALUE!
1820,8,NaN,NaN,#VALUE!
1820,9,NaN,NaN,#VALUE!
1820,10,NaN,NaN,#VALUE!
1820,11,NaN,NaN,#VALUE!
1820,12,NaN,NaN,#VALUE!
1821,1,NaN,NaN,#VALUE!
1821,2,NaN,NaN,#VALUE!
1821,3,NaN,NaN,#VALUE!
1821,4,NaN,NaN,#VALUE!
1821,5,NaN,NaN,#VALUE!
1821,6,NaN,NaN,#VALUE!
1821,7,NaN,NaN,#VALUE!
1821,8,NaN,NaN,#VALUE!
1821,9,NaN,NaN,#VALUE!
1821,10,NaN,NaN,#VALUE!
1821,11,NaN,NaN,#VALUE!
1821,12,NaN,NaN,#VALUE!
1822,1,NaN,NaN,#VALUE!
1822,2,NaN,NaN,#VALUE!
1822,3,NaN,NaN,#VALUE!
1822,4,NaN,NaN,#VALUE!
1822,5,NaN,NaN,#VALUE!
1822,6,NaN,NaN,#VALUE!
1822,7,NaN,NaN,#VALUE!
1822,8,NaN,NaN,#VALUE!
1822,9,NaN,NaN,#VALUE!
1822,10,NaN,NaN,#VALUE!
1822,11,NaN,NaN,#VALUE!
1822,12,NaN,NaN,#VALUE!
1823,1,NaN,NaN,#VALUE!
1823,2,NaN,NaN,#VALUE!
1823,3,NaN,NaN,#VALUE!
1823,4,NaN,NaN,#VALUE!
1823,5,NaN,NaN,#VALUE!
1823,6,NaN,NaN,#VALUE!
1823,7,NaN,NaN,#VALUE!
1823,8,NaN,NaN,#VALUE!
1823,9,NaN,NaN,#VALUE!
1823,10,-2.688,2.620,-4.708
1823,11,-1.825,3.066,-13.335
1823,12,-1.775,2.644,-21.475
1824,1,1.292,2.707,-22.208
1824,2,-2.498,3.479,-23.418
1824,3,-0.326,2.468,-16.066
1824,4,0.391,2.367,-6.209
1824,5,0.098,2.234,2.478
1824,6,1.528,2.629,10.778
1824,7,1.187,2.433,14.057
1824,8,NaN,NaN,#VALUE!
1824,9,NaN,NaN,#VALUE!
1824,10,NaN,NaN,#VALUE!
1824,11,NaN,NaN,#VALUE!
1824,12,NaN,NaN,#VALUE!
1825,1,NaN,NaN,#VALUE!
1825,2,NaN,NaN,#VALUE!
1825,3,NaN,NaN,#VALUE!
1825,4,NaN,NaN,#VALUE!
1825,5,NaN,NaN,#VALUE!
1825,6,NaN,NaN,#VALUE!
1825,7,NaN,NaN,#VALUE!
1825,8,NaN,NaN,#VALUE!
1825,9,NaN,NaN,#VALUE!
1825,10,-2.905,2.810,-4.925
1825,11,-2.217,3.275,-13.727
1825,12,-0.507,2.539,-20.207
1826,1,0.078,2.705,-23.422
1826,2,NaN,NaN,#VALUE!
1826,3,-0.348,2.498,-16.088
1826,4,NaN,NaN,#VALUE!
1826,5,NaN,NaN,#VALUE!
1826,6,NaN,NaN,#VALUE!
1826,7,NaN,NaN,#VALUE!
1826,8,NaN,NaN,#VALUE!
1826,9,NaN,NaN,#VALUE!
1826,10,-2.054,2.542,-4.074
1826,11,1.034,2.659,-10.476
1826,12,2.105,2.827,-17.595
1827,1,3.082,3.306,-20.418
1827,2,NaN,NaN,#VALUE!
1827,3,-0.313,2.748,-16.053
1827,4,1.820,2.896,-4.78
1827,5,1.626,2.626,4.006
1827,6,NaN,NaN,#VALUE!
1827,7,NaN,NaN,#VALUE!
1827,8,NaN,NaN,#VALUE!
1827,9,NaN,NaN,#VALUE!
1827,10,NaN,NaN,#VALUE!
1827,11,NaN,NaN,#VALUE!
1827,12,NaN,NaN,#VALUE!
1828,1,-1.120,2.290,-24.62
1828,2,-0.456,2.383,-21.376
1828,3,1.444,2.117,-14.296
1828,4,1.266,2.233,-5.334
1828,5,0.572,2.367,2.952
1828,6,NaN,NaN,#VALUE!
1828,7,NaN,NaN,#VALUE!
1828,8,NaN,NaN,#VALUE!
1828,9,NaN,NaN,#VALUE!
1828,10,-1.179,2.205,-3.199
1828,11,-0.548,2.208,-12.058
1828,12,-1.263,2.916,-20.963
1829,1,-0.213,2.454,-23.713
1829,2,-1.620,2.456,-22.54
1829,3,0.661,2.150,-15.079
1829,4,-0.303,2.325,-6.903
1829,5,NaN,NaN,#VALUE!
1829,6,-0.023,1.929,9.227
1829,7,-0.462,2.047,12.408
1829,8,-0.415,1.861,10.955
1829,9,NaN,NaN,#VALUE!
1829,10,-1.106,1.895,-3.126
1829,11,-2.182,1.908,-13.692
1829,12,-0.797,2.192,-20.497
1830,1,0.451,3.441,-23.049
1830,2,1.643,3.145,-19.277
1830,3,-0.096,2.399,-15.836
1830,4,1.770,2.444,-4.83
1830,5,NaN,NaN,#VALUE!
1830,6,NaN,NaN,#VALUE!
1830,7,NaN,NaN,#VALUE!
1830,8,NaN,NaN,#VALUE!
1830,9,-1.272,2.219,4.138
1830,10,-0.520,2.270,-2.54
1830,11,3.450,3.372,-8.06
1830,12,2.630,2.776,-17.07
1831,1,2.382,3.813,-21.118
1831,2,0.817,4.988,-20.103
1831,3,1.008,2.785,-14.732
1831,4,-0.205,2.276,-6.805
1831,5,-0.163,2.912,2.217
1831,6,NaN,NaN,#VALUE!
1831,7,NaN,NaN,#VALUE!
1831,8,NaN,NaN,#VALUE!
1831,9,NaN,NaN,#VALUE!
1831,10,-1.545,2.339,-3.565
1831,11,0.185,2.866,-11.325
1831,12,-2.569,3.914,-22.269
1832,1,1.704,2.508,-21.796
1832,2,-4.067,2.210,-24.987
1832,3,0.320,2.520,-15.42
1832,4,-1.314,2.168,-7.914
1832,5,-0.650,2.555,1.73
1832,6,NaN,NaN,#VALUE!
1832,7,NaN,NaN,#VALUE!
1832,8,NaN,NaN,#VALUE!
1832,9,NaN,NaN,#VALUE!
1832,10,-1.135,2.204,-3.155
1832,11,-1.255,2.400,-12.765
1832,12,-1.528,2.089,-21.228
1833,1,0.865,2.672,-22.635
1833,2,-1.346,2.177,-22.266
1833,3,0.504,2.434,-15.236
1833,4,0.063,2.054,-6.537
1833,5,NaN,NaN,#VALUE!
1833,6,NaN,NaN,#VALUE!
1833,7,NaN,NaN,#VALUE!
1833,8,-0.095,2.051,11.275
1833,9,-0.128,2.124,5.282
1833,10,-1.758,2.013,-3.778
1833,11,0.570,2.616,-10.94
1833,12,0.520,2.764,-19.18
1834,1,-1.467,2.563,-24.967
1834,2,0.174,2.243,-20.746
1834,3,0.567,2.103,-15.173
1834,4,0.066,2.456,-6.534
1834,5,-0.546,2.107,1.834
1834,6,-0.864,2.115,8.386
1834,7,-0.221,2.060,12.649
1834,8,-0.614,2.275,10.756
1834,9,-0.369,2.218,5.041
1834,10,-1.429,2.002,-3.449
1834,11,0.917,2.037,-10.593
1834,12,-0.835,2.044,-20.535
1835,1,1.406,2.163,-22.094
1835,2,-1.601,2.650,-22.521
1835,3,-0.369,2.377,-16.109
1835,4,-1.132,2.158,-7.732
1835,5,-0.818,2.176,1.562
1835,6,-1.045,2.201,8.205
1835,7,-1.506,2.179,11.364
1835,8,NaN,NaN,#VALUE!
1835,9,-1.567,2.226,3.843
1835,10,-2.086,2.251,-4.106
1835,11,-1.522,2.275,-13.032
1835,12,-1.679,2.925,-21.379
1836,1,0.038,2.509,-23.462
1836,2,-1.109,2.137,-22.029
1836,3,-1.026,2.056,-16.766
1836,4,-2.226,2.257,-8.826
1836,5,-0.619,2.077,1.761
1836,6,-0.695,2.142,8.555
1836,7,-1.059,1.900,11.811
1836,8,-1.742,2.975,9.628
1836,9,-1.204,2.353,4.206
1836,10,-2.030,2.567,-4.05
1836,11,-1.320,2.578,-12.83
1836,12,-0.961,2.247,-20.661
1837,1,1.048,2.284,-22.452
1837,2,-0.891,2.278,-21.811
1837,3,-0.696,2.310,-16.436
1837,4,-2.031,1.958,-8.631
1837,5,-1.398,2.673,0.982
1837,6,-1.171,2.301,8.079
1837,7,-1.806,2.361,11.064
1837,8,-1.184,2.092,10.186
1837,9,-0.759,2.169,4.651
1837,10,-2.792,2.148,-4.812
1837,11,-1.930,2.191,-13.44
1837,12,-1.455,2.320,-21.155
1838,1,-1.372,2.799,-24.872
1838,2,-1.074,1.890,-21.994
1838,3,0.182,2.426,-15.558
1838,4,-2.740,2.469,-9.34
1838,5,-1.447,1.625,0.933
1838,6,-0.336,1.682,8.914
1838,7,-0.318,1.905,12.552
1838,8,-0.766,1.907,10.604
1838,9,-0.074,2.058,5.336
1838,10,-1.176,2.113,-3.196
1838,11,-1.874,2.472,-13.384
1838,12,-1.179,1.685,-20.879
1839,1,-0.151,2.372,-23.651
1839,2,2.590,2.122,-18.33
1839,3,-1.547,1.959,-17.287
1839,4,2.195,1.835,-4.405
1839,5,-1.134,1.903,1.246
1839,6,-0.436,1.881,8.814
1839,7,-0.052,2.019,12.818
1839,8,1.011,2.063,12.381
1839,9,-1.505,2.373,3.905
1839,10,-1.731,2.418,-3.751
1839,11,-0.332,1.955,-11.842
1839,12,0.933,2.053,-18.767
1840,1,2.191,2.591,-21.309
1840,2,-1.779,2.258,-22.699
1840,3,0.903,1.938,-14.837
1840,4,-1.167,1.784,-7.767
1840,5,0.161,1.940,2.541
1840,6,-0.167,1.586,9.083
1840,7,0.737,1.899,13.607
1840,8,-1.325,2.099,10.045
1840,9,-0.183,1.772,5.227
1840,10,-2.351,1.654,-4.371
1840,11,-1.332,2.346,-12.842
1840,12,-1.027,2.181,-20.727
1841,1,-0.318,2.251,-23.818
1841,2,0.315,2.339,-20.605
1841,3,-0.649,1.805,-16.389
1841,4,-3.649,2.304,-10.249
1841,5,-0.677,1.685,1.703
1841,6,-0.435,1.666,8.815
1841,7,-0.348,1.647,12.522
1841,8,0.156,1.764,11.526
1841,9,-0.906,1.556,4.504
1841,10,-1.432,1.627,-3.452
1841,11,0.347,1.998,-11.163
1841,12,0.335,2.645,-19.365
1842,1,0.870,2.305,-22.63
1842,2,-1.003,2.019,-21.923
1842,3,0.558,1.666,-15.182
1842,4,0.923,1.791,-5.677
1842,5,-1.293,1.845,1.087
1842,6,-2.001,1.940,7.249
1842,7,-1.263,1.711,11.607
1842,8,0.234,1.753,11.604
1842,9,-0.905,1.601,4.505
1842,10,-1.095,1.690,-3.115
1842,11,-1.272,1.912,-12.782
1842,12,0.930,2.093,-18.77
1843,1,2.551,1.894,-20.949
1843,2,-2.373,1.794,-23.293
1843,3,-1.731,2.037,-17.471
1843,4,-0.456,1.618,-7.056
1843,5,-2.220,1.884,0.16
1843,6,-1.787,1.654,7.463
1843,7,-1.048,1.657,11.822
1843,8,-0.575,1.589,10.795
1843,9,-1.123,1.611,4.287
1843,10,-2.584,1.629,-4.604
1843,11,-1.487,1.876,-12.997
1843,12,0.969,2.451,-18.731
1844,1,-2.239,1.877,-25.739
1844,2,0.925,1.860,-19.995
1844,3,-1.620,1.909,-17.36
1844,4,0.182,1.856,-6.418
1844,5,-2.035,1.567,0.345
1844,6,-1.520,1.723,7.73
1844,7,-1.227,1.629,11.643
1844,8,-1.462,1.636,9.908
1844,9,-1.149,1.515,4.261
1844,10,-1.683,1.573,-3.703
1844,11,-2.970,1.674,-14.48
1844,12,-0.478,2.144,-20.178
1845,1,1.197,2.084,-22.303
1845,2,-0.574,2.362,-21.494
1845,3,-0.642,1.697,-16.382
1845,4,0.081,1.744,-6.519
1845,5,-1.697,1.705,0.683
1845,6,-1.501,1.867,7.749
1845,7,-0.720,1.874,12.15
1845,8,0.132,1.727,11.502
1845,9,-0.922,2.234,4.488
1845,10,-3.102,2.492,-5.122
1845,11,-0.917,1.918,-12.427
1845,12,-1.296,2.324,-20.996
1846,1,4.158,4.684,-19.342
1846,2,-0.922,2.788,-21.842
1846,3,2.376,2.407,-13.364
1846,4,-1.494,3.295,-8.094
1846,5,NaN,NaN,#VALUE!
1846,6,0.956,2.687,10.206
1846,7,0.356,2.238,13.226
1846,8,0.726,2.125,12.096
1846,9,0.036,2.186,5.446
1846,10,-1.854,2.545,-3.874
1846,11,0.428,2.698,-11.082
1846,12,0.792,2.472,-18.908
1847,1,1.081,2.495,-22.419
1847,2,1.302,2.699,-19.618
1847,3,-1.060,2.540,-16.8
1847,4,-1.205,2.284,-7.805
1847,5,-0.879,1.861,1.501
1847,6,-0.835,2.002,8.415
1847,7,-0.318,2.120,12.552
1847,8,-0.612,2.007,10.758
1847,9,-0.486,2.019,4.924
1847,10,-1.137,2.106,-3.157
1847,11,-0.957,2.105,-12.467
1847,12,-1.042,2.155,-20.742
1848,1,-0.729,2.374,-24.229
1848,2,0.872,2.561,-20.048
1848,3,-1.088,2.026,-16.828
1848,4,0.192,2.206,-6.408
1848,5,-0.781,1.972,1.599
1848,6,-0.892,2.148,8.358
1848,7,-0.306,1.959,12.564
1848,8,-1.295,1.943,10.075
1848,9,-1.547,1.798,3.863
1848,10,-0.974,2.006,-2.994
1848,11,-0.406,1.882,-11.916
1848,12,-2.338,2.131,-22.038
1849,1,-0.932,2.402,-24.432
1849,2,-3.256,2.278,-24.176
1849,3,-0.519,2.220,-16.259
1849,4,-2.977,3.440,-9.577
1849,5,-1.262,2.226,1.118
1849,6,-1.157,2.404,8.093
1849,7,0.107,1.910,12.977
1849,8,-0.829,1.689,10.541
1849,9,-0.850,2.107,4.56
1849,10,-0.508,1.949,-2.528
1849,11,1.953,2.549,-9.557
1849,12,-2.145,2.469,-21.845
1850,1,-0.167,1.984,-23.667
1850,2,0.967,3.023,-19.953
1850,3,-0.952,2.168,-16.692
1850,4,-1.940,2.075,-8.54
1850,5,-1.507,2.108,0.873
1850,6,0.475,1.804,9.725
1850,7,0.228,1.609,13.098
1850,8,0.061,1.676,11.431
1850,9,-0.253,1.611,5.157
1850,10,-0.990,1.980,-3.01
1850,11,0.415,1.926,-11.095
1850,12,-1.275,2.548,-20.975
1851,1,0.953,1.891,-22.547
1851,2,-0.751,2.114,-21.671
1851,3,0.885,1.719,-14.855
1851,4,-0.226,2.091,-6.826
1851,5,-0.959,2.177,1.421
1851,6,-0.845,1.852,8.405
1851,7,-0.236,1.784,12.634
1851,8,-0.829,2.045,10.541
1851,9,0.320,1.816,5.73
1851,10,0.088,2.142,-1.932
1851,11,-0.067,1.830,-11.577
1851,12,-1.139,1.996,-20.839
1852,1,1.498,2.372,-22.002
1852,2,0.459,1.806,-20.461
1852,3,-2.172,2.075,-17.912
1852,4,0.227,2.821,-6.373
1852,5,0.017,2.025,2.397
1852,6,-0.184,1.687,9.066
1852,7,0.136,1.578,13.006
1852,8,-0.343,1.685,11.027
1852,9,-0.249,1.846,5.161
1852,10,-0.294,1.891,-2.314
1852,11,-1.286,2.200,-12.796
1852,12,-0.733,2.211,-20.433
1853,1,0.347,2.183,-23.153
1853,2,-0.038,2.282,-20.958
1853,3,-0.697,1.982,-16.437
1853,4,-0.243,2.052,-6.843
1853,5,-0.334,1.898,2.046
1853,6,-0.195,1.919,9.055
1853,7,-0.402,1.954,12.468
1853,8,-0.247,1.920,11.123
1853,9,-0.477,1.794,4.933
1853,10,-1.233,1.954,-3.253
1853,11,NaN,NaN,#VALUE!
1853,12,0.066,1.991,-19.634
1854,1,-1.427,2.158,-24.927
1854,2,-2.436,1.995,-23.356
1854,3,-0.992,1.919,-16.732
1854,4,-1.072,2.087,-7.672
1854,5,-0.712,1.986,1.668
1854,6,-0.538,1.831,8.712
1854,7,-0.077,1.885,12.793
1854,8,-0.240,1.945,11.13
1854,9,-0.152,1.906,5.258
1854,10,-0.100,2.028,-2.12
1854,11,0.990,2.338,-10.52
1854,12,-0.084,2.730,-19.784
1855,1,NaN,NaN,#VALUE!
1855,2,-0.933,2.704,-21.853
1855,3,NaN,NaN,#VALUE!
1855,4,-0.977,2.485,-7.577
1855,5,NaN,NaN,#VALUE!
1855,6,-0.515,1.931,8.735
1855,7,-0.570,1.878,12.3
1855,8,-1.038,2.139,10.332
1855,9,-0.585,2.160,4.825
1855,10,-1.810,2.170,-3.83
1855,11,-1.102,2.029,-12.612
1855,12,-2.298,2.266,-21.998
1856,1,1.502,1.785,-21.998
1856,2,0.022,2.017,-20.898
1856,3,-0.429,1.686,-16.169
1856,4,-0.104,1.643,-6.704
1856,5,0.293,1.707,2.673
1856,6,1.497,2.685,10.747
1856,7,-0.052,1.883,12.818
1856,8,-0.980,1.750,10.39
1856,9,-0.364,1.767,5.046
1856,10,-1.407,1.781,-3.427
1856,11,0.283,1.869,-11.227
1856,12,-0.398,1.978,-20.098
1857,1,-1.179,1.976,-24.679
1857,2,-1.147,2.091,-22.067
1857,3,-0.421,2.012,-16.161
1857,4,-1.371,1.970,-7.971
1857,5,-0.981,1.829,1.399
1857,6,-0.473,1.865,8.777
1857,7,-0.150,1.890,12.72
1857,8,-0.648,1.843,10.722
1857,9,-0.463,1.797,4.947
1857,10,-1.484,1.581,-3.504
1857,11,-0.364,1.650,-11.874
1857,12,1.102,1.615,-18.598
1858,1,-0.591,2.300,-24.091
1858,2,-2.616,1.618,-23.536
1858,3,1.199,2.044,-14.541
1858,4,-0.604,1.612,-7.204
1858,5,-0.890,1.591,1.49
1858,6,0.622,1.731,9.872
1858,7,-0.799,1.750,12.071
1858,8,-0.496,1.732,10.874
1858,9,-0.541,1.753,4.869
1858,10,-1.236,1.798,-3.256
1858,11,-0.150,1.818,-11.66
1858,12,-1.198,1.885,-20.898
1859,1,-0.368,1.983,-23.868
1859,2,-1.867,2.065,-22.787
1859,3,0.030,1.838,-15.71
1859,4,-1.081,1.816,-7.681
1859,5,0.370,1.890,2.75
1859,6,-0.478,1.965,8.772
1859,7,-0.356,1.775,12.514
1859,8,-0.346,1.708,11.024
1859,9,-0.574,1.711,4.836
1859,10,-1.739,2.034,-3.759
1859,11,-1.674,2.042,-13.184
1859,12,-0.707,2.621,-20.407
1860,1,0.852,2.045,-22.648
1860,2,0.075,2.218,-20.845
1860,3,0.706,2.329,-15.034
1860,4,-1.157,1.894,-7.757
1860,5,0.231,1.868,2.611
1860,6,0.502,1.829,9.752
1860,7,-0.192,1.847,12.678
1860,8,-0.057,1.970,11.313
1860,9,-0.213,1.807,5.197
1860,10,-0.953,1.848,-2.973
1860,11,0.601,1.994,-10.909
1860,12,-0.544,2.303,-20.244
1861,1,-1.158,2.309,-24.658
1861,2,-0.326,2.074,-21.246
1861,3,-1.795,1.892,-17.535
1861,4,-1.461,1.836,-8.061
1861,5,-1.238,1.903,1.142
1861,6,0.217,1.925,9.467
1861,7,-0.040,1.874,12.83
1861,8,-0.141,1.842,11.229
1861,9,-0.267,1.785,5.143
1861,10,-1.457,1.835,-3.477
1861,11,-0.604,2.066,-12.114
1861,12,-0.531,2.330,-20.231
1862,1,-2.674,2.325,-26.174
1862,2,-3.406,2.222,-24.326
1862,3,-1.087,1.943,-16.827
1862,4,-2.804,1.946,-9.404
1862,5,-0.243,2.048,2.137
1862,6,-0.398,2.042,8.852
1862,7,-0.447,1.837,12.423
1862,8,-0.498,1.838,10.872
1862,9,-0.617,1.881,4.793
1862,10,-2.162,1.942,-4.182
1862,11,-1.179,2.142,-12.689
1862,12,-0.816,2.115,-20.516
1863,1,0.823,2.005,-22.677
1863,2,-1.080,2.792,-22
1863,3,-1.697,1.968,-17.437
1863,4,-0.716,2.024,-7.316
1863,5,0.432,2.009,2.812
1863,6,0.289,1.941,9.539
1863,7,-0.485,1.802,12.385
1863,8,-1.017,1.869,10.353
1863,9,-0.734,1.894,4.676
1863,10,-2.072,1.982,-4.092
1863,11,-0.518,1.948,-12.028
1863,12,-1.485,1.973,-21.185
1864,1,-0.633,2.695,-24.133
1864,2,0.545,2.315,-20.375
1864,3,0.053,2.299,-15.687
1864,4,-1.078,1.914,-7.678
1864,5,0.925,1.966,3.305
1864,6,0.804,1.865,10.054
1864,7,0.104,2.079,12.974
1864,8,-0.098,1.926,11.272
1864,9,-0.280,1.869,5.13
1864,10,-1.133,1.970,-3.153
1864,11,-0.465,2.237,-11.975
1864,12,-1.292,2.049,-20.992
1865,1,0.330,2.020,-23.17
1865,2,-0.267,2.033,-21.187
1865,3,-0.864,2.151,-16.604
1865,4,-1.301,1.960,-7.901
1865,5,-0.022,1.844,2.358
1865,6,-0.057,1.838,9.193
1865,7,-0.737,1.921,12.133
1865,8,-0.143,2.045,11.227
1865,9,0.462,1.929,5.872
1865,10,-0.806,2.003,-2.826
1865,11,0.818,1.944,-10.692
1865,12,-1.599,2.029,-21.299
1866,1,-1.156,2.186,-24.656
1866,2,-2.146,2.339,-23.066
1866,3,-1.290,2.136,-17.03
1866,4,-0.702,1.938,-7.302
1866,5,-0.574,1.832,1.806
1866,6,-0.530,1.870,8.72
1866,7,0.749,1.797,13.619
1866,8,-1.258,1.922,10.112
1866,9,-0.688,1.894,4.722
1866,10,-0.990,1.950,-3.01
1866,11,0.392,1.866,-11.118
1866,12,-0.092,1.929,-19.792
1867,1,0.297,2.060,-23.203
1867,2,-1.800,2.235,-22.72
1867,3,-1.545,1.987,-17.285
1867,4,-0.974,1.954,-7.574
1867,5,-1.101,1.769,1.279
1867,6,0.509,1.750,9.759
1867,7,0.133,1.886,13.003
1867,8,0.350,1.968,11.72
1867,9,0.189,1.776,5.599
1867,10,-0.768,1.835,-2.788
1867,11,0.713,2.135,-10.797
1867,12,-1.530,2.021,-21.23
1868,1,-1.558,2.018,-25.058
1868,2,-2.983,2.219,-23.903
1868,3,0.043,2.137,-15.697
1868,4,-0.632,1.923,-7.232
1868,5,0.066,1.928,2.446
1868,6,0.769,1.774,10.019
1868,7,0.894,1.739,13.764
1868,8,0.049,1.728,11.419
1868,9,-1.204,1.737,4.206
1868,10,-1.624,1.966,-3.644
1868,11,-0.671,1.850,-12.181
1868,12,-0.241,2.055,-19.941
1869,1,0.868,2.313,-22.632
1869,2,-0.077,2.245,-20.997
1869,3,-1.073,2.239,-16.813
1869,4,-0.773,1.881,-7.373
1869,5,0.694,1.821,3.074
1869,6,-0.058,1.735,9.192
1869,7,-0.172,1.728,12.698
1869,8,-0.725,1.735,10.645
1869,9,0.787,1.826,6.197
1869,10,-0.769,1.829,-2.789
1869,11,-0.674,1.886,-12.184
1869,12,1.007,1.819,-18.693
1870,1,-0.086,2.000,-23.586
1870,2,-0.653,2.079,-21.573
1870,3,-1.931,1.893,-17.671
1870,4,0.191,1.785,-6.409
1870,5,0.378,1.763,2.758
1870,6,1.621,1.964,10.871
1870,7,0.602,1.763,13.472
1870,8,0.051,1.695,11.421
1870,9,0.851,1.712,6.261
1870,10,-0.420,1.781,-2.44
1870,11,1.534,2.391,-9.976
1870,12,1.298,2.141,-18.402
1871,1,-1.268,1.815,-24.768
1871,2,-0.608,2.399,-21.528
1871,3,-0.305,1.987,-16.045
1871,4,-0.186,1.844,-6.786
1871,5,0.703,1.818,3.083
1871,6,0.497,1.814,9.747
1871,7,-0.135,1.779,12.735
1871,8,-0.320,1.719,11.05
1871,9,-0.381,1.693,5.029
1871,10,-0.241,1.725,-2.261
1871,11,-2.320,1.949,-13.83
1871,12,-2.356,1.783,-22.056
1872,1,1.049,2.469,-22.451
1872,2,0.272,1.996,-20.648
1872,3,-1.002,1.947,-16.742
1872,4,-0.771,1.846,-7.371
1872,5,-0.320,1.732,2.06
1872,6,0.364,1.836,9.614
1872,7,0.377,1.795,13.247
1872,8,0.502,1.715,11.872
1872,9,0.411,1.681,5.821
1872,10,-0.269,1.725,-2.289
1872,11,-1.395,1.718,-12.905
1872,12,-2.514,1.991,-22.214
1873,1,-1.155,1.725,-24.655
1873,2,-0.252,1.712,-21.172
1873,3,-0.736,1.774,-16.476
1873,4,-1.041,1.871,-7.641
1873,5,-0.108,1.635,2.272
1873,6,0.089,1.796,9.339
1873,7,-0.371,1.531,12.499
1873,8,-0.369,1.561,11.001
1873,9,-0.637,1.626,4.773
1873,10,-1.078,1.586,-3.098
1873,11,-1.997,2.011,-13.507
1873,12,-0.857,1.764,-20.557
1874,1,-1.635,2.113,-25.135
1874,2,-0.685,1.863,-21.605
1874,3,-1.402,1.673,-17.142
1874,4,-1.565,1.678,-8.165
1874,5,1.021,1.809,3.401
1874,6,0.009,1.639,9.259
1874,7,0.013,1.576,12.883
1874,8,-0.011,1.718,11.359
1874,9,0.755,1.574,6.165
1874,10,0.279,1.959,-1.741
1874,11,-2.193,1.704,-13.703
1874,12,0.258,1.974,-19.442
1875,1,-2.965,1.562,-26.465
1875,2,-3.046,1.615,-23.966
1875,3,-2.477,1.628,-18.217
1875,4,-1.681,1.411,-8.281
1875,5,-1.111,1.507,1.269
1875,6,-0.653,1.440,8.597
1875,7,-0.146,1.324,12.724
1875,8,0.002,1.460,11.372
1875,9,-0.074,1.413,5.336
1875,10,-0.936,1.364,-2.956
1875,11,-3.879,1.522,-15.389
1875,12,-0.973,1.751,-20.673
1876,1,-1.082,1.702,-24.582
1876,2,-2.039,1.665,-22.959
1876,3,-2.351,1.687,-18.091
1876,4,-0.390,1.512,-6.99
1876,5,-0.519,1.441,1.861
1876,6,-0.231,1.491,9.019
1876,7,-0.459,1.452,12.411
1876,8,-0.324,1.478,11.046
1876,9,0.475,1.461,5.885
1876,10,-1.015,1.399,-3.035
1876,11,-1.484,1.895,-12.994
1876,12,-0.784,1.596,-20.484
1877,1,0.054,1.454,-23.446
1877,2,3.272,1.751,-17.648
1877,3,-0.610,1.408,-16.35
1877,4,0.598,1.589,-6.002
1877,5,1.481,1.635,3.861
1877,6,-0.807,1.867,8.443
1877,7,0.640,1.592,13.51
1877,8,0.508,1.578,11.878
1877,9,0.754,1.581,6.164
1877,10,-0.389,1.590,-2.409
1877,11,0.996,1.933,-10.514
1877,12,3.179,2.087,-16.521
1878,1,2.614,1.927,-20.886
1878,2,3.744,2.043,-17.176
1878,3,4.295,1.855,-11.445
1878,4,2.130,1.823,-4.47
1878,5,-0.227,1.626,2.153
1878,6,1.004,1.804,10.254
1878,7,0.477,1.673,13.347
1878,8,1.269,1.788,12.639
1878,9,-0.309,1.705,5.101
1878,10,-1.062,1.737,-3.082
1878,11,2.686,1.893,-8.824
1878,12,1.927,1.619,-17.773
1879,1,0.584,1.756,-22.916
1879,2,-3.252,1.842,-24.172
1879,3,-0.941,1.821,-16.681
1879,4,0.057,1.898,-6.543
1879,5,0.016,1.590,2.396
1879,6,0.127,1.885,9.377
1879,7,-0.398,1.671,12.472
1879,8,-0.578,1.727,10.792
1879,9,-0.040,1.726,5.37
1879,10,-0.129,1.807,-2.149
1879,11,-0.501,1.677,-12.011
1879,12,-4.489,1.744,-24.189
1880,1,-0.287,2.020,-23.787
1880,2,-2.869,1.811,-23.789
1880,3,-3.277,2.043,-19.017
1880,4,-1.986,1.563,-8.586
1880,5,-0.187,1.872,2.193
1880,6,0.399,1.758,9.649
1880,7,0.280,1.704,13.15
1880,8,-0.973,1.606,10.397
1880,9,-0.165,1.552,5.245
1880,10,-0.093,1.716,-2.113
1880,11,-1.623,1.922,-13.133
1880,12,-2.492,1.876,-22.192
1881,1,-1.037,1.788,-24.537
1881,2,-0.712,1.842,-21.632
1881,3,1.428,1.741,-14.312
1881,4,-0.283,1.362,-6.883
1881,5,0.429,1.544,2.809
1881,6,0.035,1.415,9.285
1881,7,0.275,1.434,13.145
1881,8,0.269,1.255,11.639
1881,9,0.082,1.364,5.492
1881,10,-2.154,1.402,-4.174
1881,11,-2.178,1.776,-13.688
1881,12,0.535,1.736,-19.165
1882,1,-0.896,1.724,-24.396
1882,2,-0.879,1.432,-21.799
1882,3,-2.788,1.725,-18.528
1882,4,-1.376,1.486,-7.976
1882,5,-0.544,1.445,1.836
1882,6,0.057,1.289,9.307
1882,7,-0.814,1.439,12.056
1882,8,0.509,1.180,11.879
1882,9,0.804,1.185,6.214
1882,10,-0.108,1.719,-2.128
1882,11,-0.972,1.337,-12.482
1882,12,-0.970,1.492,-20.67
1883,1,-1.962,1.220,-25.462
1883,2,-2.615,1.238,-23.535
1883,3,-0.663,1.238,-16.403
1883,4,-1.312,1.817,-7.912
1883,5,-0.397,1.288,1.983
1883,6,0.387,1.319,9.637
1883,7,-0.952,1.406,11.918
1883,8,-0.627,1.387,10.743
1883,9,-0.133,1.327,5.277
1883,10,-0.925,1.327,-2.945
1883,11,-2.695,1.426,-14.205
1883,12,-2.588,1.431,-22.288
1884,1,-1.781,1.264,-25.281
1884,2,-3.612,1.378,-24.532
1884,3,-1.913,1.236,-17.653
1884,4,-0.409,1.201,-7.009
1884,5,-0.269,1.357,2.111
1884,6,0.298,1.320,9.548
1884,7,-1.185,1.238,11.685
1884,8,-0.253,1.418,11.117
1884,9,-0.803,1.194,4.607
1884,10,-2.280,1.190,-4.3
1884,11,-1.291,1.288,-12.801
1884,12,-2.576,1.680,-22.276
1885,1,-2.148,1.142,-25.648
1885,2,-1.219,1.129,-22.139
1885,3,-1.820,1.185,-17.56
1885,4,-0.037,1.132,-6.637
1885,5,-0.136,1.260,2.244
1885,6,-0.097,1.137,9.153
1885,7,0.216,1.181,13.086
1885,8,-0.668,1.053,10.702
1885,9,-0.467,1.059,4.943
1885,10,-0.255,1.225,-2.275
1885,11,1.325,1.134,-10.185
1885,12,0.528,1.415,-19.172
1886,1,-4.349,1.366,-27.849
1886,2,-2.369,1.659,-23.289
1886,3,-1.147,1.183,-16.887
1886,4,0.449,1.204,-6.151
1886,5,-0.159,1.306,2.221
1886,6,0.693,1.106,9.943
1886,7,0.659,1.372,13.529
1886,8,-0.231,1.135,11.139
1886,9,-1.059,1.205,4.351
1886,10,-0.132,1.268,-2.152
1886,11,-0.745,1.237,-12.255
1886,12,-1.956,1.173,-21.656
1887,1,-4.145,1.454,-27.645
1887,2,-4.830,1.315,-25.75
1887,3,-2.448,1.484,-18.188
1887,4,-1.518,1.144,-8.118
1887,5,0.411,1.257,2.791
1887,6,0.231,1.265,9.481
1887,7,0.089,1.282,12.959
1887,8,-0.806,1.234,10.564
1887,9,-0.354,1.261,5.056
1887,10,-2.181,1.342,-4.201
1887,11,-1.626,1.306,-13.136
1887,12,-2.232,1.460,-21.932
1888,1,-2.174,1.667,-25.674
1888,2,-1.504,1.337,-22.424
1888,3,-1.968,1.294,-17.708
1888,4,-2.467,1.454,-9.067
1888,5,-1.268,1.231,1.112
1888,6,0.419,1.905,9.669
1888,7,-0.195,1.335,12.675
1888,8,-0.500,1.217,10.87
1888,9,0.805,1.062,6.215
1888,10,-0.332,1.447,-2.352
1888,11,-0.303,1.106,-11.813
1888,12,1.625,1.396,-18.075
1889,1,2.336,1.615,-21.164
1889,2,-0.572,1.283,-21.492
1889,3,3.111,1.274,-12.629
1889,4,1.900,1.302,-4.7
1889,5,0.336,1.163,2.716
1889,6,-0.206,1.316,9.044
1889,7,-0.256,1.493,12.614
1889,8,0.053,1.135,11.423
1889,9,-0.423,1.222,4.987
1889,10,-0.827,1.160,-2.847
1889,11,-0.144,1.290,-11.654
1889,12,-1.541,1.454,-21.241
1890,1,-2.736,1.501,-26.236
1890,2,-3.713,1.374,-24.633
1890,3,-1.904,1.227,-17.644
1890,4,-2.584,1.214,-9.184
1890,5,-2.048,1.266,0.332
1890,6,-0.624,1.181,8.626
1890,7,-0.343,1.236,12.527
1890,8,-0.704,1.114,10.666
1890,9,-0.470,1.082,4.94
1890,10,0.429,1.329,-1.591
1890,11,0.709,1.183,-10.801
1890,12,0.049,1.414,-19.651
1891,1,2.084,1.455,-21.416
1891,2,-4.916,1.474,-25.836
1891,3,-0.802,1.397,-16.542
1891,4,0.668,1.234,-5.932
1891,5,-0.864,1.266,1.516
1891,6,-0.061,1.349,9.189
1891,7,-0.596,1.143,12.274
1891,8,0.168,1.237,11.538
1891,9,0.707,1.291,6.117
1891,10,-1.124,1.288,-3.144
1891,11,-1.450,1.330,-12.96
1891,12,1.699,1.397,-18.001
1892,1,0.446,1.369,-23.054
1892,2,-0.148,1.465,-21.068
1892,3,-0.003,1.387,-15.743
1892,4,-1.314,1.655,-7.914
1892,5,-1.072,1.324,1.308
1892,6,0.109,1.456,9.359
1892,7,-0.155,1.170,12.715
1892,8,0.083,1.316,11.453
1892,9,0.421,1.323,5.831
1892,10,0.954,1.193,-1.066
1892,11,-2.626,1.727,-14.136
1892,12,0.700,2.114,-19
1893,1,-0.902,1.555,-24.402
1893,2,-2.231,1.458,-23.151
1893,3,-1.369,1.255,-17.109
1893,4,-3.251,0.977,-9.851
1893,5,-0.055,1.243,2.325
1893,6,0.505,1.159,9.755
1893,7,0.072,1.113,12.942
1893,8,0.556,1.136,11.926
1893,9,0.046,1.141,5.456
1893,10,-0.290,1.063,-2.31
1893,11,-1.533,1.184,-13.043
1893,12,-3.686,1.549,-23.386
1894,1,-2.500,1.165,-26
1894,2,-2.718,1.109,-23.638
1894,3,-0.385,1.224,-16.125
1894,4,-1.582,1.011,-8.182
1894,5,-0.258,1.249,2.122
1894,6,0.306,1.064,9.556
1894,7,0.137,1.070,13.007
1894,8,0.365,1.043,11.735
1894,9,-0.290,1.125,5.12
1894,10,0.117,0.899,-1.903
1894,11,-1.793,1.032,-13.303
1894,12,1.341,1.404,-18.359
1895,1,-0.396,1.092,-23.896
1895,2,0.296,1.015,-20.624
1895,3,-0.072,0.962,-15.812
1895,4,2.189,1.512,-4.411
1895,5,0.295,0.979,2.675
1895,6,0.105,0.984,9.355
1895,7,-0.283,1.071,12.587
1895,8,-0.744,0.993,10.626
1895,9,-0.737,0.905,4.673
1895,10,-0.829,1.057,-2.849
1895,11,-1.515,0.920,-13.025
1895,12,0.339,1.172,-19.361
1896,1,-2.050,1.358,-25.55
1896,2,-0.753,1.140,-21.673
1896,3,-2.094,0.964,-17.834
1896,4,-1.460,1.034,-8.06
1896,5,-0.105,0.921,2.275
1896,6,0.269,1.003,9.519
1896,7,0.186,0.939,13.056
1896,8,0.105,0.977,11.475
1896,9,-0.074,1.000,5.336
1896,10,0.051,0.916,-1.969
1896,11,-3.368,1.188,-14.878
1896,12,0.560,0.967,-19.14
1897,1,0.200,0.993,-23.3
1897,2,-1.625,0.913,-22.545
1897,3,-2.492,1.053,-18.232
1897,4,-0.565,1.051,-7.165
1897,5,-0.014,0.959,2.366
1897,6,-0.093,1.052,9.157
1897,7,0.427,1.054,13.297
1897,8,-0.183,0.820,11.187
1897,9,-0.024,1.045,5.386
1897,10,-0.856,1.063,-2.876
1897,11,-3.059,1.172,-14.569
1897,12,0.586,0.922,-19.114
1898,1,0.966,1.141,-22.534
1898,2,-1.872,1.101,-22.792
1898,3,0.635,0.973,-15.105
1898,4,1.698,0.956,-4.902
1898,5,1.177,1.043,3.557
1898,6,0.214,0.811,9.464
1898,7,-0.624,0.958,12.246
1898,8,-0.076,0.868,11.294
1898,9,0.466,0.868,5.876
1898,10,-1.973,0.842,-3.993
1898,11,-3.135,1.166,-14.645
1898,12,0.223,0.856,-19.477
1899,1,-0.558,0.801,-24.058
1899,2,-4.646,1.199,-25.566
1899,3,-3.936,0.950,-19.676
1899,4,-0.048,1.081,-6.648
1899,5,-0.999,1.271,1.381
1899,6,-0.484,0.877,8.766
1899,7,-0.375,0.849,12.495
1899,8,-0.952,1.100,10.418
1899,9,-0.105,1.077,5.305
1899,10,-0.847,1.053,-2.867
1899,11,2.396,0.988,-9.114
1899,12,0.895,1.032,-18.805
1900,1,0.750,0.840,-22.75
1900,2,-0.828,0.944,-21.748
1900,3,-0.180,0.853,-15.92
1900,4,2.550,1.004,-4.05
1900,5,1.211,1.067,3.591
1900,6,0.880,0.837,10.13
1900,7,-0.313,0.783,12.557
1900,8,-0.087,0.932,11.283
1900,9,0.358,0.770,5.768
1900,10,0.598,0.848,-1.422
1900,11,-1.998,0.976,-13.508
1900,12,0.898,0.879,-18.802
1901,1,-0.526,1.022,-24.026
1901,2,-0.039,1.732,-20.959
1901,3,0.242,0.955,-15.498
1901,4,0.804,0.815,-5.796
1901,5,0.811,0.872,3.191
1901,6,-0.252,0.845,8.998
1901,7,0.088,0.777,12.958
1901,8,0.345,0.857,11.715
1901,9,-0.151,0.810,5.259
1901,10,0.906,0.788,-1.114
1901,11,-1.245,1.192,-12.755
1901,12,1.785,0.983,-17.915
1902,1,1.308,0.973,-22.192
1902,2,3.520,1.356,-17.4
1902,3,-0.255,1.043,-15.995
1902,4,0.643,0.902,-5.957
1902,5,-0.013,0.832,2.367
1902,6,-1.713,0.877,7.537
1902,7,0.116,0.788,12.986
1902,8,0.252,1.006,11.622
1902,9,0.041,0.789,5.451
1902,10,0.925,0.763,-1.095
1902,11,-0.901,0.873,-12.411
1902,12,-1.763,0.899,-21.463
1903,1,1.247,0.830,-22.253
1903,2,0.228,1.036,-20.692
1903,3,0.320,1.059,-15.42
1903,4,-0.532,0.892,-7.132
1903,5,-0.856,0.887,1.524
1903,6,0.135,0.899,9.385
1903,7,-0.620,0.744,12.25
1903,8,-0.382,0.883,10.988
1903,9,-0.674,0.962,4.736
1903,10,0.164,0.848,-1.856
1903,11,0.082,0.790,-11.428
1903,12,1.471,0.959,-18.229
1904,1,-1.006,0.880,-24.506
1904,2,-5.159,1.048,-26.079
1904,3,-1.792,1.047,-17.532
1904,4,0.810,0.886,-5.79
1904,5,0.577,0.850,2.957
1904,6,-0.359,0.808,8.891
1904,7,-0.598,0.842,12.272
1904,8,-0.436,0.873,10.934
1904,9,-1.324,0.872,4.086
1904,10,0.001,1.118,-2.019
1904,11,2.023,1.025,-9.487
1904,12,-0.238,1.026,-19.938
1905,1,-0.416,1.115,-23.916
1905,2,-0.544,1.411,-21.464
1905,3,1.723,1.365,-14.017
1905,4,1.612,1.275,-4.988
1905,5,0.733,0.845,3.113
1905,6,-0.487,0.826,8.763
1905,7,-0.186,0.841,12.684
1905,8,-0.113,0.839,11.257
1905,9,0.106,0.898,5.516
1905,10,-1.401,0.963,-3.421
1905,11,1.391,0.873,-10.119
1905,12,0.639,1.064,-19.061
1906,1,0.420,1.147,-23.08
1906,2,-1.341,0.965,-22.261
1906,3,0.106,0.975,-15.634
1906,4,1.580,0.922,-5.02
1906,5,0.242,0.944,2.622
1906,6,0.592,0.896,9.842
1906,7,1.123,0.877,13.993
1906,8,0.361,0.860,11.731
1906,9,0.646,0.863,6.056
1906,10,0.701,0.876,-1.319
1906,11,0.559,1.289,-10.951
1906,12,-2.341,1.213,-22.041
1907,1,-3.558,0.974,-27.058
1907,2,-2.741,0.940,-23.661
1907,3,-1.900,1.032,-17.64
1907,4,-3.878,0.824,-10.478
1907,5,-3.419,0.810,-1.039
1907,6,-0.386,0.828,8.864
1907,7,-1.020,1.084,11.85
1907,8,-1.011,0.887,10.359
1907,9,-0.521,0.832,4.889
1907,10,0.303,0.795,-1.717
1907,11,0.346,1.013,-11.164
1907,12,2.022,1.243,-17.678
1908,1,1.773,0.970,-21.727
1908,2,0.530,1.161,-20.39
1908,3,-2.634,1.114,-18.374
1908,4,-0.786,0.821,-7.386
1908,5,0.701,0.854,3.081
1908,6,-0.414,1.005,8.836
1908,7,0.767,1.097,13.637
1908,8,-0.342,0.792,11.028
1908,9,1.214,0.761,6.624
1908,10,-0.001,0.795,-2.021
1908,11,0.105,0.872,-11.405
1908,12,-1.038,0.920,-20.738
1909,1,-4.029,0.963,-27.529
1909,2,-3.337,0.907,-24.257
1909,3,2.141,0.995,-13.599
1909,4,-3.595,1.105,-10.195
1909,5,-0.215,0.855,2.165
1909,6,0.381,0.992,9.631
1909,7,-0.055,0.808,12.815
1909,8,-0.162,0.776,11.208
1909,9,0.587,0.755,5.997
1909,10,-0.026,1.010,-2.046
1909,11,-1.392,0.777,-12.902
1909,12,1.053,1.170,-18.647
1910,1,1.981,0.993,-21.519
1910,2,-3.949,0.918,-24.869
1910,3,2.291,0.992,-13.449
1910,4,1.399,0.755,-5.201
1910,5,-0.267,0.773,2.113
1910,6,0.273,0.760,9.523
1910,7,0.141,0.791,13.011
1910,8,-0.561,0.761,10.809
1910,9,-0.522,0.760,4.888
1910,10,0.371,0.792,-1.649
1910,11,0.664,1.181,-10.846
1910,12,-0.222,0.982,-19.922
1911,1,-4.705,0.941,-28.205
1911,2,-0.442,0.850,-21.362
1911,3,0.752,0.874,-14.988
1911,4,-0.192,0.850,-6.792
1911,5,1.065,0.810,3.445
1911,6,0.530,0.830,9.78
1911,7,-0.073,0.811,12.797
1911,8,-0.527,0.833,10.843
1911,9,-0.659,0.809,4.751
1911,10,1.005,0.807,-1.015
1911,11,-1.938,0.828,-13.448
1911,12,2.022,0.884,-17.678
1912,1,-1.938,0.928,-25.438
1912,2,1.832,0.950,-19.088
1912,3,-1.286,0.931,-17.026
1912,4,0.063,0.849,-6.537
1912,5,0.500,0.815,2.88
1912,6,0.234,0.821,9.484
1912,7,-1.488,0.853,11.382
1912,8,-0.790,0.890,10.58
1912,9,0.103,0.827,5.513
1912,10,0.457,0.839,-1.563
1912,11,1.789,0.837,-9.721
1912,12,0.966,0.900,-18.734
1913,1,-2.601,0.884,-26.101
1913,2,-1.757,0.942,-22.677
1913,3,-2.794,0.870,-18.534
1913,4,0.702,0.823,-5.898
1913,5,-0.756,0.868,1.624
1913,6,0.197,0.871,9.447
1913,7,-0.852,0.839,12.018
1913,8,-0.581,0.864,10.789
1913,9,-0.588,0.882,4.822
1913,10,-1.128,0.869,-3.148
1913,11,0.572,0.911,-10.938
1913,12,2.678,0.928,-17.022
1914,1,-0.295,1.054,-23.795
1914,2,-5.413,0.933,-26.333
1914,3,-0.626,0.919,-16.366
1914,4,-1.229,0.892,-7.829
1914,5,-0.081,0.855,2.299
1914,6,-0.497,0.822,8.753
1914,7,-0.407,0.864,12.463
1914,8,-0.409,0.754,10.961
1914,9,0.337,0.803,5.747
1914,10,1.392,0.890,-0.628
1914,11,-0.317,0.838,-11.827
1914,12,-0.895,0.881,-20.595
1915,1,1.297,0.932,-22.203
1915,2,1.765,0.934,-19.155
1915,3,1.882,0.874,-13.858
1915,4,3.792,0.823,-2.808
1915,5,0.683,0.763,3.063
1915,6,-1.175,0.752,8.075
1915,7,-0.653,0.749,12.217
1915,8,0.570,0.770,11.94
1915,9,-0.471,0.816,4.939
1915,10,-0.208,0.802,-2.228
1915,11,0.983,0.949,-10.527
1915,12,2.578,0.768,-17.122
1916,1,-1.564,1.018,-25.064
1916,2,-1.062,0.816,-21.982
1916,3,-1.653,0.758,-17.393
1916,4,1.377,0.858,-5.223
1916,5,0.479,0.796,2.859
1916,6,-0.169,0.805,9.081
1916,7,0.285,0.744,13.155
1916,8,-0.201,0.770,11.169
1916,9,0.234,0.741,5.644
1916,10,-0.683,0.866,-2.703
1916,11,0.787,0.824,-10.723
1916,12,-1.542,0.994,-21.242
1917,1,-1.894,1.135,-25.394
1917,2,-2.944,1.051,-23.864
1917,3,-0.145,0.909,-15.885
1917,4,-1.197,0.845,-7.797
1917,5,-1.852,0.790,0.528
1917,6,-1.513,0.770,7.737
1917,7,0.139,0.775,13.009
1917,8,-0.587,0.762,10.783
1917,9,0.818,0.750,6.228
1917,10,-1.890,0.800,-3.91
1917,11,1.511,1.038,-9.999
1917,12,-6.662,0.856,-26.362
1918,1,-0.835,0.890,-24.335
1918,2,-3.072,1.087,-23.992
1918,3,-1.337,0.967,-17.077
1918,4,-0.524,0.756,-7.124
1918,5,-2.309,0.867,0.071
1918,6,-1.974,0.757,7.276
1918,7,-1.480,0.791,11.39
1918,8,-0.564,0.788,10.806
1918,9,0.200,0.827,5.61
1918,10,-0.540,0.794,-2.56
1918,11,0.539,0.796,-10.971
1918,12,1.105,0.838,-18.595
1919,1,2.623,0.956,-20.877
1919,2,-0.560,1.049,-21.48
1919,3,-2.192,0.876,-17.932
1919,4,0.622,0.775,-5.978
1919,5,0.417,0.815,2.797
1919,6,0.279,0.826,9.529
1919,7,0.029,0.802,12.899
1919,8,0.855,0.850,12.225
1919,9,0.650,0.784,6.06
1919,10,-2.926,0.864,-4.946
1919,11,-2.475,0.859,-13.985
1919,12,-1.173,0.927,-20.873
1920,1,-1.382,0.869,-24.882
1920,2,3.288,0.900,-17.632
1920,3,-0.706,0.798,-16.446
1920,4,-1.304,0.978,-7.904
1920,5,-0.162,0.797,2.218
1920,6,-0.440,0.839,8.81
1920,7,0.249,0.786,13.119
1920,8,0.510,0.791,11.88
1920,9,0.645,0.810,6.055
1920,10,0.687,0.834,-1.333
1920,11,0.126,0.866,-11.384
1920,12,0.602,0.845,-19.098
1921,1,1.051,0.795,-22.449
1921,2,0.121,0.756,-20.799
1921,3,-1.418,0.775,-17.158
1921,4,0.522,0.679,-6.078
1921,5,0.773,0.717,3.153
1921,6,1.236,0.720,10.486
1921,7,1.095,0.750,13.965
1921,8,-0.607,0.714,10.763
1921,9,0.129,0.663,5.539
1921,10,0.920,0.690,-1.1
1921,11,-1.706,0.752,-13.216
1921,12,1.392,0.717,-18.308
1922,1,1.245,0.824,-22.255
1922,2,-4.107,0.854,-25.027
1922,3,-0.837,0.774,-16.577
1922,4,0.203,0.698,-6.397
1922,5,0.291,0.646,2.671
1922,6,-0.855,0.807,8.395
1922,7,-0.613,0.758,12.257
1922,8,-0.232,0.671,11.138
1922,9,-0.170,0.667,5.24
1922,10,-0.784,0.730,-2.804
1922,11,0.800,0.724,-10.71
1922,12,-2.667,0.832,-22.367
1923,1,-1.501,0.635,-25.001
1923,2,-1.632,0.654,-22.552
1923,3,-4.883,0.585,-20.623
1923,4,-1.141,0.591,-7.741
1923,5,-0.573,0.623,1.807
1923,6,0.818,0.669,10.068
1923,7,-0.011,0.617,12.859
1923,8,-0.892,0.607,10.478
1923,9,0.576,0.588,5.986
1923,10,1.815,0.585,-0.205
1923,11,3.038,0.620,-8.472
1923,12,1.068,0.831,-18.632
1924,1,-0.737,0.909,-24.237
1924,2,1.309,1.019,-19.611
1924,3,4.077,0.763,-11.663
1924,4,-0.817,0.733,-7.417
1924,5,0.094,0.733,2.474
1924,6,-0.650,0.549,8.6
1924,7,-0.257,0.626,12.613
1924,8,-0.451,0.660,10.919
1924,9,0.268,0.725,5.678
1924,10,0.786,0.586,-1.234
1924,11,0.076,0.785,-11.434
1924,12,-2.516,0.777,-22.216
1925,1,-3.314,0.709,-26.814
1925,2,-2.439,0.585,-23.359
1925,3,-0.173,0.729,-15.913
1925,4,0.942,0.599,-5.658
1925,5,-0.052,0.600,2.328
1925,6,0.038,0.603,9.288
1925,7,-0.008,0.583,12.862
1925,8,0.326,0.591,11.696
1925,9,0.013,0.590,5.423
1925,10,-2.221,0.627,-4.241
1925,11,-0.123,0.693,-11.633
1925,12,3.650,0.689,-16.05
1926,1,2.910,0.626,-20.59
1926,2,0.641,0.701,-20.279
1926,3,0.543,0.627,-15.197
1926,4,-0.872,0.670,-7.472
1926,5,-0.049,0.561,2.331
1926,6,-0.580,0.577,8.67
1926,7,-0.260,0.573,12.61
1926,8,-0.649,0.692,10.721
1926,9,-1.197,0.649,4.213
1926,10,0.701,0.849,-1.319
1926,11,-0.890,0.788,-12.4
1926,12,-0.654,0.663,-20.354
1927,1,0.965,0.682,-22.535
1927,2,-0.517,0.755,-21.437
1927,3,1.526,0.678,-14.214
1927,4,-0.743,0.743,-7.343
1927,5,-1.166,0.679,1.214
1927,6,-0.561,0.687,8.689
1927,7,0.134,0.647,13.004
1927,8,-0.176,0.731,11.194
1927,9,0.423,0.628,5.833
1927,10,0.761,0.646,-1.259
1927,11,-2.744,0.697,-14.254
1927,12,-2.949,0.747,-22.649
1928,1,2.257,0.666,-21.243
1928,2,1.665,0.632,-19.255
1928,3,0.445,0.623,-15.295
1928,4,-2.752,0.689,-9.352
1928,5,0.548,0.675,2.928
1928,6,0.245,0.661,9.495
1928,7,0.312,0.650,13.182
1928,8,-0.565,0.652,10.805
1928,9,-0.030,0.729,5.38
1928,10,-0.241,0.672,-2.261
1928,11,2.634,0.705,-8.876
1928,12,4.152,0.810,-15.548
1929,1,-0.018,0.892,-23.518
1929,2,-0.866,0.701,-21.786
1929,3,-0.377,0.624,-16.117
1929,4,-0.869,0.632,-7.469
1929,5,-1.457,0.574,0.923
1929,6,-0.896,0.610,8.354
1929,7,-1.029,0.534,11.841
1929,8,0.041,0.513,11.411
1929,9,-0.127,0.607,5.283
1929,10,1.315,0.754,-0.705
1929,11,-0.314,0.632,-11.824
1929,12,-1.812,0.588,-21.512
1930,1,-1.233,0.883,-24.733
1930,2,-0.228,0.552,-21.148
1930,3,1.116,0.793,-14.624
1930,4,0.032,0.534,-6.568
1930,5,0.027,0.579,2.407
1930,6,0.862,0.670,10.112
1930,7,0.590,0.588,13.46
1930,8,0.859,0.527,12.229
1930,9,0.456,0.434,5.866
1930,10,-0.465,0.484,-2.485
1930,11,1.342,0.585,-10.168
1930,12,3.658,0.794,-16.042
1931,1,3.467,0.439,-20.033
1931,2,3.757,1.083,-17.163
1931,3,-0.052,0.425,-15.792
1931,4,0.875,0.585,-5.725
1931,5,-0.174,0.424,2.206
1931,6,0.719,0.419,9.969
1931,7,0.907,0.417,13.777
1931,8,0.379,0.472,11.749
1931,9,1.125,0.429,6.535
1931,10,1.629,0.450,-0.391
1931,11,1.689,0.579,-9.821
1931,12,2.086,0.518,-17.614
1932,1,1.295,0.522,-22.205
1932,2,-2.513,0.643,-23.433
1932,3,-1.312,0.728,-17.052
1932,4,0.602,0.668,-5.998
1932,5,1.305,0.553,3.685
1932,6,0.422,0.631,9.672
1932,7,-0.300,0.570,12.57
1932,8,1.212,0.438,12.582
1932,9,0.999,0.390,6.409
1932,10,-0.637,0.395,-2.657
1932,11,-2.696,0.510,-14.206
1932,12,-1.078,0.438,-20.778
1933,1,-0.439,0.594,-23.939
1933,2,-1.823,0.465,-22.743
1933,3,-0.074,0.569,-15.814
1933,4,-0.355,0.584,-6.955
1933,5,-0.001,0.422,2.379
1933,6,-0.585,0.401,8.665
1933,7,-0.432,0.442,12.438
1933,8,0.807,0.494,12.177
1933,9,0.297,0.427,5.707
1933,10,-1.421,0.495,-3.441
1933,11,-3.183,0.608,-14.693
1933,12,-6.789,0.678,-26.489
1934,1,-0.105,0.648,-23.605
1934,2,-0.309,0.491,-21.229
1934,3,-1.475,0.613,-17.215
1934,4,0.606,0.437,-5.994
1934,5,0.172,0.466,2.552
1934,6,-0.614,0.436,8.636
1934,7,-0.300,0.434,12.57
1934,8,-1.277,0.490,10.093
1934,9,-0.993,0.492,4.417
1934,10,0.312,0.519,-1.708
1934,11,0.997,0.596,-10.513
1934,12,-0.615,0.541,-20.315
1935,1,-4.122,0.757,-27.622
1935,2,2.417,0.516,-18.503
1935,3,-1.972,0.526,-17.712
1935,4,-1.061,0.486,-7.661
1935,5,-0.529,0.510,1.851
1935,6,-0.042,0.556,9.208
1935,7,0.776,0.507,13.646
1935,8,-0.250,0.518,11.12
1935,9,0.065,0.495,5.475
1935,10,-1.011,0.575,-3.031
1935,11,-3.152,0.588,-14.662
1935,12,0.686,0.558,-19.014
1936,1,-2.016,0.529,-25.516
1936,2,-5.454,0.649,-26.374
1936,3,1.566,0.615,-14.174
1936,4,-1.900,0.496,-8.5
1936,5,-0.395,0.462,1.985
1936,6,-0.045,0.508,9.205
1936,7,0.754,0.484,13.624
1936,8,0.150,0.447,11.52
1936,9,-0.474,0.459,4.936
1936,10,-2.074,0.442,-4.094
1936,11,-1.096,0.474,-12.606
1936,12,-1.612,0.496,-21.312
1937,1,-1.398,0.525,-24.898
1937,2,-0.101,0.567,-21.021
1937,3,1.718,0.611,-14.022
1937,4,1.323,0.644,-5.277
1937,5,1.223,0.500,3.603
1937,6,1.086,0.492,10.336
1937,7,0.494,0.444,13.364
1937,8,-0.064,0.440,11.306
1937,9,0.656,0.406,6.066
1937,10,0.661,0.411,-1.359
1937,11,0.086,0.400,-11.424
1937,12,-1.284,0.436,-20.984
1938,1,1.370,0.511,-22.13
1938,2,-1.790,0.580,-22.71
1938,3,1.820,0.573,-13.92
1938,4,-0.841,0.523,-7.441
1938,5,1.036,0.409,3.416
1938,6,0.715,0.462,9.965
1938,7,1.017,0.418,13.887
1938,8,0.033,0.395,11.403
1938,9,2.543,0.368,7.953
1938,10,2.232,0.358,0.212
1938,11,0.260,0.414,-11.25
1938,12,2.178,0.448,-17.522
1939,1,2.029,0.474,-21.471
1939,2,-4.583,0.534,-25.503
1939,3,-2.989,0.408,-18.729
1939,4,1.054,0.394,-5.546
1939,5,0.663,0.347,3.043
1939,6,-0.416,0.372,8.834
1939,7,0.343,0.349,13.213
1939,8,0.553,0.373,11.923
1939,9,-0.407,0.372,5.003
1939,10,-2.032,0.396,-4.052
1939,11,1.197,0.426,-10.313
1939,12,4.632,0.583,-15.068
1940,1,4.181,0.417,-19.319
1940,2,1.647,0.439,-19.273
1940,3,1.826,0.409,-13.914
1940,4,1.249,0.354,-5.351
1940,5,0.662,0.356,3.042
1940,6,-1.004,0.358,8.246
1940,7,0.299,0.398,13.169
1940,8,0.192,0.400,11.562
1940,9,2.449,0.387,7.859
1940,10,0.889,0.366,-1.131
1940,11,-1.758,0.436,-13.268
1940,12,0.510,0.548,-19.19
1941,1,1.320,0.440,-22.18
1941,2,3.170,0.378,-17.75
1941,3,1.185,0.376,-14.555
1941,4,0.706,0.369,-5.894
1941,5,0.308,0.407,2.688
1941,6,0.669,0.391,9.919
1941,7,1.136,0.346,14.006
1941,8,-0.518,0.362,10.852
1941,9,-1.107,0.323,4.303
1941,10,-0.532,0.371,-2.552
1941,11,-0.826,0.399,-12.336
1941,12,0.666,0.467,-19.034
1942,1,3.752,0.461,-19.748
1942,2,0.624,0.504,-20.296
1942,3,3.765,0.344,-11.975
1942,4,0.555,0.372,-6.045
1942,5,0.895,0.335,3.275
1942,6,0.118,0.355,9.368
1942,7,-0.133,0.315,12.737
1942,8,-0.051,0.347,11.319
1942,9,0.073,0.359,5.483
1942,10,1.944,0.395,-0.076
1942,11,-1.523,0.432,-13.033
1942,12,-2.090,0.427,-21.79
1943,1,-0.930,0.382,-24.43
1943,2,1.099,0.396,-19.821
1943,3,-2.680,0.435,-18.42
1943,4,0.294,0.376,-6.306
1943,5,-0.829,0.318,1.551
1943,6,-0.508,0.340,8.742
1943,7,0.257,0.339,13.127
1943,8,0.167,0.347,11.537
1943,9,0.628,0.328,6.038
1943,10,2.192,0.335,0.172
1943,11,3.011,0.412,-8.499
1943,12,2.015,0.372,-17.685
1944,1,5.434,0.394,-18.066
1944,2,-0.082,0.366,-21.002
1944,3,-0.794,0.343,-16.534
1944,4,2.129,0.357,-4.471
1944,5,0.752,0.346,3.132
1944,6,0.231,0.321,9.481
1944,7,-0.068,0.357,12.802
1944,8,0.324,0.335,11.694
1944,9,1.036,0.330,6.446
1944,10,1.183,0.351,-0.837
1944,11,1.156,0.349,-10.354
1944,12,2.049,0.362,-17.651
1945,1,2.282,0.393,-21.218
1945,2,1.562,0.351,-19.358
1945,3,3.613,0.331,-12.127
1945,4,-2.461,0.317,-9.061
1945,5,-1.289,0.321,1.091
1945,6,-0.924,0.339,8.326
1945,7,-0.242,0.333,12.628
1945,8,0.369,0.326,11.739
1945,9,-0.769,0.335,4.641
1945,10,0.530,0.333,-1.49
1945,11,-2.251,0.351,-13.761
1945,12,-0.932,0.356,-20.632
1946,1,0.303,0.338,-23.197
1946,2,-2.375,0.390,-23.295
1946,3,3.992,0.360,-11.748
1946,4,0.483,0.317,-6.117
1946,5,0.163,0.326,2.543
1946,6,-0.553,0.375,8.697
1946,7,-0.400,0.343,12.47
1946,8,0.241,0.458,11.611
1946,9,0.393,0.279,5.803
1946,10,-0.279,0.298,-2.299
1946,11,-1.045,0.330,-12.555
1946,12,-1.568,0.289,-21.268
1947,1,0.915,0.364,-22.585
1947,2,1.360,0.430,-19.56
1947,3,2.783,0.334,-12.957
1947,4,-2.118,0.337,-8.718
1947,5,-1.450,0.326,0.93
1947,6,-0.813,0.276,8.437
1947,7,0.291,0.335,13.161
1947,8,-0.635,0.352,10.735
1947,9,-0.207,0.279,5.203
1947,10,2.525,0.379,0.505
1947,11,2.027,0.378,-9.483
1947,12,2.424,0.441,-17.276
1948,1,2.455,0.402,-21.045
1948,2,-2.891,0.256,-23.811
1948,3,-2.645,0.306,-18.385
1948,4,-2.687,0.304,-9.287
1948,5,0.814,0.280,3.194
1948,6,0.686,0.242,9.936
1948,7,0.875,0.241,13.745
1948,8,0.627,0.296,11.997
1948,9,1.517,0.307,6.927
1948,10,1.555,0.253,-0.465
1948,11,2.012,0.295,-9.498
1948,12,-1.231,0.329,-20.931
1949,1,0.571,0.282,-22.929
1949,2,-4.354,0.257,-25.274
1949,3,1.368,0.295,-14.372
1949,4,1.230,0.282,-5.37
1949,5,-0.767,0.240,1.613
1949,6,-0.291,0.245,8.959
1949,7,-0.289,0.303,12.581
1949,8,0.822,0.238,12.192
1949,9,0.634,0.267,6.044
1949,10,-0.078,0.260,-2.098
1949,11,2.010,0.257,-9.5
1949,12,-0.518,0.285,-20.218
1950,1,-5.004,0.222,-28.504
1950,2,-2.310,0.250,-23.23
1950,3,0.004,0.219,-15.736
1950,4,-1.789,0.268,-8.389
1950,5,-0.011,0.229,2.369
1950,6,-0.274,0.277,8.976
1950,7,-0.491,0.264,12.379
1950,8,-1.078,0.283,10.292
1950,9,0.610,0.224,6.02
1950,10,-1.206,0.236,-3.226
1950,11,-1.717,0.285,-13.227
1950,12,1.360,0.233,-18.34
1951,1,-0.556,0.244,-24.056
1951,2,-0.762,0.254,-21.682
1951,3,-0.621,0.268,-16.361
1951,4,0.960,0.211,-5.64
1951,5,0.927,0.414,3.307
1951,6,-0.347,0.418,8.903
1951,7,-0.124,0.362,12.746
1951,8,0.129,0.230,11.499
1951,9,0.334,0.282,5.744
1951,10,-1.395,0.310,-3.415
1951,11,-1.121,0.286,-12.631
1951,12,-2.565,0.238,-22.265
1952,1,-1.744,0.265,-25.244
1952,2,0.733,0.404,-20.187
1952,3,1.125,0.275,-14.615
1952,4,2.570,0.226,-4.03
1952,5,1.976,0.190,4.356
1952,6,0.359,0.226,9.609
1952,7,0.177,0.213,13.047
1952,8,-0.300,0.257,11.07
1952,9,0.174,0.204,5.584
1952,10,-0.252,0.218,-2.272
1952,11,2.174,0.275,-9.336
1952,12,4.599,0.311,-15.101
1953,1,-0.419,0.241,-23.919
1953,2,3.157,0.322,-17.763
1953,3,1.639,0.265,-14.101
1953,4,2.362,0.220,-4.238
1953,5,0.325,0.266,2.705
1953,6,-0.404,0.247,8.846
1953,7,-0.192,0.234,12.678
1953,8,0.885,0.208,12.255
1953,9,0.277,0.237,5.687
1953,10,0.926,0.206,-1.094
1953,11,2.677,0.229,-8.833
1953,12,0.622,0.232,-19.078
1954,1,-3.828,0.242,-27.328
1954,2,2.872,0.300,-18.048
1954,3,0.766,0.295,-14.974
1954,4,-3.842,0.362,-10.442
1954,5,-0.333,0.269,2.047
1954,6,0.285,0.351,9.535
1954,7,0.307,0.291,13.177
1954,8,0.937,0.216,12.307
1954,9,0.576,0.322,5.986
1954,10,0.611,0.227,-1.409
1954,11,2.321,0.234,-9.189
1954,12,1.981,0.248,-17.719
1955,1,2.556,0.248,-20.944
1955,2,-1.258,0.325,-22.178
1955,3,-2.700,0.244,-18.44
1955,4,1.431,0.192,-5.169
1955,5,0.384,0.221,2.764
1955,6,1.550,0.240,10.8
1955,7,0.665,0.203,13.535
1955,8,0.433,0.258,11.803
1955,9,-0.314,0.192,5.096
1955,10,1.670,0.186,-0.35
1955,11,-2.573,0.285,-14.083
1955,12,-1.689,0.228,-21.389
1956,1,1.650,0.273,-21.85
1956,2,-0.756,0.306,-21.676
1956,3,-1.185,0.324,-16.925
1956,4,-0.372,0.397,-6.972
1956,5,-2.063,0.352,0.317
1956,6,-0.287,0.249,8.963
1956,7,-0.139,0.296,12.731
1956,8,-0.494,0.293,10.876
1956,9,-1.337,0.238,4.073
1956,10,-1.065,0.304,-3.085
1956,11,0.365,0.309,-11.145
1956,12,-2.383,0.269,-22.083
1957,1,-2.288,0.261,-25.788
1957,2,-0.509,0.202,-21.429
1957,3,2.529,0.258,-13.211
1957,4,-0.146,0.244,-6.746
1957,5,-0.875,0.309,1.505
1957,6,-0.660,0.260,8.59
1957,7,-0.120,0.421,12.75
1957,8,-0.103,0.249,11.267
1957,9,1.165,0.405,6.575
1957,10,0.070,0.246,-1.95
1957,11,0.019,0.415,-11.491
1957,12,0.102,0.374,-19.598
1958,1,5.128,0.348,-18.372
1958,2,-0.801,0.285,-21.721
1958,3,3.492,0.294,-12.248
1958,4,0.179,0.172,-6.421
1958,5,0.770,0.294,3.15
1958,6,-0.622,0.340,8.628
1958,7,0.151,0.435,13.021
1958,8,0.438,0.400,11.808
1958,9,0.532,0.250,5.942
1958,10,0.454,0.194,-1.566
1958,11,-0.619,0.299,-12.129
1958,12,-0.920,0.413,-20.62
1959,1,0.169,0.255,-23.331
1959,2,-1.071,0.241,-21.991
1959,3,0.016,0.385,-15.724
1959,4,-0.404,0.332,-7.004
1959,5,-1.269,0.185,1.111
1959,6,-0.721,0.254,8.529
1959,7,0.364,0.334,13.234
1959,8,-0.872,0.293,10.498
1959,9,0.150,0.214,5.56
1959,10,-2.281,0.265,-4.301
1959,11,-1.437,0.269,-12.947
1959,12,3.935,0.199,-15.765
1960,1,1.418,0.233,-22.082
1960,2,2.909,0.358,-18.011
1960,3,-2.227,0.240,-17.967
1960,4,-0.327,0.276,-6.927
1960,5,1.268,0.255,3.648
1960,6,0.649,0.287,9.899
1960,7,0.255,0.186,13.125
1960,8,0.488,0.264,11.858
1960,9,0.434,0.254,5.844
1960,10,0.450,0.254,-1.57
1960,11,-0.635,0.258,-12.145
1960,12,1.695,0.275,-18.005
1961,1,0.587,0.203,-22.913
1961,2,0.552,0.232,-20.368
1961,3,-1.021,0.280,-16.761
1961,4,-0.369,0.329,-6.969
1961,5,-0.756,0.285,1.624
1961,6,0.845,0.255,10.095
1961,7,0.713,0.154,13.583
1961,8,0.612,0.342,11.982
1961,9,-0.729,0.239,4.681
1961,10,-1.188,0.324,-3.208
1961,11,0.132,0.187,-11.378
1961,12,-0.824,0.218,-20.524
1962,1,-0.231,0.263,-23.731
1962,2,-3.229,0.210,-24.149
1962,3,1.831,0.295,-13.909
1962,4,-0.820,0.432,-7.42
1962,5,-1.214,0.253,1.166
1962,6,0.449,0.413,9.699
1962,7,-0.067,0.209,12.803
1962,8,0.280,0.240,11.65
1962,9,0.253,0.389,5.663
1962,10,1.451,0.284,-0.569
1962,11,0.832,0.210,-10.678
1962,12,1.377,0.261,-18.323
1963,1,-0.195,0.311,-23.695
1963,2,0.736,0.196,-20.184
1963,3,-1.622,0.247,-17.362
1963,4,1.464,0.272,-5.136
1963,5,-0.733,0.240,1.647
1963,6,-0.022,0.198,9.228
1963,7,0.436,0.238,13.306
1963,8,0.343,0.194,11.713
1963,9,0.024,0.344,5.434
1963,10,2.292,0.268,0.272
1963,11,0.718,0.230,-10.792
1963,12,0.621,0.198,-19.079
1964,1,1.601,0.201,-21.899
1964,2,2.368,0.266,-18.552
1964,3,-4.384,0.239,-20.124
1964,4,-1.395,0.271,-7.995
1964,5,-0.041,0.178,2.339
1964,6,-0.667,0.227,8.583
1964,7,0.001,0.352,12.871
1964,8,-0.716,0.303,10.654
1964,9,-0.561,0.254,4.849
1964,10,0.029,0.188,-1.991
1964,11,-0.084,0.205,-11.594
1964,12,-2.570,0.206,-22.27
1965,1,-0.524,0.199,-24.024
1965,2,-3.061,0.205,-23.981
1965,3,-0.015,0.234,-15.755
1965,4,0.158,0.240,-6.442
1965,5,0.279,0.282,2.659
1965,6,-0.646,0.265,8.604
1965,7,-0.713,0.296,12.157
1965,8,-0.596,0.188,10.774
1965,9,-1.946,0.321,3.464
1965,10,-0.539,0.310,-2.559
1965,11,-0.868,0.326,-12.378
1965,12,1.163,0.243,-18.537
1966,1,-2.956,0.216,-26.456
1966,2,0.896,0.244,-20.024
1966,3,1.491,0.288,-14.249
1966,4,-1.285,0.259,-7.885
1966,5,-0.301,0.232,2.079
1966,6,0.220,0.275,9.47
1966,7,0.269,0.243,13.139
1966,8,0.249,0.248,11.619
1966,9,1.323,0.318,6.733
1966,10,-0.703,0.160,-2.723
1966,11,-3.072,0.223,-14.582
1966,12,0.807,0.257,-18.893
1967,1,0.495,0.212,-23.005
1967,2,-2.946,0.266,-23.866
1967,3,-2.419,0.304,-18.159
1967,4,-2.418,0.324,-9.018
1967,5,-0.921,0.259,1.459
1967,6,-0.252,0.175,8.998
1967,7,-0.271,0.279,12.599
1967,8,0.320,0.301,11.69
1967,9,1.132,0.231,6.542
1967,10,0.240,0.287,-1.78
1967,11,-0.058,0.255,-11.568
1967,12,2.269,0.242,-17.431
1968,1,-0.721,0.233,-24.221
1968,2,0.506,0.257,-20.414
1968,3,2.667,0.292,-13.073
1968,4,0.308,0.316,-6.292
1968,5,-0.361,0.245,2.019
1968,6,-0.460,0.256,8.79
1968,7,-0.989,0.226,11.881
1968,8,-1.383,0.256,9.987
1968,9,1.360,0.352,6.77
1968,10,1.676,0.171,-0.344
1968,11,0.773,0.220,-10.737
1968,12,-0.482,0.225,-20.182
1969,1,-1.069,0.241,-24.569
1969,2,2.611,0.199,-18.309
1969,3,0.120,0.354,-15.62
1969,4,0.592,0.267,-6.008
1969,5,-0.945,0.187,1.435
1969,6,-1.248,0.192,8.002
1969,7,-0.410,0.267,12.46
1969,8,0.317,0.276,11.687
1969,9,-0.476,0.239,4.934
1969,10,-0.205,0.162,-2.225
1969,11,0.851,0.284,-10.659
1969,12,4.419,0.237,-15.281
1970,1,-0.033,0.201,-23.533
1970,2,0.214,0.203,-20.706
1970,3,1.018,0.313,-14.722
1970,4,-0.476,0.287,-7.076
1970,5,-1.439,0.195,0.941
1970,6,0.446,0.300,9.696
1970,7,0.383,0.191,13.253
1970,8,0.400,0.287,11.77
1970,9,-0.380,0.227,5.03
1970,10,0.455,0.290,-1.565
1970,11,-0.146,0.249,-11.656
1970,12,-3.108,0.228,-22.808
1971,1,-1.228,0.244,-24.728
1971,2,0.958,0.306,-19.962
1971,3,0.598,0.236,-15.142
1971,4,0.544,0.298,-6.056
1971,5,0.594,0.252,2.974
1971,6,0.583,0.215,9.833
1971,7,-0.240,0.219,12.63
1971,8,0.159,0.218,11.529
1971,9,0.585,0.259,5.995
1971,10,1.146,0.251,-0.874
1971,11,-0.733,0.191,-12.243
1971,12,-2.822,0.293,-22.522
1972,1,-3.154,0.231,-26.654
1972,2,-4.323,0.269,-25.243
1972,3,-0.894,0.286,-16.634
1972,4,-2.073,0.193,-8.673
1972,5,-0.419,0.250,1.961
1972,6,-0.685,0.320,8.565
1972,7,-1.272,0.290,11.598
1972,8,-0.220,0.236,11.15
1972,9,-2.294,0.296,3.116
1972,10,-2.599,0.282,-4.619
1972,11,-1.133,0.208,-12.643
1972,12,-3.791,0.216,-23.491
1973,1,1.877,0.204,-21.623
1973,2,-1.073,0.260,-21.993
1973,3,2.365,0.218,-13.375
1973,4,-0.151,0.267,-6.751
1973,5,1.223,0.199,3.603
1973,6,0.759,0.257,10.009
1973,7,0.632,0.220,13.502
1973,8,1.094,0.294,12.464
1973,9,0.795,0.162,6.205
1973,10,1.540,0.199,-0.48
1973,11,-1.114,0.148,-12.624
1973,12,0.829,0.166,-18.871
1974,1,-2.454,0.284,-25.954
1974,2,-0.921,0.264,-21.841
1974,3,-3.049,0.276,-18.789
1974,4,-1.487,0.252,-8.087
1974,5,-1.234,0.181,1.146
1974,6,0.222,0.203,9.472
1974,7,0.131,0.181,13.001
1974,8,-0.512,0.249,10.858
1974,9,-1.328,0.358,4.082
1974,10,-1.889,0.208,-3.909
1974,11,1.262,0.195,-10.248
1974,12,2.358,0.306,-17.342
1975,1,-1.144,0.221,-24.644
1975,2,-0.193,0.187,-21.113
1975,3,-1.205,0.251,-16.945
1975,4,-0.042,0.256,-6.642
1975,5,1.260,0.202,3.64
1975,6,1.392,0.322,10.642
1975,7,1.068,0.260,13.938
1975,8,-0.105,0.402,11.265
1975,9,0.233,0.196,5.643
1975,10,0.052,0.178,-1.968
1975,11,-0.471,0.166,-11.981
1975,12,-1.406,0.226,-21.106
1976,1,0.783,0.145,-22.717
1976,2,-0.370,0.180,-21.29
1976,3,-1.486,0.202,-17.226
1976,4,2.480,0.216,-4.12
1976,5,0.603,0.300,2.983
1976,6,0.131,0.300,9.381
1976,7,0.009,0.550,12.879
1976,8,0.026,0.542,11.396
1976,9,0.899,0.163,6.309
1976,10,-0.991,0.251,-3.011
1976,11,0.590,0.165,-10.92
1976,12,-1.641,0.153,-21.341
1977,1,3.348,0.207,-20.152
1977,2,3.762,0.257,-17.158
1977,3,2.949,0.211,-12.791
1977,4,1.664,0.204,-4.936
1977,5,1.753,0.384,4.133
1977,6,0.566,0.198,9.816
1977,7,-0.528,0.199,12.342
1977,8,-0.735,0.247,10.635
1977,9,0.431,0.232,5.841
1977,10,1.081,0.221,-0.939
1977,11,0.365,0.230,-11.145
1977,12,-2.232,0.247,-21.932
1978,1,0.550,0.239,-22.95
1978,2,2.933,0.223,-17.987
1978,3,-0.771,0.200,-16.511
1978,4,-0.633,0.205,-7.233
1978,5,-0.261,0.208,2.119
1978,6,-1.034,0.193,8.216
1978,7,-0.827,0.415,12.043
1978,8,-0.871,0.208,10.499
1978,9,-0.321,0.228,5.089
1978,10,-1.651,0.230,-3.671
1978,11,-2.356,0.270,-13.866
1978,12,0.438,0.259,-19.262
1979,1,1.312,0.225,-22.188
1979,2,-6.478,0.188,-27.398
1979,3,0.174,0.230,-15.566
1979,4,-0.411,0.272,-7.011
1979,5,-0.052,0.417,2.328
1979,6,-0.335,0.279,8.915
1979,7,0.646,0.227,13.516
1979,8,-0.527,0.231,10.843
1979,9,0.207,0.195,5.617
1979,10,0.057,0.249,-1.963
1979,11,2.004,0.264,-9.506
1979,12,2.226,0.184,-17.474
1980,1,1.073,0.272,-22.427
1980,2,2.542,0.260,-18.378
1980,3,0.818,0.340,-14.922
1980,4,1.940,0.434,-4.66
1980,5,1.855,0.267,4.235
1980,6,-0.065,0.348,9.185
1980,7,-0.314,0.297,12.556
1980,8,0.323,0.514,11.693
1980,9,-1.199,0.251,4.211
1980,10,0.558,0.194,-1.462
1980,11,1.339,0.289,-10.171
1980,12,-3.007,0.225,-22.707
1981,1,6.717,0.307,-16.783
1981,2,4.140,0.204,-16.78
1981,3,5.017,0.280,-10.723
1981,4,-0.777,0.218,-7.377
1981,5,1.024,0.230,3.404
1981,6,-0.264,0.221,8.986
1981,7,0.519,0.192,13.389
1981,8,1.365,0.179,12.735
1981,9,0.749,0.233,6.159
1981,10,0.314,0.213,-1.706
1981,11,3.138,0.286,-8.372
1981,12,2.570,0.213,-17.13
1982,1,-3.767,0.349,-27.267
1982,2,-1.354,0.198,-22.274
1982,3,-1.017,0.248,-16.757
1982,4,-2.089,0.185,-8.689
1982,5,-0.104,0.251,2.276
1982,6,-0.234,0.231,9.016
1982,7,0.229,0.220,13.099
1982,8,-1.354,0.204,10.016
1982,9,0.212,0.186,5.622
1982,10,0.224,0.235,-1.796
1982,11,-2.408,0.323,-13.918
1982,12,-0.112,0.363,-19.812
1983,1,1.468,0.266,-22.032
1983,2,0.204,0.220,-20.716
1983,3,0.256,0.225,-15.484
1983,4,0.347,0.299,-6.253
1983,5,-2.379,0.248,0.001
1983,6,0.736,0.280,9.986
1983,7,0.239,0.254,13.109
1983,8,0.811,0.201,12.181
1983,9,0.494,0.247,5.904
1983,10,0.149,0.329,-1.871
1983,11,2.310,0.265,-9.2
1983,12,-2.862,0.352,-22.562
1984,1,-0.022,0.194,-23.522
1984,2,3.539,0.320,-17.381
1984,3,0.708,0.234,-15.032
1984,4,2.491,0.299,-4.109
1984,5,0.130,0.183,2.51
1984,6,0.631,0.270,9.881
1984,7,0.560,0.267,13.43
1984,8,0.860,0.242,12.23
1984,9,-1.240,0.265,4.17
1984,10,-0.384,0.286,-2.404
1984,11,-1.260,0.237,-12.77
1984,12,-2.842,0.247,-22.542
1985,1,3.708,0.299,-19.792
1985,2,-1.619,0.196,-22.539
1985,3,1.354,0.190,-14.386
1985,4,-0.989,0.209,-7.589
1985,5,0.912,0.176,3.292
1985,6,-0.002,0.325,9.248
1985,7,-0.339,0.209,12.531
1985,8,-0.675,0.218,10.695
1985,9,0.187,0.258,5.597
1985,10,-0.547,0.389,-2.567
1985,11,-3.601,0.354,-15.111
1985,12,1.765,0.276,-17.935
1986,1,2.780,0.242,-20.72
1986,2,1.365,0.205,-19.555
1986,3,0.722,0.193,-15.018
1986,4,0.134,0.201,-6.466
1986,5,0.951,0.250,3.331
1986,6,-1.130,0.337,8.12
1986,7,-0.646,0.252,12.224
1986,8,-0.490,0.344,10.88
1986,9,-0.682,0.193,4.728
1986,10,-1.109,0.267,-3.129
1986,11,-4.070,0.237,-15.58
1986,12,2.849,0.190,-16.851
1987,1,4.601,0.177,-18.899
1987,2,3.114,0.176,-17.806
1987,3,1.535,0.193,-14.205
1987,4,1.850,0.195,-4.75
1987,5,-0.161,0.179,2.219
1987,6,0.494,0.235,9.744
1987,7,0.166,0.291,13.036
1987,8,-0.991,0.171,10.379
1987,9,1.704,0.256,7.114
1987,10,0.337,0.188,-1.683
1987,11,1.361,0.178,-10.149
1987,12,4.802,0.235,-14.898
1988,1,0.588,0.213,-22.912
1988,2,-0.012,0.186,-20.932
1988,3,2.916,0.268,-12.824
1988,4,2.092,0.163,-4.508
1988,5,0.677,0.268,3.057
1988,6,0.760,0.302,10.01
1988,7,0.615,0.235,13.485
1988,8,0.722,0.237,12.092
1988,9,0.629,0.236,6.039
1988,10,0.368,0.337,-1.652
1988,11,-0.224,0.191,-11.734
1988,12,0.301,0.235,-19.399
1989,1,0.359,0.242,-23.141
1989,2,0.056,0.197,-20.864
1989,3,-2.733,0.275,-18.473
1989,4,0.941,0.245,-5.659
1989,5,-0.069,0.313,2.311
1989,6,0.909,0.242,10.159
1989,7,1.114,0.213,13.984
1989,8,0.970,0.157,12.34
1989,9,0.701,0.259,6.111
1989,10,-0.116,0.244,-2.136
1989,11,-2.715,0.190,-14.225
1989,12,-1.201,0.248,-20.901
1990,1,1.744,0.240,-21.756
1990,2,-2.849,0.218,-23.769
1990,3,3.293,0.242,-12.447
1990,4,0.687,0.245,-5.913
1990,5,0.041,0.196,2.421
1990,6,0.391,0.228,9.641
1990,7,0.519,0.178,13.389
1990,8,0.283,0.276,11.653
1990,9,0.514,0.419,5.924
1990,10,-1.298,0.206,-3.318
1990,11,-1.979,0.329,-13.489
1990,12,-2.515,0.258,-22.215
1991,1,-1.114,0.216,-24.614
1991,2,2.553,0.160,-18.367
1991,3,1.058,0.180,-14.682
1991,4,1.668,0.233,-4.932
1991,5,1.322,0.229,3.702
1991,6,1.100,0.186,10.35
1991,7,0.328,0.184,13.198
1991,8,1.085,0.234,12.455
1991,9,0.112,0.198,5.522
1991,10,-1.440,0.167,-3.46
1991,11,-0.902,0.167,-12.412
1991,12,0.297,0.189,-19.403
1992,1,3.134,0.172,-20.366
1992,2,0.177,0.209,-20.743
1992,3,2.448,0.228,-13.292
1992,4,-0.933,0.231,-7.533
1992,5,-0.734,0.265,1.646
1992,6,-0.855,0.272,8.395
1992,7,-1.226,0.163,11.644
1992,8,-0.515,0.232,10.855
1992,9,-1.234,0.247,4.176
1992,10,-0.453,0.212,-2.473
1992,11,0.651,0.278,-10.859
1992,12,-0.509,0.294,-20.209
1993,1,1.762,0.336,-21.738
1993,2,-0.417,0.200,-21.337
1993,3,2.376,0.190,-13.364
1993,4,0.893,0.266,-5.707
1993,5,1.275,0.162,3.655
1993,6,0.346,0.170,9.596
1993,7,0.195,0.207,13.065
1993,8,0.337,0.231,11.707
1993,9,-0.370,0.194,5.04
1993,10,-0.148,0.211,-2.168
1993,11,-1.168,0.233,-12.678
1993,12,1.700,0.228,-18
1994,1,-2.490,0.299,-25.99
1994,2,-3.617,0.220,-24.537
1994,3,2.558,0.288,-13.182
1994,4,0.083,0.239,-6.517
1994,5,0.946,0.207,3.326
1994,6,1.177,0.202,10.427
1994,7,0.949,0.198,13.819
1994,8,0.389,0.181,11.759
1994,9,1.172,0.180,6.582
1994,10,1.833,0.170,-0.187
1994,11,0.989,0.228,-10.521
1994,12,2.340,0.175,-17.36
1995,1,3.674,0.167,-19.826
1995,2,-0.191,0.169,-21.111
1995,3,0.707,0.170,-15.033
1995,4,1.204,0.183,-5.396
1995,5,0.891,0.203,3.271
1995,6,1.992,0.206,11.242
1995,7,-0.204,0.195,12.666
1995,8,0.250,0.149,11.62
1995,9,0.690,0.207,6.1
1995,10,0.517,0.246,-1.503
1995,11,-1.577,0.221,-13.087
1995,12,-0.841,0.168,-20.541
1996,1,-2.074,0.164,-25.574
1996,2,1.969,0.186,-18.951
1996,3,-0.500,0.186,-16.24
1996,4,0.252,0.176,-6.348
1996,5,-1.014,0.155,1.366
1996,6,0.969,0.215,10.219
1996,7,0.611,0.258,13.481
1996,8,0.235,0.148,11.605
1996,9,0.911,0.156,6.321
1996,10,-1.231,0.177,-3.251
1996,11,-1.044,0.182,-12.554
1996,12,0.806,0.216,-18.894
1997,1,0.505,0.152,-22.995
1997,2,1.303,0.172,-19.617
1997,3,-0.988,0.195,-16.728
1997,4,-0.199,0.204,-6.799
1997,5,-0.637,0.223,1.743
1997,6,0.883,0.177,10.133
1997,7,0.749,0.293,13.619
1997,8,0.292,0.211,11.662
1997,9,1.263,0.138,6.673
1997,10,-0.933,0.159,-2.953
1997,11,1.702,0.201,-9.808
1997,12,4.407,0.178,-15.293
1998,1,0.012,0.208,-23.488
1998,2,4.740,0.172,-16.18
1998,3,2.238,0.172,-13.502
1998,4,3.762,0.170,-2.838
1998,5,2.930,0.209,5.31
1998,6,1.915,0.209,11.165
1998,7,1.615,0.214,14.485
1998,8,1.718,0.190,13.088
1998,9,2.167,0.192,7.577
1998,10,1.695,0.195,-0.325
1998,11,3.045,0.200,-8.465
1998,12,2.777,0.266,-16.923
1999,1,1.363,0.275,-22.137
1999,2,3.779,0.160,-17.141
1999,3,4.294,0.147,-11.446
1999,4,2.488,0.196,-4.112
1999,5,0.908,0.188,3.288
1999,6,0.866,0.169,10.116
1999,7,-0.048,0.175,12.822
1999,8,0.733,0.150,12.103
1999,9,1.387,0.188,6.797
1999,10,-0.437,0.209,-2.457
1999,11,2.132,0.192,-9.378
1999,12,3.459,0.222,-16.241
2000,1,1.488,0.189,-22.012
2000,2,3.193,0.170,-17.727
2000,3,4.306,0.201,-11.434
2000,4,0.222,0.151,-6.378
2000,5,-0.205,0.212,2.175
2000,6,-0.391,0.272,8.859
2000,7,0.866,0.171,13.736
2000,8,0.243,0.171,11.613
2000,9,-0.004,0.198,5.406
2000,10,0.333,0.141,-1.687
2000,11,1.607,0.142,-9.903
2000,12,-0.972,0.165,-20.672
2001,1,5.118,0.145,-18.382
2001,2,0.289,0.135,-20.631
2001,3,2.900,0.189,-12.84
2001,4,1.074,0.165,-5.526
2001,5,1.511,0.203,3.891
2001,6,0.450,0.214,9.7
2001,7,0.950,0.159,13.82
2001,8,1.227,0.152,12.597
2001,9,1.995,0.235,7.405
2001,10,0.210,0.213,-1.81
2001,11,2.069,0.166,-9.441
2001,12,4.055,0.137,-15.645
2002,1,2.606,0.220,-20.894
2002,2,0.798,0.236,-20.122
2002,3,-1.970,0.187,-17.71
2002,4,-1.812,0.173,-8.412
2002,5,-1.627,0.131,0.753
2002,6,0.681,0.161,9.931
2002,7,0.552,0.200,13.422
2002,8,0.191,0.185,11.561
2002,9,1.340,0.197,6.75
2002,10,-0.528,0.195,-2.548
2002,11,1.217,0.180,-10.293
2002,12,5.128,0.209,-14.572
2003,1,3.341,0.200,-20.159
2003,2,-1.507,0.150,-22.427
2003,3,-0.641,0.217,-16.381
2003,4,0.230,0.189,-6.37
2003,5,1.132,0.243,3.512
2003,6,0.326,0.208,9.576
2003,7,1.003,0.186,13.873
2003,8,1.146,0.209,12.516
2003,9,1.543,0.186,6.953
2003,10,1.976,0.218,-0.044
2003,11,0.705,0.189,-10.805
2003,12,3.597,0.157,-16.103
2004,1,-1.055,0.249,-24.555
2004,2,2.430,0.196,-18.49
2004,3,0.277,0.203,-15.463
2004,4,0.064,0.192,-6.536
2004,5,-1.785,0.147,0.595
2004,6,-0.240,0.177,9.01
2004,7,0.338,0.229,13.208
2004,8,-0.600,0.154,10.77
2004,9,0.315,0.184,5.725
2004,10,0.086,0.258,-1.934
2004,11,1.047,0.196,-10.463
2004,12,-1.205,0.199,-20.905
2005,1,0.309,0.255,-23.191
2005,2,2.189,0.201,-18.731
2005,3,2.505,0.135,-13.235
2005,4,2.993,0.174,-3.607
2005,5,1.046,0.194,3.426
2005,6,0.934,0.161,10.184
2005,7,0.169,0.169,13.039
2005,8,0.439,0.150,11.809
2005,9,0.936,0.188,6.346
2005,10,1.736,0.237,-0.284
2005,11,2.120,0.235,-9.39
2005,12,3.749,0.246,-15.951
2006,1,5.349,0.236,-18.151
2006,2,3.060,0.218,-17.86
2006,3,3.590,0.192,-12.15
2006,4,3.112,0.192,-3.488
2006,5,2.416,0.292,4.796
2006,6,2.087,0.215,11.337
2006,7,1.126,0.237,13.996
2006,8,0.845,0.274,12.215
2006,9,1.857,0.202,7.267
2006,10,1.397,0.228,-0.623
2006,11,-0.613,0.261,-12.123
2006,12,5.205,0.189,-14.495
2007,1,4.441,0.187,-19.059
2007,2,0.190,0.218,-20.73
2007,3,-0.157,0.157,-15.897
2007,4,1.437,0.174,-5.163
2007,5,-0.040,0.233,2.34
2007,6,0.731,0.219,9.981
2007,7,1.689,0.218,14.559
2007,8,-0.013,0.195,11.357
2007,9,0.104,0.163,5.514
2007,10,1.404,0.245,-0.616
2007,11,-0.008,0.301,-11.518
2007,12,0.069,0.270,-19.631
2008,1,2.495,0.300,-21.005
2008,2,-0.736,0.133,-21.656
2008,3,-0.886,0.155,-16.626
2008,4,0.680,0.208,-5.92
2008,5,1.189,0.247,3.569
2008,6,0.948,0.238,10.198
2008,7,0.792,0.206,13.662
2008,8,0.962,0.154,12.332
2008,9,0.523,0.172,5.933
2008,10,1.363,0.171,-0.657
2008,11,2.217,0.162,-9.293
2008,12,-2.072,0.199,-21.772
2009,1,1.655,0.222,-21.845
2009,2,1.388,0.216,-19.532
2009,3,-1.073,0.163,-16.813
2009,4,0.938,0.263,-5.662
2009,5,-1.376,0.222,1.004
2009,6,0.246,0.254,9.496
2009,7,0.186,0.211,13.056
2009,8,0.467,0.186,11.837
2009,9,2.469,0.143,7.879
2009,10,-0.732,0.231,-2.752
2009,11,3.346,0.141,-8.164
2009,12,1.857,0.204,-17.843
2010,1,4.668,0.149,-18.832
2010,2,5.870,0.244,-15.05
2010,3,5.973,0.198,-9.767
2010,4,5.314,0.172,-1.286
2010,5,0.982,0.183,3.362
2010,6,0.789,0.238,10.039
2010,7,1.388,0.282,14.258
2010,8,1.466,0.170,12.836
2010,9,0.912,0.226,6.322
2010,10,2.303,0.213,0.283
2010,11,3.072,0.233,-8.438
2010,12,3.639,0.202,-16.061
2011,1,3.159,0.250,-20.341
2011,2,0.730,0.248,-20.19
2011,3,0.142,0.148,-15.598
2011,4,-1.023,0.174,-7.623
2011,5,0.626,0.193,3.006
2011,6,0.675,0.213,9.925
2011,7,1.249,0.283,14.119
2011,8,1.376,0.192,12.746
2011,9,2.325,0.209,7.735
2011,10,2.026,0.183,0.006
2011,11,1.309,0.212,-10.201
2011,12,3.907,0.243,-15.793
2012,1,3.082,0.178,-20.418
2012,2,4.491,0.150,-16.429
2012,3,2.346,0.223,-13.394
2012,4,1.387,0.195,-5.213
2012,5,1.579,0.231,3.959
2012,6,2.011,0.238,11.261
2012,7,1.883,0.168,14.753
2012,8,1.667,0.212,13.037
2012,9,2.590,0.207,8
2012,10,0.435,0.219,-1.585
2012,11,-0.272,0.213,-11.782
2012,12,0.835,0.261,-18.865
2013,1,1.981,0.268,-21.519
2013,2,2.264,0.249,-18.656
2013,3,2.063,0.243,-13.677
2013,4,-1.067,0.232,-7.667
2013,5,0.552,0.178,2.932
2013,6,1.545,0.265,10.795
2013,7,0.375,0.207,13.245
2013,8,1.263,0.166,12.633
2013,9,1.857,0.211,7.267
2013,10,1.980,0.264,-0.04
2013,11,-0.426,0.187,-11.936
2013,12,-2.850,0.181,-22.55
2014,1,2.962,0.225,-20.538
2014,2,-1.037,0.242,-21.957
2014,3,-1.722,0.324,-17.462
2014,4,-0.631,0.257,-7.231
2014,5,1.208,0.182,3.588
2014,6,1.285,0.229,10.535
2014,7,1.123,0.177,13.993
2014,8,1.157,0.183,12.527
2014,9,0.484,0.221,5.894
2014,10,1.655,0.172,-0.365
2014,11,-1.277,0.196,-12.787
2014,12,2.711,0.273,-16.989
2015,1,2.088,0.162,-21.412
2015,2,-1.941,0.173,-22.861
2015,3,1.517,0.268,-14.223
2015,4,0.999,0.350,-5.601
2015,5,1.459,0.243,3.839
2015,6,1.380,0.179,10.63
2015,7,0.704,0.287,13.574
2015,8,1.036,0.224,12.406
2015,9,1.635,0.158,7.045
2015,10,0.814,0.193,-1.206
2015,11,2.345,0.217,-9.165
2015,12,3.845,0.216,-15.855
2016,1,5.873,0.172,-17.627
2016,2,2.568,0.211,-18.352
2016,3,2.986,0.262,-12.754
2016,4,0.128,0.249,-6.472
2016,5,2.312,0.222,4.692
2016,6,1.486,0.222,10.736
2016,7,1.184,0.230,14.054
2016,8,1.602,0.152,12.972
2016,9,1.701,0.186,7.111
2016,10,0.267,0.260,-1.753
2016,11,4.727,0.260,-6.783
2016,12,0.848,0.255,-18.852
2017,1,5.698,0.255,-17.802
2017,2,2.921,0.242,-17.999
2017,3,0.574,0.257,-15.166
2017,4,0.654,0.266,-5.946
2017,5,1.767,0.204,4.147
2017,6,0.949,0.279,10.199
2017,7,0.765,0.224,13.635
2017,8,1.437,0.200,12.807
2017,9,2.085,0.256,7.495
2017,10,1.229,0.295,-0.791
2017,11,-0.592,0.233,-12.102
2017,12,1.966,0.343,-17.734
2018,1,2.912,0.146,-20.588
2018,2,-0.456,0.246,-21.376
2018,3,2.333,0.242,-13.407
2018,4,-1.364,0.287,-7.964
2018,5,0.516,0.328,2.896
2018,6,0.513,0.312,9.763
2018,7,1.162,0.157,14.032
2018,8,0.375,0.412,11.745
2018,9,-1.157,0.280,4.253
2018,10,-1.013,0.228,-3.033
2018,11,-0.640,0.192,-12.15
2018,12,3.532,0.176,-16.168
2019,1,1.686,0.194,-21.814
2019,2,-1.446,0.201,-22.366
2019,3,3.488,0.245,-12.252
2019,4,0.659,0.327,-5.941
2019,5,0.952,0.285,3.332
2019,6,0.708,0.311,9.958
2019,7,0.718,0.173,13.588
2019,8,0.521,0.201,11.891
2019,9,1.625,0.198,7.035
2019,10,1.453,0.203,-0.567
2019,11,1.119,0.148,-10.391
2019,12,2.072,0.261,-17.628
2020,1,2.884,0.208,-20.616
2020,2,1.322,0.177,-19.598
2020,3,0.513,0.218,-15.227
2020,4,-0.285,0.251,-6.885
2020,5,-0.075,0.257,2.305
2020,6,0.889,0.290,10.139
2020,7,1.678,0.278,14.548
2020,8,1.353,0.242,12.723
2020,9,1.101,0.267,6.511
2020,10,-0.126,0.208,-2.146
2020,11,0.686,0.255,-10.824
2020,12,4.415,0.397,-15.285
