Year,Month,TA,UC,T
1848,1,-4.799,2.722,-16.849
1848,2,-0.674,2.144,-10.514
1848,3,-1.745,1.956,-5.045
1848,4,-1.161,2.085,3.259
1848,5,-0.886,2.106,8.354
1848,6,-0.616,2.244,12.514
1848,7,0.466,2.030,15.936
1848,8,-0.127,1.998,14.593
1848,9,-1.532,1.920,8.908
1848,10,-1.344,1.941,2.336
1848,11,-1.595,2.060,-5.385
1848,12,-2.263,2.364,-11.283
1849,1,0.914,2.898,-11.136
1849,2,-0.732,2.193,-10.572
1849,3,0.774,2.284,-2.526
1849,4,-1.755,2.654,2.665
1849,5,-1.717,2.118,7.523
1849,6,-0.800,1.985,12.33
1849,7,0.183,1.967,15.653
1849,8,-0.043,2.101,14.677
1849,9,-1.937,1.984,8.503
1849,10,-0.381,2.077,3.299
1849,11,-1.757,2.061,-5.547
1849,12,-2.593,1.960,-11.613
1850,1,-4.045,2.441,-16.095
1850,2,-0.217,2.779,-10.057
1850,3,0.974,2.764,-2.326
1850,4,-1.253,1.995,3.167
1850,5,-1.412,1.814,7.828
1850,6,-1.039,1.913,12.091
1850,7,0.254,1.873,15.724
1850,8,-0.241,1.841,14.479
1850,9,-0.478,1.876,9.962
1850,10,-2.770,2.185,0.91
1850,11,-0.890,2.088,-4.68
1850,12,0.234,2.060,-8.786
1851,1,-1.121,2.034,-13.171
1851,2,0.007,1.958,-9.833
1851,3,-1.511,2.133,-4.811
1851,4,-3.370,2.712,1.05
1851,5,-0.370,2.357,8.87
1851,6,0.339,2.014,13.469
1851,7,-0.237,1.825,15.233
1851,8,0.002,1.745,14.722
1851,9,-0.792,2.133,9.648
1851,10,-0.696,2.170,2.984
1851,11,-2.001,2.048,-5.791
1851,12,0.523,2.212,-8.497
1852,1,-0.616,2.109,-12.666
1852,2,-1.985,2.388,-11.825
1852,3,-1.986,1.998,-5.286
1852,4,-0.709,2.332,3.711
1852,5,0.597,1.983,9.837
1852,6,-0.997,1.987,12.133
1852,7,0.221,1.909,15.691
1852,8,-0.506,1.971,14.214
1852,9,-0.507,1.860,9.933
1852,10,-0.188,1.977,3.492
1852,11,-2.321,2.316,-6.111
1852,12,0.243,2.387,-8.777
1853,1,-2.461,2.245,-14.511
1853,2,-2.544,3.256,-12.384
1853,3,-0.635,2.188,-3.935
1853,4,-2.823,2.867,1.597
1853,5,-0.154,2.109,9.086
1853,6,-0.454,2.102,12.676
1853,7,0.140,1.973,15.61
1853,8,0.770,1.964,15.49
1853,9,-0.233,1.977,10.207
1853,10,-1.328,1.970,2.352
1853,11,-2.682,1.986,-6.472
1853,12,-1.248,2.390,-10.268
1854,1,-1.360,2.453,-13.41
1854,2,0.195,2.542,-9.645
1854,3,-0.412,1.923,-3.712
1854,4,-1.278,2.338,3.142
1854,5,NaN,NaN,#VALUE!
1854,6,NaN,NaN,#VALUE!
1854,7,NaN,NaN,#VALUE!
1854,8,NaN,NaN,#VALUE!
1854,9,NaN,NaN,#VALUE!
1854,10,NaN,NaN,#VALUE!
1854,11,NaN,NaN,#VALUE!
1854,12,NaN,NaN,#VALUE!
1855,1,NaN,NaN,#VALUE!
1855,2,NaN,NaN,#VALUE!
1855,3,NaN,NaN,#VALUE!
1855,4,NaN,NaN,#VALUE!
1855,5,NaN,NaN,#VALUE!
1855,6,NaN,NaN,#VALUE!
1855,7,NaN,NaN,#VALUE!
1855,8,NaN,NaN,#VALUE!
1855,9,NaN,NaN,#VALUE!
1855,10,NaN,NaN,#VALUE!
1855,11,NaN,NaN,#VALUE!
1855,12,NaN,NaN,#VALUE!
1856,1,NaN,NaN,#VALUE!
1856,2,NaN,NaN,#VALUE!
1856,3,NaN,NaN,#VALUE!
1856,4,NaN,NaN,#VALUE!
1856,5,NaN,NaN,#VALUE!
1856,6,NaN,NaN,#VALUE!
1856,7,NaN,NaN,#VALUE!
1856,8,NaN,NaN,#VALUE!
1856,9,NaN,NaN,#VALUE!
1856,10,NaN,NaN,#VALUE!
1856,11,NaN,NaN,#VALUE!
1856,12,NaN,NaN,#VALUE!
1857,1,NaN,NaN,#VALUE!
1857,2,NaN,NaN,#VALUE!
1857,3,NaN,NaN,#VALUE!
1857,4,NaN,NaN,#VALUE!
1857,5,NaN,NaN,#VALUE!
1857,6,NaN,NaN,#VALUE!
1857,7,NaN,NaN,#VALUE!
1857,8,NaN,NaN,#VALUE!
1857,9,NaN,NaN,#VALUE!
1857,10,NaN,NaN,#VALUE!
1857,11,NaN,NaN,#VALUE!
1857,12,NaN,NaN,#VALUE!
1858,1,NaN,NaN,#VALUE!
1858,2,NaN,NaN,#VALUE!
1858,3,NaN,NaN,#VALUE!
1858,4,NaN,NaN,#VALUE!
1858,5,NaN,NaN,#VALUE!
1858,6,NaN,NaN,#VALUE!
1858,7,NaN,NaN,#VALUE!
1858,8,NaN,NaN,#VALUE!
1858,9,NaN,NaN,#VALUE!
1858,10,NaN,NaN,#VALUE!
1858,11,NaN,NaN,#VALUE!
1858,12,NaN,NaN,#VALUE!
1859,1,NaN,NaN,#VALUE!
1859,2,NaN,NaN,#VALUE!
1859,3,NaN,NaN,#VALUE!
1859,4,NaN,NaN,#VALUE!
1859,5,NaN,NaN,#VALUE!
1859,6,NaN,NaN,#VALUE!
1859,7,NaN,NaN,#VALUE!
1859,8,NaN,NaN,#VALUE!
1859,9,NaN,NaN,#VALUE!
1859,10,NaN,NaN,#VALUE!
1859,11,NaN,NaN,#VALUE!
1859,12,NaN,NaN,#VALUE!
1860,1,NaN,NaN,#VALUE!
1860,2,NaN,NaN,#VALUE!
1860,3,NaN,NaN,#VALUE!
1860,4,NaN,NaN,#VALUE!
1860,5,NaN,NaN,#VALUE!
1860,6,NaN,NaN,#VALUE!
1860,7,NaN,NaN,#VALUE!
1860,8,NaN,NaN,#VALUE!
1860,9,NaN,NaN,#VALUE!
1860,10,NaN,NaN,#VALUE!
1860,11,NaN,NaN,#VALUE!
1860,12,NaN,NaN,#VALUE!
1861,1,NaN,NaN,#VALUE!
1861,2,NaN,NaN,#VALUE!
1861,3,NaN,NaN,#VALUE!
1861,4,NaN,NaN,#VALUE!
1861,5,NaN,NaN,#VALUE!
1861,6,NaN,NaN,#VALUE!
1861,7,NaN,NaN,#VALUE!
1861,8,NaN,NaN,#VALUE!
1861,9,NaN,NaN,#VALUE!
1861,10,NaN,NaN,#VALUE!
1861,11,NaN,NaN,#VALUE!
1861,12,NaN,NaN,#VALUE!
1862,1,NaN,NaN,#VALUE!
1862,2,NaN,NaN,#VALUE!
1862,3,NaN,NaN,#VALUE!
1862,4,NaN,NaN,#VALUE!
1862,5,NaN,NaN,#VALUE!
1862,6,NaN,NaN,#VALUE!
1862,7,NaN,NaN,#VALUE!
1862,8,NaN,NaN,#VALUE!
1862,9,NaN,NaN,#VALUE!
1862,10,NaN,NaN,#VALUE!
1862,11,NaN,NaN,#VALUE!
1862,12,NaN,NaN,#VALUE!
1863,1,NaN,NaN,#VALUE!
1863,2,NaN,NaN,#VALUE!
1863,3,NaN,NaN,#VALUE!
1863,4,NaN,NaN,#VALUE!
1863,5,NaN,NaN,#VALUE!
1863,6,NaN,NaN,#VALUE!
1863,7,NaN,NaN,#VALUE!
1863,8,NaN,NaN,#VALUE!
1863,9,NaN,NaN,#VALUE!
1863,10,NaN,NaN,#VALUE!
1863,11,NaN,NaN,#VALUE!
1863,12,NaN,NaN,#VALUE!
1864,1,NaN,NaN,#VALUE!
1864,2,NaN,NaN,#VALUE!
1864,3,NaN,NaN,#VALUE!
1864,4,NaN,NaN,#VALUE!
1864,5,NaN,NaN,#VALUE!
1864,6,NaN,NaN,#VALUE!
1864,7,NaN,NaN,#VALUE!
1864,8,NaN,NaN,#VALUE!
1864,9,NaN,NaN,#VALUE!
1864,10,NaN,NaN,#VALUE!
1864,11,NaN,NaN,#VALUE!
1864,12,NaN,NaN,#VALUE!
1865,1,NaN,NaN,#VALUE!
1865,2,NaN,NaN,#VALUE!
1865,3,NaN,NaN,#VALUE!
1865,4,NaN,NaN,#VALUE!
1865,5,NaN,NaN,#VALUE!
1865,6,NaN,NaN,#VALUE!
1865,7,NaN,NaN,#VALUE!
1865,8,NaN,NaN,#VALUE!
1865,9,NaN,NaN,#VALUE!
1865,10,NaN,NaN,#VALUE!
1865,11,NaN,NaN,#VALUE!
1865,12,NaN,NaN,#VALUE!
1866,1,NaN,NaN,#VALUE!
1866,2,NaN,NaN,#VALUE!
1866,3,NaN,NaN,#VALUE!
1866,4,NaN,NaN,#VALUE!
1866,5,NaN,NaN,#VALUE!
1866,6,NaN,NaN,#VALUE!
1866,7,NaN,NaN,#VALUE!
1866,8,NaN,NaN,#VALUE!
1866,9,NaN,NaN,#VALUE!
1866,10,NaN,NaN,#VALUE!
1866,11,NaN,NaN,#VALUE!
1866,12,NaN,NaN,#VALUE!
1867,1,NaN,NaN,#VALUE!
1867,2,NaN,NaN,#VALUE!
1867,3,NaN,NaN,#VALUE!
1867,4,NaN,NaN,#VALUE!
1867,5,NaN,NaN,#VALUE!
1867,6,NaN,NaN,#VALUE!
1867,7,NaN,NaN,#VALUE!
1867,8,NaN,NaN,#VALUE!
1867,9,NaN,NaN,#VALUE!
1867,10,NaN,NaN,#VALUE!
1867,11,NaN,NaN,#VALUE!
1867,12,NaN,NaN,#VALUE!
1868,1,NaN,NaN,#VALUE!
1868,2,NaN,NaN,#VALUE!
1868,3,NaN,NaN,#VALUE!
1868,4,NaN,NaN,#VALUE!
1868,5,NaN,NaN,#VALUE!
1868,6,NaN,NaN,#VALUE!
1868,7,NaN,NaN,#VALUE!
1868,8,NaN,NaN,#VALUE!
1868,9,NaN,NaN,#VALUE!
1868,10,NaN,NaN,#VALUE!
1868,11,NaN,NaN,#VALUE!
1868,12,NaN,NaN,#VALUE!
1869,1,NaN,NaN,#VALUE!
1869,2,NaN,NaN,#VALUE!
1869,3,NaN,NaN,#VALUE!
1869,4,NaN,NaN,#VALUE!
1869,5,NaN,NaN,#VALUE!
1869,6,NaN,NaN,#VALUE!
1869,7,NaN,NaN,#VALUE!
1869,8,NaN,NaN,#VALUE!
1869,9,NaN,NaN,#VALUE!
1869,10,NaN,NaN,#VALUE!
1869,11,NaN,NaN,#VALUE!
1869,12,NaN,NaN,#VALUE!
1870,1,-2.687,2.398,-14.737
1870,2,-1.412,2.042,-11.252
1870,3,1.264,2.761,-2.036
1870,4,-0.113,2.313,4.307
1870,5,0.381,1.946,9.621
1870,6,1.569,2.328,14.699
1870,7,0.234,2.032,15.704
1870,8,0.389,1.972,15.109
1870,9,1.065,2.220,11.505
1870,10,-1.215,1.985,2.465
1870,11,-1.447,2.034,-5.237
1870,12,-3.191,2.497,-12.211
1871,1,-2.320,1.920,-14.37
1871,2,-2.060,2.007,-11.9
1871,3,-1.555,2.613,-4.855
1871,4,0.948,1.971,5.368
1871,5,0.413,1.952,9.653
1871,6,-0.302,2.193,12.828
1871,7,-0.206,1.984,15.264
1871,8,0.991,2.084,15.711
1871,9,-0.306,2.050,10.134
1871,10,-0.361,1.931,3.319
1871,11,-1.207,2.261,-4.997
1871,12,-1.154,2.125,-10.174
1872,1,-2.629,2.408,-14.679
1872,2,-2.409,2.051,-12.249
1872,3,0.059,2.289,-3.241
1872,4,-1.150,2.335,3.27
1872,5,0.347,2.011,9.587
1872,6,-1.058,2.028,12.072
1872,7,0.962,2.119,16.432
1872,8,-0.373,2.376,14.347
1872,9,-0.370,1.981,10.07
1872,10,-0.412,1.942,3.268
1872,11,-0.356,1.981,-4.146
1872,12,0.322,4.206,-8.698
1873,1,-1.205,2.146,-13.255
1873,2,-0.455,2.032,-10.295
1873,3,-0.825,1.957,-4.125
1873,4,-2.385,2.290,2.035
1873,5,0.181,1.966,9.421
1873,6,-0.506,2.123,12.624
1873,7,0.959,2.313,16.429
1873,8,0.312,1.972,15.032
1873,9,-0.572,2.137,9.868
1873,10,-0.189,1.975,3.491
1873,11,2.492,3.505,-1.298
1873,12,1.553,3.136,-7.467
1874,1,0.650,2.443,-11.4
1874,2,0.316,2.281,-9.524
1874,3,-1.341,1.970,-4.641
1874,4,0.721,2.746,5.141
1874,5,2.002,2.019,11.242
1874,6,0.276,1.991,13.406
1874,7,-0.219,2.089,15.251
1874,8,0.759,2.049,15.479
1874,9,1.256,2.576,11.696
1874,10,-1.846,2.037,1.834
1874,11,-0.009,1.958,-3.799
1874,12,-1.343,2.157,-10.363
1875,1,-0.017,1.007,-12.067
1875,2,-1.256,2.305,-11.096
1875,3,1.222,1.618,-2.078
1875,4,1.210,1.984,5.63
1875,5,-0.785,1.049,8.455
1875,6,-0.258,1.521,12.872
1875,7,0.571,0.941,16.041
1875,8,-1.444,2.184,13.276
1875,9,-1.363,2.329,9.077
1875,10,-1.597,1.172,2.083
1875,11,-0.041,2.044,-3.831
1875,12,1.024,1.818,-7.996
1876,1,0.831,4.459,-11.219
1876,2,-1.346,1.616,-11.186
1876,3,-0.401,3.291,-3.701
1876,4,-2.064,1.422,2.356
1876,5,-0.189,1.128,9.051
1876,6,-0.404,1.059,12.726
1876,7,0.205,1.083,15.675
1876,8,-0.026,1.282,14.694
1876,9,-0.030,1.080,10.41
1876,10,-1.297,1.466,2.383
1876,11,-2.645,1.541,-6.435
1876,12,-1.204,1.213,-10.224
1877,1,-2.120,1.475,-14.17
1877,2,-1.598,3.449,-11.438
1877,3,1.376,1.322,-1.924
1877,4,-1.225,2.066,3.195
1877,5,0.502,3.406,9.742
1877,6,-0.078,1.549,13.052
1877,7,0.579,1.103,16.049
1877,8,0.748,1.658,15.468
1877,9,2.047,2.306,12.487
1877,10,-0.759,1.348,2.921
1877,11,-1.371,2.400,-5.161
1877,12,-8.077,4.453,-17.097
1878,1,-3.699,1.923,-15.749
1878,2,-0.273,1.753,-10.113
1878,3,1.283,1.040,-2.017
1878,4,-1.168,1.476,3.252
1878,5,-0.839,1.184,8.401
1878,6,-0.063,1.051,13.067
1878,7,1.638,2.144,17.108
1878,8,1.322,2.283,16.042
1878,9,0.346,1.220,10.786
1878,10,-0.721,1.286,2.959
1878,11,0.503,1.474,-3.287
1878,12,-1.083,2.349,-10.103
1879,1,-1.140,1.413,-13.19
1879,2,0.227,1.418,-9.613
1879,3,2.107,1.933,-1.193
1879,4,1.371,1.160,5.791
1879,5,2.689,2.133,11.929
1879,6,2.489,3.530,15.619
1879,7,1.788,1.689,17.258
1879,8,0.572,0.616,15.292
1879,9,-1.070,1.033,9.37
1879,10,-0.615,0.976,3.065
1879,11,-1.332,1.018,-5.122
1879,12,0.385,1.327,-8.635
1880,1,-1.891,0.903,-13.941
1880,2,-4.329,1.991,-14.169
1880,3,1.004,1.158,-2.296
1880,4,-2.411,0.871,2.009
1880,5,0.259,0.774,9.499
1880,6,1.277,1.293,14.407
1880,7,0.049,0.856,15.519
1880,8,-0.038,1.051,14.682
1880,9,-0.642,1.126,9.798
1880,10,1.741,1.437,5.421
1880,11,0.583,1.265,-3.207
1880,12,-0.691,1.640,-9.711
1881,1,2.478,2.357,-9.572
1881,2,0.494,1.213,-9.346
1881,3,0.481,0.908,-2.819
1881,4,2.378,1.501,6.798
1881,5,0.618,1.216,9.858
1881,6,-0.676,1.177,12.454
1881,7,0.467,1.157,15.937
1881,8,0.464,0.940,15.184
1881,9,0.056,1.110,10.496
1881,10,-1.261,1.099,2.419
1881,11,-1.673,0.935,-5.463
1881,12,-5.828,1.429,-14.848
1882,1,-1.655,1.552,-13.705
1882,2,-3.158,1.474,-12.998
1882,3,-2.042,1.543,-5.342
1882,4,-1.028,0.875,3.392
1882,5,0.237,1.154,9.477
1882,6,0.862,0.542,13.992
1882,7,-0.403,0.597,15.067
1882,8,0.532,0.925,15.252
1882,9,-0.170,0.792,10.27
1882,10,-3.278,0.526,0.402
1882,11,-0.355,0.842,-4.145
1882,12,-0.300,1.290,-9.32
1883,1,-2.177,0.771,-14.227
1883,2,-6.084,1.621,-15.924
1883,3,1.275,0.529,-2.025
1883,4,-0.037,1.277,4.383
1883,5,1.028,0.860,10.268
1883,6,1.614,0.562,14.744
1883,7,0.398,0.532,15.868
1883,8,1.032,0.710,15.752
1883,9,-0.725,0.704,9.715
1883,10,-1.436,0.589,2.244
1883,11,-2.495,0.760,-6.285
1883,12,-0.820,1.213,-9.84
1884,1,1.015,1.106,-11.035
1884,2,-0.779,0.603,-10.619
1884,3,-2.079,0.900,-5.379
1884,4,0.885,1.239,5.305
1884,5,0.179,1.083,9.419
1884,6,1.154,1.063,14.284
1884,7,-0.100,0.718,15.37
1884,8,-0.594,0.598,14.126
1884,9,-0.462,0.477,9.978
1884,10,-2.311,0.735,1.369
1884,11,-3.670,0.764,-7.46
1884,12,-0.524,1.042,-9.544
1885,1,-2.659,1.273,-14.709
1885,2,-3.482,1.236,-13.322
1885,3,0.771,0.667,-2.529
1885,4,0.122,1.331,4.542
1885,5,0.220,0.925,9.46
1885,6,1.049,0.963,14.179
1885,7,-2.191,0.659,13.279
1885,8,1.322,1.210,16.042
1885,9,0.482,0.707,10.922
1885,10,-0.016,0.590,3.664
1885,11,0.379,0.845,-3.411
1885,12,-1.094,0.736,-10.114
1886,1,-0.392,0.985,-12.442
1886,2,-6.269,0.593,-16.109
1886,3,-0.449,1.004,-3.749
1886,4,-2.388,0.448,2.032
1886,5,-1.726,0.664,7.514
1886,6,-0.207,0.404,12.923
1886,7,0.355,0.834,15.825
1886,8,0.365,0.438,15.085
1886,9,-1.183,0.569,9.257
1886,10,-1.549,0.618,2.131
1886,11,-2.690,1.311,-6.48
1886,12,-2.202,1.864,-11.222
1887,1,-3.480,1.079,-15.53
1887,2,-2.317,1.018,-12.157
1887,3,-0.901,1.247,-4.201
1887,4,1.848,1.154,6.268
1887,5,-1.867,0.761,7.373
1887,6,-0.746,0.665,12.384
1887,7,-0.042,0.483,15.428
1887,8,-0.367,0.552,14.353
1887,9,-0.716,0.449,9.724
1887,10,2.033,0.601,5.713
1887,11,1.299,1.047,-2.491
1887,12,0.359,0.664,-8.661
1888,1,1.882,1.264,-10.168
1888,2,1.203,0.643,-8.637
1888,3,2.690,1.343,-0.61
1888,4,-0.472,1.075,3.948
1888,5,0.654,0.575,9.894
1888,6,-0.254,0.917,12.876
1888,7,1.790,0.610,17.26
1888,8,0.623,0.606,15.343
1888,9,-1.011,0.676,9.429
1888,10,1.508,0.683,5.188
1888,11,0.498,0.841,-3.292
1888,12,-0.347,1.297,-9.367
1889,1,-3.067,1.294,-15.117
1889,2,1.306,0.984,-8.534
1889,3,1.999,0.888,-1.301
1889,4,0.908,0.796,5.328
1889,5,-2.382,0.670,6.858
1889,6,2.154,0.807,15.284
1889,7,0.620,0.636,16.09
1889,8,0.406,0.465,15.126
1889,9,0.534,0.860,10.974
1889,10,-2.187,0.744,1.493
1889,11,-2.607,0.684,-6.397
1889,12,-3.636,0.890,-12.656
1890,1,-1.873,1.370,-13.923
1890,2,-3.346,0.912,-13.186
1890,3,-3.888,2.394,-7.188
1890,4,-0.301,0.809,4.119
1890,5,-0.662,0.668,8.578
1890,6,0.187,0.668,13.317
1890,7,0.588,0.598,16.058
1890,8,-0.661,0.466,14.059
1890,9,-0.194,0.365,10.246
1890,10,0.024,0.484,3.704
1890,11,0.944,0.568,-2.846
1890,12,-1.610,0.998,-10.63
1891,1,-2.574,1.123,-14.624
1891,2,-5.949,1.113,-15.789
1891,3,-2.409,1.643,-5.709
1891,4,-1.666,0.505,2.754
1891,5,0.370,1.006,9.61
1891,6,-0.430,0.515,12.7
1891,7,-0.282,0.525,15.188
1891,8,0.840,0.588,15.56
1891,9,0.728,0.423,11.168
1891,10,-2.052,0.589,1.628
1891,11,0.384,0.918,-3.406
1891,12,0.060,1.857,-8.96
1892,1,0.922,2.039,-11.128
1892,2,0.553,1.129,-9.287
1892,3,-3.090,1.278,-6.39
1892,4,-0.385,0.759,4.035
1892,5,0.775,0.710,10.015
1892,6,-0.152,0.713,12.978
1892,7,0.143,0.487,15.613
1892,8,0.013,0.567,14.733
1892,9,-1.016,0.907,9.424
1892,10,-0.637,0.555,3.043
1892,11,-2.065,0.659,-5.855
1892,12,-0.841,1.439,-9.861
1893,1,-3.736,0.839,-15.786
1893,2,-4.083,1.005,-13.923
1893,3,0.066,1.772,-3.234
1893,4,1.043,0.672,5.463
1893,5,0.578,0.969,9.818
1893,6,2.265,1.064,15.395
1893,7,0.896,0.707,16.366
1893,8,0.485,0.811,15.205
1893,9,1.973,1.014,12.413
1893,10,-1.665,0.963,2.015
1893,11,0.209,0.600,-3.581
1893,12,1.136,1.346,-7.884
1894,1,-3.494,1.061,-15.544
1894,2,0.947,1.819,-8.893
1894,3,0.633,1.506,-2.667
1894,4,-1.835,0.640,2.585
1894,5,-0.643,0.990,8.597
1894,6,1.944,0.716,15.074
1894,7,1.250,0.818,16.72
1894,8,-0.122,0.414,14.598
1894,9,0.528,0.491,10.968
1894,10,-1.590,0.452,2.09
1894,11,-1.339,0.931,-5.129
1894,12,-4.171,0.762,-13.191
1895,1,-4.340,1.300,-16.39
1895,2,1.254,0.868,-8.586
1895,3,3.033,0.587,-0.267
1895,4,1.403,0.639,5.823
1895,5,0.434,0.577,9.674
1895,6,0.528,0.730,13.658
1895,7,0.173,1.099,15.643
1895,8,-0.973,0.461,13.747
1895,9,0.136,0.377,10.576
1895,10,-2.229,0.967,1.451
1895,11,-1.148,0.786,-4.938
1895,12,-2.223,1.262,-11.243
1896,1,3.996,0.837,-8.054
1896,2,0.755,0.715,-9.085
1896,3,0.903,0.454,-2.397
1896,4,-2.330,0.395,2.09
1896,5,1.239,0.421,10.479
1896,6,0.461,0.655,13.591
1896,7,0.330,0.913,15.8
1896,8,-0.651,0.886,14.069
1896,9,-1.105,0.936,9.335
1896,10,-1.373,0.379,2.307
1896,11,-0.771,0.937,-4.561
1896,12,-2.741,1.093,-11.761
1897,1,-2.521,0.783,-14.571
1897,2,-0.551,0.984,-10.391
1897,3,-2.123,1.246,-5.423
1897,4,-1.626,0.545,2.794
1897,5,-1.264,0.802,7.976
1897,6,-0.881,0.467,12.249
1897,7,0.508,0.606,15.978
1897,8,-0.203,0.432,14.517
1897,9,0.529,0.785,10.969
1897,10,-1.013,0.503,2.667
1897,11,0.907,0.524,-2.883
1897,12,-0.816,0.582,-9.836
1898,1,-1.240,0.783,-13.29
1898,2,-2.859,0.961,-12.699
1898,3,-3.834,1.556,-7.134
1898,4,-1.839,0.844,2.581
1898,5,-0.855,0.607,8.385
1898,6,-0.344,0.480,12.786
1898,7,-0.500,0.634,14.97
1898,8,-1.127,0.377,13.593
1898,9,-1.459,0.543,8.981
1898,10,-0.120,0.649,3.56
1898,11,-2.651,0.715,-6.441
1898,12,-0.690,0.736,-9.71
1899,1,0.503,1.234,-11.547
1899,2,2.830,1.697,-7.01
1899,3,2.682,1.055,-0.618
1899,4,-0.156,0.916,4.264
1899,5,1.046,0.597,10.286
1899,6,1.432,0.539,14.562
1899,7,-0.261,0.758,15.209
1899,8,0.756,0.455,15.476
1899,9,-0.379,0.493,10.061
1899,10,0.392,0.642,4.072
1899,11,-1.104,0.721,-4.894
1899,12,-2.494,1.152,-11.514
1900,1,-6.124,0.983,-18.174
1900,2,-4.811,1.389,-14.651
1900,3,0.261,0.545,-3.039
1900,4,-1.787,0.469,2.633
1900,5,2.338,0.808,11.578
1900,6,0.215,0.585,13.345
1900,7,1.019,0.627,16.489
1900,8,-0.305,0.405,14.415
1900,9,0.055,0.813,10.495
1900,10,-0.257,0.525,3.423
1900,11,1.268,0.607,-2.522
1900,12,0.473,0.701,-8.547
1901,1,-1.347,0.701,-13.397
1901,2,-1.264,1.135,-11.104
1901,3,2.502,1.023,-0.798
1901,4,-0.469,0.675,3.951
1901,5,-1.169,0.750,8.071
1901,6,-2.472,0.454,10.658
1901,7,-0.554,0.635,14.916
1901,8,-0.680,0.421,14.04
1901,9,0.039,0.735,10.479
1901,10,-3.659,0.505,0.021
1901,11,1.271,0.631,-2.519
1901,12,0.500,0.524,-8.52
1902,1,2.337,0.819,-9.713
1902,2,0.553,1.493,-9.287
1902,3,-0.294,0.916,-3.594
1902,4,-2.204,0.606,2.216
1902,5,0.270,0.382,9.51
1902,6,0.602,0.551,13.732
1902,7,-1.097,0.522,14.373
1902,8,-0.227,0.424,14.493
1902,9,-0.373,0.375,10.067
1902,10,-0.220,0.855,3.46
1902,11,-0.574,0.714,-4.364
1902,12,0.293,1.218,-8.727
1903,1,-1.161,0.805,-13.211
1903,2,-0.003,0.634,-9.843
1903,3,-5.277,0.635,-8.577
1903,4,-3.570,0.881,0.85
1903,5,-1.607,0.366,7.633
1903,6,-1.260,0.746,11.87
1903,7,-1.219,0.659,14.251
1903,8,-0.535,0.498,14.185
1903,9,-0.098,0.612,10.342
1903,10,0.077,0.643,3.757
1903,11,-1.555,0.593,-5.345
1903,12,-2.096,0.926,-11.116
1904,1,-2.619,1.202,-14.669
1904,2,2.298,0.766,-7.542
1904,3,0.862,0.763,-2.438
1904,4,-2.658,0.776,1.762
1904,5,0.743,1.111,9.983
1904,6,0.076,0.534,13.206
1904,7,-0.711,0.715,14.759
1904,8,-0.134,0.541,14.586
1904,9,-0.997,0.651,9.443
1904,10,-3.214,0.374,0.466
1904,11,0.777,1.022,-3.013
1904,12,1.030,1.658,-7.99
1905,1,-0.990,0.941,-13.04
1905,2,-5.763,1.758,-15.603
1905,3,-5.068,0.966,-8.368
1905,4,-3.008,0.660,1.412
1905,5,-0.700,0.581,8.54
1905,6,-0.024,0.474,13.106
1905,7,-0.234,0.605,15.236
1905,8,-0.708,0.474,14.012
1905,9,0.193,0.464,10.633
1905,10,1.383,0.409,5.063
1905,11,1.439,0.578,-2.351
1905,12,-1.210,1.245,-10.23
1906,1,-2.071,0.565,-14.121
1906,2,-0.795,0.737,-10.635
1906,3,0.189,0.494,-3.111
1906,4,-2.334,0.403,2.086
1906,5,-0.556,0.442,8.684
1906,6,1.152,0.796,14.282
1906,7,-1.160,0.684,14.31
1906,8,0.076,0.825,14.796
1906,9,0.013,0.486,10.453
1906,10,0.208,0.615,3.888
1906,11,-0.131,0.795,-3.921
1906,12,1.135,0.969,-7.885
1907,1,0.825,0.692,-11.225
1907,2,-1.138,1.284,-10.978
1907,3,-1.743,0.471,-5.043
1907,4,0.227,0.618,4.647
1907,5,-1.152,0.324,8.088
1907,6,-1.914,0.531,11.216
1907,7,-1.045,0.453,14.425
1907,8,-0.451,0.450,14.269
1907,9,-1.255,0.540,9.185
1907,10,-2.549,0.524,1.131
1907,11,-0.845,0.845,-4.635
1907,12,-0.637,1.182,-9.657
1908,1,1.286,0.601,-10.764
1908,2,-2.152,0.956,-11.992
1908,3,-2.905,1.056,-6.205
1908,4,-0.699,0.644,3.721
1908,5,0.120,0.508,9.36
1908,6,-0.500,0.597,12.63
1908,7,1.072,0.418,16.542
1908,8,-0.027,0.395,14.693
1908,9,-0.023,0.609,10.417
1908,10,-2.766,0.738,0.914
1908,11,0.196,0.324,-3.594
1908,12,-0.423,0.684,-9.443
1909,1,-3.029,1.050,-15.079
1909,2,0.133,1.670,-9.707
1909,3,-0.476,1.100,-3.776
1909,4,2.288,0.620,6.708
1909,5,0.532,0.529,9.772
1909,6,-0.529,0.504,12.601
1909,7,-0.613,0.538,14.857
1909,8,0.744,0.378,15.464
1909,9,-0.873,0.455,9.567
1909,10,-1.382,0.343,2.298
1909,11,3.044,1.117,-0.746
1909,12,1.209,1.207,-7.811
1910,1,2.989,1.734,-9.061
1910,2,0.656,0.605,-9.184
1910,3,-2.402,0.911,-5.702
1910,4,-1.752,0.586,2.668
1910,5,0.905,0.656,10.145
1910,6,-0.291,0.708,12.839
1910,7,0.763,0.626,16.233
1910,8,0.525,0.516,15.245
1910,9,-0.512,0.531,9.928
1910,10,-0.816,0.820,2.864
1910,11,-1.521,1.347,-5.311
1910,12,-4.148,1.107,-13.168
1911,1,0.478,0.699,-11.572
1911,2,1.051,1.051,-8.789
1911,3,0.363,1.151,-2.937
1911,4,0.709,1.505,5.129
1911,5,0.584,0.924,9.824
1911,6,1.407,0.485,14.537
1911,7,-0.955,1.020,14.515
1911,8,-0.778,0.469,13.942
1911,9,-0.112,0.992,10.328
1911,10,-2.171,0.788,1.509
1911,11,-1.174,1.169,-4.964
1911,12,-2.765,1.738,-11.785
1912,1,-0.088,0.679,-12.138
1912,2,1.961,1.501,-7.879
1912,3,-0.452,1.610,-3.752
1912,4,2.144,2.343,6.564
1912,5,0.559,0.868,9.799
1912,6,0.922,0.807,14.052
1912,7,0.007,0.501,15.477
1912,8,-0.750,0.885,13.97
1912,9,-1.949,0.967,8.491
1912,10,0.738,0.784,4.418
1912,11,-0.269,0.593,-4.059
1912,12,-0.351,0.725,-9.371
1913,1,1.763,0.715,-10.287
1913,2,0.024,1.243,-9.816
1913,3,-2.405,1.920,-5.705
1913,4,-3.420,0.904,1
1913,5,0.546,0.886,9.786
1913,6,-0.120,0.727,13.01
1913,7,0.935,0.844,16.405
1913,8,-0.742,0.640,13.978
1913,9,-0.240,0.690,10.2
1913,10,0.162,0.559,3.842
1913,11,-0.863,0.730,-4.653
1913,12,0.720,1.028,-8.3
1914,1,3.978,0.985,-8.072
1914,2,1.964,0.625,-7.876
1914,3,1.206,0.525,-2.094
1914,4,0.721,0.750,5.141
1914,5,-0.251,0.789,8.989
1914,6,2.165,0.831,15.295
1914,7,0.582,0.595,16.052
1914,8,0.343,0.384,15.063
1914,9,0.903,1.064,11.343
1914,10,-0.850,0.907,2.83
1914,11,0.867,1.073,-2.923
1914,12,-1.519,0.650,-10.539
1915,1,1.998,1.223,-10.052
1915,2,-1.073,0.835,-10.913
1915,3,2.906,1.665,-0.394
1915,4,0.667,0.605,5.087
1915,5,1.930,0.577,11.17
1915,6,1.753,0.856,14.883
1915,7,-0.264,0.633,15.206
1915,8,0.913,0.449,15.633
1915,9,1.692,0.955,12.132
1915,10,-0.346,0.907,3.334
1915,11,1.996,0.973,-1.794
1915,12,1.742,0.642,-7.278
1916,1,1.666,0.910,-10.384
1916,2,-2.583,1.197,-12.423
1916,3,0.831,0.793,-2.469
1916,4,1.629,0.656,6.049
1916,5,0.586,0.433,9.826
1916,6,-0.982,0.543,12.148
1916,7,0.168,0.534,15.638
1916,8,1.526,0.889,16.246
1916,9,0.453,1.082,10.893
1916,10,-0.652,0.699,3.028
1916,11,-4.810,1.162,-8.6
1916,12,-1.187,1.750,-10.207
1917,1,2.195,1.307,-9.855
1917,2,3.032,0.708,-6.808
1917,3,-0.446,0.763,-3.746
1917,4,-1.398,1.081,3.022
1917,5,3.759,0.877,12.999
1917,6,-0.471,0.687,12.659
1917,7,0.321,0.738,15.791
1917,8,1.148,0.627,15.868
1917,9,0.020,0.764,10.46
1917,10,-0.989,0.634,2.691
1917,11,-0.655,0.839,-4.445
1917,12,-2.074,1.653,-11.094
1918,1,-0.075,1.354,-12.125
1918,2,-0.508,1.064,-10.348
1918,3,-0.934,0.709,-4.234
1918,4,-1.738,0.675,2.682
1918,5,1.557,1.077,10.797
1918,6,1.111,1.410,14.241
1918,7,0.076,0.639,15.546
1918,8,1.586,0.883,16.306
1918,9,0.581,0.455,11.021
1918,10,0.230,0.368,3.91
1918,11,-2.951,0.810,-6.741
1918,12,-4.672,1.739,-13.692
1919,1,-5.812,1.995,-17.862
1919,2,-0.379,1.568,-10.219
1919,3,-1.812,1.067,-5.112
1919,4,1.070,0.952,5.49
1919,5,1.343,1.212,10.583
1919,6,0.036,1.073,13.166
1919,7,0.139,0.568,15.609
1919,8,0.854,0.645,15.574
1919,9,-1.498,0.837,8.942
1919,10,0.288,0.572,3.968
1919,11,1.028,0.716,-2.762
1919,12,-0.294,0.692,-9.314
1920,1,1.877,0.841,-10.173
1920,2,-4.165,1.585,-14.005
1920,3,-2.372,0.435,-5.672
1920,4,-2.906,0.669,1.514
1920,5,-1.921,0.705,7.319
1920,6,-0.270,0.657,12.86
1920,7,-0.756,0.786,14.714
1920,8,-0.685,0.443,14.035
1920,9,-1.090,0.492,9.35
1920,10,-0.343,0.452,3.337
1920,11,-2.059,0.582,-5.849
1920,12,-5.620,2.256,-14.64
1921,1,-1.449,1.549,-13.499
1921,2,-0.433,0.882,-10.273
1921,3,-3.036,1.293,-6.336
1921,4,-0.011,0.367,4.409
1921,5,-2.308,0.712,6.932
1921,6,-1.809,0.414,11.321
1921,7,-0.171,0.592,15.299
1921,8,-1.029,0.474,13.691
1921,9,-0.761,0.342,9.679
1921,10,-0.389,0.414,3.291
1921,11,-0.224,0.649,-4.014
1921,12,0.505,0.808,-8.515
1922,1,0.815,0.705,-11.235
1922,2,0.455,0.791,-9.385
1922,3,-0.194,1.547,-3.494
1922,4,0.557,0.427,4.977
1922,5,-0.099,0.471,9.141
1922,6,-0.169,0.681,12.961
1922,7,-0.178,0.622,15.292
1922,8,-0.156,0.445,14.564
1922,9,0.164,0.556,10.604
1922,10,0.122,0.568,3.802
1922,11,1.706,0.663,-2.084
1922,12,0.870,0.719,-8.15
1923,1,-0.901,1.075,-12.951
1923,2,-0.751,0.544,-10.591
1923,3,-0.183,0.682,-3.483
1923,4,-0.390,0.358,4.03
1923,5,-0.048,0.504,9.192
1923,6,0.395,0.532,13.525
1923,7,-1.325,0.451,14.145
1923,8,2.053,0.785,16.773
1923,9,-2.615,0.455,7.825
1923,10,-0.822,0.421,2.858
1923,11,0.820,0.491,-2.97
1923,12,-1.903,1.028,-10.923
1924,1,0.525,0.604,-11.525
1924,2,0.787,0.867,-9.053
1924,3,-0.912,0.640,-4.212
1924,4,0.534,0.294,4.954
1924,5,-2.873,0.358,6.367
1924,6,-1.240,0.406,11.89
1924,7,0.609,0.699,16.079
1924,8,0.421,0.572,15.141
1924,9,-0.364,0.335,10.076
1924,10,-0.368,0.468,3.312
1924,11,-0.216,0.506,-4.006
1924,12,-0.374,0.595,-9.394
1925,1,-1.258,0.596,-13.308
1925,2,-3.613,1.294,-13.453
1925,3,1.048,1.043,-2.252
1925,4,-0.852,0.802,3.568
1925,5,0.504,0.607,9.744
1925,6,0.601,0.519,13.731
1925,7,0.529,0.714,15.999
1925,8,0.006,0.692,14.726
1925,9,0.313,0.567,10.753
1925,10,1.149,0.392,4.829
1925,11,-0.340,0.789,-4.13
1925,12,2.510,2.478,-6.51
1926,1,2.390,0.580,-9.66
1926,2,1.623,0.775,-8.217
1926,3,1.899,0.452,-1.401
1926,4,-1.815,0.583,2.605
1926,5,0.563,0.358,9.803
1926,6,-0.172,0.559,12.958
1926,7,-0.806,0.485,14.664
1926,8,1.042,0.507,15.762
1926,9,-0.073,0.361,10.367
1926,10,-0.661,0.583,3.019
1926,11,-3.329,0.704,-7.119
1926,12,0.312,0.948,-8.708
1927,1,-2.261,1.124,-14.311
1927,2,-1.402,0.707,-11.242
1927,3,-2.529,0.677,-5.829
1927,4,1.044,0.333,5.464
1927,5,0.389,0.459,9.629
1927,6,0.712,0.568,13.842
1927,7,1.160,0.458,16.63
1927,8,0.379,0.415,15.099
1927,9,-0.537,0.478,9.903
1927,10,2.252,0.398,5.932
1927,11,0.192,0.353,-3.598
1927,12,0.348,0.661,-8.672
1928,1,-2.440,0.594,-14.49
1928,2,-0.115,0.647,-9.955
1928,3,-3.393,0.607,-6.693
1928,4,-0.876,0.487,3.544
1928,5,1.253,0.629,10.493
1928,6,1.134,0.522,14.264
1928,7,-0.548,0.372,14.922
1928,8,-0.700,0.367,14.02
1928,9,-1.945,0.428,8.495
1928,10,-0.197,0.575,3.483
1928,11,0.778,0.562,-3.012
1928,12,-2.195,0.935,-11.215
1929,1,-4.336,1.328,-16.386
1929,2,-2.165,1.033,-12.005
1929,3,0.740,0.543,-2.56
1929,4,2.760,0.595,7.18
1929,5,-1.085,0.377,8.155
1929,6,-0.773,0.368,12.357
1929,7,-0.119,0.442,15.351
1929,8,-0.418,0.462,14.302
1929,9,0.644,0.439,11.084
1929,10,-2.302,0.575,1.378
1929,11,-0.522,0.592,-4.312
1929,12,-6.479,1.146,-15.499
1930,1,-5.036,0.902,-17.086
1930,2,-1.933,0.685,-11.773
1930,3,-0.128,0.612,-3.428
1930,4,-2.035,0.424,2.385
1930,5,0.245,0.409,9.485
1930,6,0.478,0.341,13.608
1930,7,1.158,0.378,16.628
1930,8,-0.858,0.378,13.862
1930,9,-1.887,0.435,8.553
1930,10,-1.258,0.417,2.422
1930,11,2.021,0.548,-1.769
1930,12,-2.775,0.656,-11.795
1931,1,-0.682,0.639,-12.732
1931,2,-5.331,0.887,-15.171
1931,3,-0.513,0.814,-3.813
1931,4,0.158,0.352,4.578
1931,5,-1.726,0.376,7.514
1931,6,-0.600,0.398,12.53
1931,7,-0.973,0.416,14.497
1931,8,0.174,0.446,14.894
1931,9,1.617,0.686,12.057
1931,10,0.320,0.308,4
1931,11,-1.238,0.373,-5.028
1931,12,-0.668,0.642,-9.688
1932,1,0.842,0.554,-11.208
1932,2,-1.000,1.096,-10.84
1932,3,2.414,0.672,-0.886
1932,4,1.633,0.445,6.053
1932,5,-0.911,0.302,8.329
1932,6,0.080,0.232,13.21
1932,7,1.052,0.395,16.522
1932,8,-1.603,0.486,13.117
1932,9,-0.696,0.420,9.744
1932,10,-1.692,0.337,1.988
1932,11,-1.495,0.529,-5.285
1932,12,-5.232,0.525,-14.252
1933,1,-4.035,0.814,-16.085
1933,2,0.004,0.449,-9.836
1933,3,-2.258,0.727,-5.558
1933,4,0.228,0.396,4.648
1933,5,1.375,0.369,10.615
1933,6,-0.248,0.283,12.882
1933,7,0.981,0.296,16.451
1933,8,1.455,0.525,16.175
1933,9,-0.264,0.367,10.176
1933,10,-1.451,0.331,2.229
1933,11,0.567,0.315,-3.223
1933,12,0.718,0.472,-8.302
1934,1,-5.057,0.760,-17.107
1934,2,0.860,0.785,-8.98
1934,3,-1.169,0.856,-4.469
1934,4,-2.392,0.407,2.028
1934,5,-2.763,0.536,6.477
1934,6,-0.048,0.422,13.082
1934,7,-1.612,0.364,13.858
1934,8,-0.461,0.454,14.259
1934,9,-2.572,0.481,7.868
1934,10,-1.961,0.415,1.719
1934,11,-2.999,0.333,-6.789
1934,12,0.048,0.525,-8.972
1935,1,-3.552,0.515,-15.602
1935,2,1.090,0.571,-8.75
1935,3,-0.323,0.422,-3.623
1935,4,-2.076,0.526,2.344
1935,5,-0.565,0.449,8.675
1935,6,-1.474,0.272,11.656
1935,7,-0.278,0.417,15.192
1935,8,1.132,0.261,15.852
1935,9,-1.515,0.292,8.925
1935,10,-0.386,0.279,3.294
1935,11,-3.238,0.609,-7.028
1935,12,-3.710,1.275,-12.73
1936,1,-3.318,0.539,-15.368
1936,2,0.306,0.331,-9.534
1936,3,-3.432,0.820,-6.732
1936,4,-1.811,0.373,2.609
1936,5,0.211,0.394,9.451
1936,6,0.111,0.294,13.241
1936,7,-0.777,0.281,14.693
1936,8,-1.939,0.232,12.781
1936,9,0.101,0.399,10.541
1936,10,1.985,0.971,5.665
1936,11,0.660,0.496,-3.13
1936,12,-2.166,0.545,-11.186
1937,1,-2.593,0.585,-14.643
1937,2,0.818,0.796,-9.022
1937,3,-2.301,0.190,-5.601
1937,4,-2.721,0.421,1.699
1937,5,-0.159,0.315,9.081
1937,6,-0.583,0.274,12.547
1937,7,-0.056,0.368,15.414
1937,8,-0.251,0.378,14.469
1937,9,0.183,0.538,10.623
1937,10,-0.683,0.581,2.997
1937,11,-4.639,0.594,-8.429
1937,12,-2.081,0.533,-11.101
1938,1,0.456,0.574,-11.594
1938,2,0.272,0.663,-9.568
1938,3,-2.413,0.690,-5.713
1938,4,1.759,0.441,6.179
1938,5,2.537,0.290,11.777
1938,6,-0.784,0.325,12.346
1938,7,-0.520,0.458,14.95
1938,8,-0.093,0.333,14.627
1938,9,-0.958,0.584,9.482
1938,10,-0.546,0.389,3.134
1938,11,-0.738,0.426,-4.528
1938,12,-0.835,0.957,-9.855
1939,1,0.274,0.547,-11.776
1939,2,0.530,0.702,-9.31
1939,3,-1.788,0.728,-5.088
1939,4,-3.085,0.333,1.335
1939,5,0.918,0.339,10.158
1939,6,0.772,0.624,13.902
1939,7,0.818,0.524,16.288
1939,8,0.416,0.283,15.136
1939,9,0.049,0.321,10.489
1939,10,-0.257,0.352,3.423
1939,11,0.225,0.909,-3.565
1939,12,2.292,1.075,-6.728
1940,1,1.762,0.904,-10.288
1940,2,2.382,0.677,-7.458
1940,3,-0.331,0.787,-3.631
1940,4,0.775,0.712,5.195
1940,5,-0.508,0.314,8.732
1940,6,1.157,0.525,14.287
1940,7,0.129,0.483,15.599
1940,8,-0.537,0.426,14.183
1940,9,-0.994,0.439,9.446
1940,10,1.320,0.213,5
1940,11,0.208,0.922,-3.582
1940,12,1.448,1.012,-7.572
1941,1,0.829,0.453,-11.221
1941,2,2.652,0.496,-7.188
1941,3,2.254,0.414,-1.046
1941,4,0.700,0.549,5.12
1941,5,1.845,0.231,11.085
1941,6,1.943,0.320,15.073
1941,7,-0.635,0.180,14.835
1941,8,0.828,0.169,15.548
1941,9,-0.122,0.239,10.318
1941,10,2.455,0.281,6.135
1941,11,0.403,0.232,-3.387
1941,12,0.621,0.706,-8.399
1942,1,1.113,0.444,-10.937
1942,2,-2.344,0.498,-12.184
1942,3,0.277,0.309,-3.023
1942,4,-0.467,0.320,3.953
1942,5,0.333,0.244,9.573
1942,6,0.461,0.275,13.591
1942,7,0.845,0.234,16.315
1942,8,-0.223,0.171,14.497
1942,9,-0.657,0.273,9.783
1942,10,0.083,0.300,3.763
1942,11,1.696,0.260,-2.094
1942,12,-0.113,0.338,-9.133
1943,1,0.771,0.652,-11.279
1943,2,-0.267,0.904,-10.107
1943,3,-1.919,0.459,-5.219
1943,4,-1.911,0.646,2.509
1943,5,0.039,0.364,9.279
1943,6,-1.049,0.270,12.081
1943,7,1.485,0.238,16.955
1943,8,0.472,0.170,15.192
1943,9,-0.148,0.349,10.292
1943,10,-1.641,0.294,2.039
1943,11,-2.068,0.545,-5.858
1943,12,-0.065,0.399,-9.085
1944,1,0.088,0.587,-11.962
1944,2,1.163,0.655,-8.677
1944,3,2.829,0.602,-0.471
1944,4,0.421,0.400,4.841
1944,5,1.728,0.296,10.968
1944,6,-0.244,0.290,12.886
1944,7,2.465,0.282,17.935
1944,8,1.030,0.222,15.75
1944,9,-0.883,0.350,9.557
1944,10,-1.724,0.312,1.956
1944,11,-1.632,0.323,-5.422
1944,12,-5.821,1.061,-14.841
1945,1,-1.779,0.537,-13.829
1945,2,-4.547,0.519,-14.387
1945,3,-3.696,0.486,-6.996
1945,4,-0.316,0.823,4.104
1945,5,0.245,0.291,9.485
1945,6,-0.365,0.327,12.765
1945,7,-0.431,0.275,15.039
1945,8,0.872,0.371,15.592
1945,9,0.302,0.328,10.742
1945,10,1.185,0.603,4.865
1945,11,-0.430,0.463,-4.22
1945,12,-0.800,0.756,-9.82
1946,1,1.500,0.339,-10.55
1946,2,3.419,0.575,-6.421
1946,3,-0.809,0.303,-4.109
1946,4,1.332,0.390,5.752
1946,5,1.169,0.341,10.409
1946,6,-1.199,0.224,11.931
1946,7,-0.795,0.357,14.675
1946,8,-0.743,0.268,13.977
1946,9,0.176,0.430,10.616
1946,10,2.013,0.435,5.693
1946,11,-2.447,0.292,-6.237
1946,12,-3.104,0.297,-12.124
1947,1,0.336,0.357,-11.714
1947,2,0.520,0.414,-9.32
1947,3,3.577,0.573,0.277
1947,4,0.738,0.287,5.158
1947,5,0.177,0.120,9.417
1947,6,-1.181,0.213,11.949
1947,7,-0.574,0.219,14.896
1947,8,0.880,0.199,15.6
1947,9,-0.105,0.241,10.335
1947,10,-0.924,0.369,2.756
1947,11,2.341,0.260,-1.449
1947,12,-1.414,0.469,-10.434
1948,1,2.421,0.392,-9.629
1948,2,0.435,0.372,-9.405
1948,3,-0.891,0.278,-4.191
1948,4,-1.545,0.392,2.875
1948,5,-0.370,0.241,8.87
1948,6,-0.790,0.264,12.34
1948,7,1.028,0.279,16.498
1948,8,0.687,0.266,15.407
1948,9,-1.079,0.328,9.361
1948,10,-0.560,0.323,3.12
1948,11,-0.522,0.252,-4.312
1948,12,-2.840,0.648,-11.86
1949,1,-0.292,0.428,-12.342
1949,2,0.467,0.468,-9.373
1949,3,-1.372,0.398,-4.672
1949,4,-0.412,0.518,4.008
1949,5,-0.020,0.191,9.22
1949,6,-1.601,0.140,11.529
1949,7,-0.378,0.293,15.092
1949,8,-0.544,0.323,14.176
1949,9,-2.418,0.311,8.022
1949,10,-2.206,0.365,1.474
1949,11,-2.884,0.345,-6.674
1949,12,-2.282,0.538,-11.302
1950,1,0.563,0.388,-11.487
1950,2,-2.104,0.504,-11.944
1950,3,0.497,0.236,-2.803
1950,4,-2.351,0.398,2.069
1950,5,1.310,0.348,10.55
1950,6,0.282,0.231,13.412
1950,7,0.513,0.192,15.983
1950,8,0.768,0.191,15.488
1950,9,-0.724,0.328,9.716
1950,10,-0.974,0.377,2.706
1950,11,-3.768,0.778,-7.558
1950,12,-4.781,1.028,-13.801
1951,1,-1.021,0.190,-13.071
1951,2,-4.218,0.411,-14.058
1951,3,-2.139,0.426,-5.439
1951,4,-0.798,0.531,3.622
1951,5,1.071,0.199,10.311
1951,6,-1.719,0.256,11.411
1951,7,-1.129,0.577,14.341
1951,8,-0.179,0.347,14.541
1951,9,0.922,0.322,11.362
1951,10,0.800,0.237,4.48
1951,11,-0.597,0.608,-4.387
1951,12,1.624,0.584,-7.396
1952,1,1.406,0.390,-10.644
1952,2,1.862,0.368,-7.978
1952,3,-0.552,0.303,-3.852
1952,4,0.033,0.324,4.453
1952,5,-0.522,0.170,8.718
1952,6,-0.706,0.222,12.424
1952,7,-0.016,0.363,15.454
1952,8,0.671,0.288,15.391
1952,9,-0.578,0.298,9.862
1952,10,-0.425,0.293,3.255
1952,11,-2.563,0.328,-6.353
1952,12,-1.757,1.100,-10.777
1953,1,0.161,0.356,-11.889
1953,2,3.006,0.369,-6.834
1953,3,-0.247,0.371,-3.547
1953,4,-1.883,0.661,2.537
1953,5,1.621,0.315,10.861
1953,6,0.149,0.296,13.279
1953,7,1.192,0.362,16.662
1953,8,-0.728,0.283,13.992
1953,9,0.965,0.329,11.405
1953,10,-3.279,0.449,0.401
1953,11,-2.606,0.248,-6.396
1953,12,-1.408,0.430,-10.428
1954,1,-0.970,0.411,-13.02
1954,2,-0.881,0.399,-10.721
1954,3,-2.025,0.280,-5.325
1954,4,0.828,0.373,5.248
1954,5,-0.956,0.174,8.284
1954,6,-1.734,0.225,11.396
1954,7,-1.617,0.362,13.853
1954,8,-0.771,0.524,13.949
1954,9,-0.122,0.529,10.318
1954,10,0.315,0.429,3.995
1954,11,-1.012,0.217,-4.802
1954,12,-3.623,1.031,-12.643
1955,1,-0.563,0.345,-12.613
1955,2,1.946,0.275,-7.894
1955,3,0.571,0.603,-2.729
1955,4,-2.936,0.369,1.484
1955,5,-0.197,0.308,9.043
1955,6,0.445,0.437,13.575
1955,7,-0.832,0.394,14.638
1955,8,1.281,0.363,16.001
1955,9,-0.426,0.354,10.014
1955,10,-0.539,0.367,3.141
1955,11,1.367,0.325,-2.423
1955,12,2.387,0.304,-6.633
1956,1,-1.686,0.428,-13.736
1956,2,0.710,0.339,-9.13
1956,3,-0.494,0.309,-3.794
1956,4,0.487,0.447,4.907
1956,5,1.046,0.195,10.286
1956,6,-1.340,0.280,11.79
1956,7,2.684,0.371,18.154
1956,8,0.352,0.225,15.072
1956,9,0.520,0.285,10.96
1956,10,0.213,0.331,3.893
1956,11,2.328,0.480,-1.462
1956,12,-1.369,0.338,-10.389
1957,1,-1.385,0.272,-13.435
1957,2,-3.291,0.469,-13.131
1957,3,0.799,0.351,-2.501
1957,4,-2.348,0.328,2.072
1957,5,-1.243,0.482,7.997
1957,6,0.074,0.327,13.204
1957,7,-1.196,0.368,14.274
1957,8,-0.773,0.347,13.947
1957,9,-0.480,0.607,9.96
1957,10,-0.831,0.304,2.849
1957,11,-0.801,0.407,-4.591
1957,12,0.270,0.596,-8.75
1958,1,1.744,0.575,-10.306
1958,2,1.703,0.777,-8.137
1958,3,1.757,0.422,-1.543
1958,4,0.151,0.334,4.571
1958,5,-2.280,0.250,6.96
1958,6,-0.480,0.374,12.65
1958,7,0.355,0.585,15.825
1958,8,-1.583,0.303,13.137
1958,9,0.058,0.227,10.498
1958,10,-0.534,0.301,3.146
1958,11,-2.457,0.326,-6.247
1958,12,1.594,0.283,-7.426
1959,1,0.673,0.423,-11.377
1959,2,-1.417,0.493,-11.257
1959,3,-1.408,0.324,-4.708
1959,4,0.765,0.524,5.185
1959,5,-1.302,0.304,7.938
1959,6,-0.114,0.236,13.016
1959,7,-0.998,0.190,14.472
1959,8,0.108,0.279,14.828
1959,9,2.800,0.262,13.24
1959,10,0.836,0.251,4.516
1959,11,-0.942,0.230,-4.732
1959,12,-1.791,0.345,-10.811
1960,1,0.864,0.567,-11.186
1960,2,3.539,0.561,-6.301
1960,3,-2.532,0.243,-5.832
1960,4,-2.474,0.442,1.946
1960,5,-2.283,0.239,6.957
1960,6,-0.122,0.258,13.008
1960,7,-0.637,0.188,14.833
1960,8,0.496,0.286,15.216
1960,9,-0.780,0.216,9.66
1960,10,0.092,0.264,3.772
1960,11,-1.392,0.410,-5.182
1960,12,-0.897,1.012,-9.917
1961,1,0.443,0.200,-11.607
1961,2,-1.425,0.350,-11.265
1961,3,-0.502,0.236,-3.802
1961,4,0.881,0.424,5.301
1961,5,2.662,0.210,11.902
1961,6,0.483,0.163,13.613
1961,7,0.836,0.164,16.306
1961,8,-0.106,0.305,14.614
1961,9,0.736,0.235,11.176
1961,10,-2.112,0.332,1.568
1961,11,-0.365,0.427,-4.155
1961,12,-0.347,0.400,-9.367
1962,1,-0.201,0.300,-12.251
1962,2,2.485,0.354,-7.355
1962,3,4.037,0.467,0.737
1962,4,-0.050,0.363,4.37
1962,5,0.003,0.187,9.243
1962,6,-0.293,0.388,12.837
1962,7,0.567,0.267,16.037
1962,8,0.414,0.249,15.134
1962,9,-0.829,0.371,9.611
1962,10,-0.083,0.424,3.597
1962,11,-3.527,0.184,-7.317
1962,12,-1.469,0.533,-10.489
1963,1,2.035,0.486,-10.015
1963,2,3.579,0.279,-6.261
1963,3,1.539,0.219,-1.761
1963,4,0.484,0.323,4.904
1963,5,0.573,0.204,9.813
1963,6,0.680,0.195,13.81
1963,7,-0.459,0.302,15.011
1963,8,-0.762,0.071,13.958
1963,9,-0.412,0.303,10.028
1963,10,1.472,0.280,5.152
1963,11,0.613,0.332,-3.177
1963,12,0.971,0.266,-8.049
1964,1,-2.859,0.631,-14.909
1964,2,-0.290,0.393,-10.13
1964,3,1.289,0.435,-2.011
1964,4,-0.851,0.319,3.569
1964,5,-1.231,0.214,8.009
1964,6,-0.456,0.228,12.674
1964,7,-1.038,0.367,14.432
1964,8,-0.191,0.209,14.529
1964,9,-0.593,0.245,9.847
1964,10,-1.638,0.192,2.042
1964,11,0.823,0.426,-2.967
1964,12,-1.395,0.376,-10.415
1965,1,2.280,0.367,-9.77
1965,2,-0.570,0.288,-10.41
1965,3,-0.490,0.279,-3.79
1965,4,0.339,0.317,4.759
1965,5,1.106,0.216,10.346
1965,6,-0.076,0.345,13.054
1965,7,0.434,0.363,15.904
1965,8,-0.320,0.129,14.4
1965,9,-0.715,0.317,9.725
1965,10,0.968,0.366,4.648
1965,11,1.308,0.514,-2.482
1965,12,0.156,0.430,-8.864
1966,1,3.508,0.432,-8.542
1966,2,3.415,0.435,-6.425
1966,3,0.093,0.262,-3.207
1966,4,-1.342,0.232,3.078
1966,5,-1.461,0.245,7.779
1966,6,1.484,0.327,14.614
1966,7,-0.493,0.202,14.977
1966,8,0.342,0.251,15.062
1966,9,0.268,0.361,10.708
1966,10,-1.194,0.135,2.486
1966,11,-1.899,0.272,-5.689
1966,12,-0.818,0.417,-9.838
1967,1,-0.835,0.488,-12.885
1967,2,-0.289,0.336,-10.129
1967,3,0.548,0.266,-2.752
1967,4,0.176,0.300,4.596
1967,5,-0.567,0.210,8.673
1967,6,-0.135,0.222,12.995
1967,7,-0.718,0.258,14.752
1967,8,-0.509,0.288,14.211
1967,9,-0.179,0.208,10.261
1967,10,-0.930,0.212,2.75
1967,11,-0.628,0.206,-4.418
1967,12,1.232,0.259,-7.788
1968,1,1.630,0.423,-10.42
1968,2,-0.425,0.214,-10.265
1968,3,2.280,0.476,-1.02
1968,4,-1.069,0.261,3.351
1968,5,-0.350,0.209,8.89
1968,6,-0.175,0.233,12.955
1968,7,-0.211,0.190,15.259
1968,8,0.238,0.151,14.958
1968,9,-0.217,0.273,10.223
1968,10,-0.340,0.211,3.34
1968,11,0.402,0.237,-3.388
1968,12,-1.484,0.427,-10.504
1969,1,-3.070,0.581,-15.12
1969,2,-4.736,0.566,-14.576
1969,3,0.941,0.576,-2.359
1969,4,-0.620,0.273,3.8
1969,5,0.092,0.188,9.332
1969,6,-0.584,0.197,12.546
1969,7,-0.929,0.244,14.541
1969,8,-0.306,0.251,14.414
1969,9,-1.032,0.269,9.408
1969,10,0.315,0.165,3.995
1969,11,0.962,0.209,-2.828
1969,12,2.626,0.447,-6.394
1970,1,0.057,0.270,-11.993
1970,2,2.715,0.382,-7.125
1970,3,-1.272,0.337,-4.572
1970,4,1.060,0.251,5.48
1970,5,0.584,0.197,9.824
1970,6,-0.242,0.383,12.888
1970,7,-1.060,0.159,14.41
1970,8,0.738,0.197,15.458
1970,9,0.156,0.212,10.596
1970,10,0.371,0.249,4.051
1970,11,1.266,0.350,-2.524
1970,12,-0.449,0.260,-9.469
1971,1,-1.481,0.542,-13.531
1971,2,0.465,0.181,-9.375
1971,3,1.497,0.461,-1.803
1971,4,0.849,0.198,5.269
1971,5,0.466,0.217,9.706
1971,6,1.466,0.207,14.596
1971,7,-0.099,0.213,15.371
1971,8,-0.136,0.271,14.584
1971,9,-0.818,0.219,9.622
1971,10,0.802,0.255,4.482
1971,11,2.659,0.334,-1.131
1971,12,3.563,0.548,-5.457
1972,1,-0.353,0.313,-12.403
1972,2,-5.249,0.453,-15.089
1972,3,-1.072,0.535,-4.372
1972,4,-0.702,0.280,3.718
1972,5,0.361,0.256,9.601
1972,6,-0.725,0.324,12.405
1972,7,-2.373,0.319,13.097
1972,8,-1.376,0.167,13.344
1972,9,-0.371,0.375,10.069
1972,10,0.167,0.235,3.847
1972,11,1.469,0.400,-2.321
1972,12,-0.855,0.511,-9.875
1973,1,-0.970,0.487,-13.02
1973,2,1.475,0.509,-8.365
1973,3,-0.949,0.248,-4.249
1973,4,1.007,0.339,5.427
1973,5,0.004,0.193,9.244
1973,6,1.271,0.253,14.401
1973,7,1.630,0.304,17.1
1973,8,0.839,0.254,15.559
1973,9,-0.509,0.282,9.931
1973,10,0.307,0.295,3.987
1973,11,2.984,0.403,-0.806
1973,12,1.321,0.593,-7.699
1974,1,-1.019,0.240,-13.069
1974,2,-2.923,0.309,-12.763
1974,3,-0.167,0.399,-3.467
1974,4,2.043,0.474,6.463
1974,5,1.086,0.139,10.326
1974,6,0.148,0.260,13.278
1974,7,0.630,0.204,16.1
1974,8,-1.503,0.278,13.217
1974,9,-0.509,0.356,9.931
1974,10,-0.065,0.289,3.615
1974,11,0.866,0.372,-2.924
1974,12,-3.897,0.594,-12.917
1975,1,-0.206,0.343,-12.256
1975,2,-0.576,0.388,-10.416
1975,3,0.726,0.373,-2.574
1975,4,0.868,0.311,5.288
1975,5,-0.728,0.149,8.512
1975,6,0.253,0.282,13.383
1975,7,0.700,0.286,16.17
1975,8,0.925,0.446,15.645
1975,9,0.214,0.183,10.654
1975,10,0.012,0.175,3.692
1975,11,-2.113,0.282,-5.903
1975,12,-0.861,0.291,-9.881
1976,1,3.708,0.278,-8.342
1976,2,-0.278,0.296,-10.118
1976,3,-1.472,0.272,-4.772
1976,4,0.033,0.140,4.453
1976,5,0.937,0.284,10.177
1976,6,-0.216,0.350,12.914
1976,7,0.873,0.568,16.343
1976,8,1.066,0.476,15.786
1976,9,-0.334,0.123,10.106
1976,10,-0.618,0.373,3.062
1976,11,-2.391,0.206,-6.181
1976,12,-1.839,0.215,-10.859
1977,1,-2.050,0.313,-14.1
1977,2,-0.870,0.610,-10.71
1977,3,1.847,0.564,-1.453
1977,4,1.844,0.222,6.264
1977,5,0.593,0.404,9.833
1977,6,1.877,0.174,15.007
1977,7,0.416,0.297,15.886
1977,8,0.706,0.342,15.426
1977,9,1.036,0.215,11.476
1977,10,0.563,0.222,4.243
1977,11,2.532,0.502,-1.258
1977,12,-0.337,0.721,-9.357
1978,1,-1.100,0.446,-13.15
1978,2,-1.775,0.323,-11.615
1978,3,-0.867,0.293,-4.167
1978,4,1.739,0.135,6.159
1978,5,1.369,0.203,10.609
1978,6,0.983,0.198,14.113
1978,7,1.588,0.440,17.058
1978,8,0.402,0.296,15.122
1978,9,1.319,0.259,11.759
1978,10,0.928,0.135,4.608
1978,11,-1.051,0.231,-4.841
1978,12,3.042,0.546,-5.978
1979,1,0.282,0.728,-11.768
1979,2,2.328,0.537,-7.512
1979,3,-0.897,0.351,-4.197
1979,4,0.117,0.248,4.537
1979,5,-1.949,0.371,7.291
1979,6,-0.297,0.256,12.833
1979,7,0.692,0.243,16.162
1979,8,0.336,0.245,15.056
1979,9,-0.510,0.159,9.93
1979,10,2.889,0.311,6.569
1979,11,0.710,0.529,-3.08
1979,12,2.895,0.250,-6.125
1980,1,0.979,0.318,-11.071
1980,2,-0.013,0.278,-9.853
1980,3,-0.837,0.330,-4.137
1980,4,1.368,0.439,5.788
1980,5,1.495,0.230,10.735
1980,6,0.101,0.443,13.231
1980,7,1.209,0.243,16.679
1980,8,0.330,0.470,15.05
1980,9,0.417,0.193,10.857
1980,10,1.540,0.393,5.22
1980,11,4.053,0.267,0.263
1980,12,2.914,0.542,-6.106
1981,1,2.836,0.261,-9.214
1981,2,1.767,0.292,-8.073
1981,3,2.790,0.241,-0.51
1981,4,0.770,0.195,5.19
1981,5,1.497,0.216,10.737
1981,6,-0.391,0.111,12.739
1981,7,0.007,0.162,15.477
1981,8,-1.093,0.176,13.627
1981,9,-0.582,0.255,9.858
1981,10,-1.461,0.247,2.219
1981,11,0.139,0.168,-3.651
1981,12,0.053,0.424,-8.967
1982,1,2.204,0.520,-9.846
1982,2,0.050,0.525,-9.79
1982,3,0.152,0.419,-3.148
1982,4,1.434,0.193,5.854
1982,5,1.548,0.285,10.788
1982,6,0.226,0.280,13.356
1982,7,-0.333,0.152,15.137
1982,8,-0.229,0.157,14.491
1982,9,-1.152,0.149,9.288
1982,10,0.086,0.141,3.766
1982,11,-2.132,0.354,-5.922
1982,12,-1.475,0.545,-10.495
1983,1,1.238,0.361,-10.812
1983,2,1.805,0.409,-8.035
1983,3,-0.529,0.497,-3.829
1983,4,0.424,0.392,4.844
1983,5,0.328,0.204,9.568
1983,6,-0.566,0.263,12.564
1983,7,0.371,0.210,15.841
1983,8,2.255,0.187,16.975
1983,9,0.244,0.341,10.684
1983,10,0.107,0.238,3.787
1983,11,2.464,0.296,-1.326
1983,12,0.556,0.226,-8.464
1984,1,-0.452,0.505,-12.502
1984,2,-4.158,0.504,-13.998
1984,3,0.712,0.313,-2.588
1984,4,-0.675,0.341,3.745
1984,5,0.236,0.161,9.476
1984,6,1.370,0.312,14.5
1984,7,1.590,0.195,17.06
1984,8,3.091,0.383,17.811
1984,9,-0.784,0.183,9.656
1984,10,-0.426,0.179,3.254
1984,11,0.977,0.385,-2.813
1984,12,-6.166,0.893,-15.186
1985,1,0.085,0.369,-11.965
1985,2,2.065,0.141,-7.775
1985,3,-2.019,0.258,-5.319
1985,4,1.533,0.300,5.953
1985,5,-0.020,0.220,9.22
1985,6,0.647,0.218,13.777
1985,7,1.353,0.265,16.823
1985,8,0.059,0.228,14.779
1985,9,0.412,0.273,10.852
1985,10,-0.262,0.336,3.418
1985,11,-1.184,0.401,-4.974
1985,12,0.655,0.359,-8.365
1986,1,1.716,0.519,-10.334
1986,2,1.277,0.430,-8.563
1986,3,-1.847,0.446,-5.147
1986,4,-0.785,0.386,3.635
1986,5,0.029,0.229,9.269
1986,6,-0.601,0.243,12.529
1986,7,0.720,0.314,16.19
1986,8,0.156,0.255,14.876
1986,9,1.328,0.301,11.768
1986,10,0.660,0.173,4.34
1986,11,0.162,0.281,-3.628
1986,12,-0.445,0.290,-9.465
1987,1,2.717,0.386,-9.333
1987,2,2.828,0.209,-7.012
1987,3,2.087,0.180,-1.213
1987,4,-1.307,0.138,3.113
1987,5,-0.522,0.320,8.718
1987,6,-1.807,0.207,11.323
1987,7,-0.986,0.192,14.484
1987,8,1.282,0.195,16.002
1987,9,0.444,0.224,10.884
1987,10,-3.290,0.489,0.39
1987,11,-0.477,0.315,-4.267
1987,12,2.551,0.368,-6.469
1988,1,1.780,0.424,-10.27
1988,2,-0.471,0.430,-10.311
1988,3,-0.597,0.303,-3.897
1988,4,0.915,0.272,5.335
1988,5,-1.092,0.196,8.148
1988,6,1.024,0.311,14.154
1988,7,1.245,0.217,16.715
1988,8,-0.233,0.213,14.487
1988,9,0.685,0.248,11.125
1988,10,-0.643,0.364,3.037
1988,11,3.742,0.184,-0.048
1988,12,2.850,0.374,-6.17
1989,1,-0.561,0.593,-12.611
1989,2,-1.899,0.612,-11.739
1989,3,0.536,0.426,-2.764
1989,4,-2.634,0.438,1.786
1989,5,-0.933,0.300,8.307
1989,6,-0.934,0.198,12.196
1989,7,-0.114,0.184,15.356
1989,8,0.025,0.062,14.745
1989,9,-0.245,0.261,10.195
1989,10,1.493,0.380,5.173
1989,11,-0.618,0.354,-4.408
1989,12,2.787,0.369,-6.233
1990,1,1.359,0.516,-10.691
1990,2,1.094,0.427,-8.746
1990,3,-0.163,0.402,-3.463
1990,4,-0.972,0.403,3.448
1990,5,1.660,0.332,10.9
1990,6,2.542,0.255,15.672
1990,7,-0.258,0.196,15.212
1990,8,0.871,0.245,15.591
1990,9,1.949,0.494,12.389
1990,10,0.572,0.384,4.252
1990,11,2.369,0.311,-1.421
1990,12,1.099,0.387,-7.921
1991,1,0.509,0.544,-11.541
1991,2,-0.551,0.475,-10.391
1991,3,-0.228,0.338,-3.528
1991,4,0.574,0.264,4.994
1991,5,0.018,0.142,9.258
1991,6,0.093,0.260,13.223
1991,7,0.266,0.356,15.736
1991,8,-0.270,0.265,14.45
1991,9,1.097,0.304,11.537
1991,10,0.394,0.495,4.074
1991,11,1.483,0.338,-2.307
1991,12,1.090,0.373,-7.93
1992,1,1.852,0.665,-10.198
1992,2,1.880,0.622,-7.96
1992,3,-2.248,0.452,-5.548
1992,4,0.827,0.557,5.247
1992,5,-1.557,0.397,7.683
1992,6,-0.592,0.298,12.538
1992,7,0.106,0.247,15.576
1992,8,-0.894,0.214,13.826
1992,9,-0.809,0.122,9.631
1992,10,-0.097,0.370,3.583
1992,11,2.381,0.545,-1.409
1992,12,2.131,0.431,-6.889
1993,1,-0.347,0.417,-12.397
1993,2,1.980,0.432,-7.86
1993,3,-0.595,0.738,-3.895
1993,4,-0.349,0.638,4.071
1993,5,-1.700,0.248,7.54
1993,6,0.336,0.314,13.466
1993,7,-0.250,0.293,15.22
1993,8,-1.050,0.230,13.67
1993,9,0.640,0.145,11.08
1993,10,-1.015,0.116,2.665
1993,11,-0.268,0.972,-4.058
1993,12,-0.366,0.560,-9.386
1994,1,-0.052,0.592,-12.102
1994,2,-1.682,0.664,-11.522
1994,3,0.835,0.378,-2.465
1994,4,-2.458,0.446,1.962
1994,5,0.842,0.276,10.082
1994,6,1.333,0.379,14.463
1994,7,1.223,0.185,16.693
1994,8,1.483,0.116,16.203
1994,9,-1.817,0.169,8.623
1994,10,0.474,0.300,4.154
1994,11,3.871,0.288,0.081
1994,12,0.192,0.396,-8.828
1995,1,-0.503,0.567,-12.553
1995,2,0.946,0.830,-8.894
1995,3,0.155,0.490,-3.145
1995,4,-0.394,0.513,4.026
1995,5,0.615,0.290,9.855
1995,6,0.872,0.555,14.002
1995,7,0.834,0.311,16.304
1995,8,1.297,0.239,16.017
1995,9,0.803,0.387,11.243
1995,10,-0.169,0.460,3.511
1995,11,2.888,0.487,-0.902
1995,12,-0.615,0.932,-9.635
1996,1,-0.411,0.799,-12.461
1996,2,0.622,0.792,-9.218
1996,3,-0.765,0.579,-4.065
1996,4,-2.277,0.457,2.143
1996,5,-0.985,0.389,8.255
1996,6,0.114,0.398,13.244
1996,7,-0.100,0.461,15.37
1996,8,0.100,0.148,14.82
1996,9,1.275,0.196,11.715
1996,10,0.040,0.243,3.72
1996,11,-0.515,0.184,-4.305
1996,12,2.140,0.504,-6.88
1997,1,3.783,0.213,-8.267
1997,2,0.495,0.411,-9.345
1997,3,1.835,0.368,-1.465
1997,4,2.991,0.574,7.411
1997,5,0.172,0.163,9.412
1997,6,0.948,0.491,14.078
1997,7,1.916,0.272,17.386
1997,8,0.775,0.195,15.495
1997,9,1.739,0.140,12.179
1997,10,3.348,0.753,7.028
1997,11,-0.601,0.544,-4.391
1997,12,0.073,0.502,-8.947
1998,1,1.254,0.714,-10.796
1998,2,1.265,0.608,-8.575
1998,3,-0.501,0.318,-3.801
1998,4,1.283,0.158,5.703
1998,5,-0.762,0.275,8.478
1998,6,-0.030,0.329,13.1
1998,7,0.669,0.621,16.139
1998,8,1.044,0.585,15.764
1998,9,1.491,0.412,11.931
1998,10,0.996,0.234,4.676
1998,11,2.811,0.421,-0.979
1998,12,2.767,0.640,-6.253
1999,1,1.891,0.608,-10.159
1999,2,4.780,0.613,-5.06
1999,3,-0.121,0.283,-3.421
1999,4,-1.059,0.402,3.361
1999,5,1.005,0.278,10.245
1999,6,-0.300,0.438,12.83
1999,7,-0.679,0.448,14.791
1999,8,1.606,0.379,16.326
1999,9,1.281,0.363,11.721
1999,10,2.055,0.335,5.735
1999,11,0.813,0.472,-2.977
1999,12,2.268,0.403,-6.752
2000,1,3.008,0.712,-9.042
2000,2,0.962,0.408,-8.878
2000,3,0.954,0.498,-2.346
2000,4,2.475,0.376,6.895
2000,5,2.588,0.228,11.828
2000,6,0.777,0.484,13.907
2000,7,0.734,0.365,16.204
2000,8,1.333,0.354,16.053
2000,9,1.167,0.468,11.607
2000,10,-1.376,0.221,2.304
2000,11,-0.072,0.305,-3.862
2000,12,2.036,0.453,-6.984
2001,1,0.855,0.473,-11.195
2001,2,2.655,0.483,-7.185
2001,3,3.623,0.265,0.323
2001,4,1.006,0.266,5.426
2001,5,3.296,0.300,12.536
2001,6,2.611,0.301,15.741
2001,7,0.115,0.340,15.585
2001,8,0.328,0.246,15.048
2001,9,-0.282,0.237,10.158
2001,10,0.042,0.157,3.722
2001,11,3.485,0.403,-0.305
2001,12,-0.705,0.568,-9.725
2002,1,3.212,0.408,-8.838
2002,2,3.279,0.359,-6.561
2002,3,3.822,0.159,0.522
2002,4,0.046,0.363,4.466
2002,5,-0.255,0.195,8.985
2002,6,0.634,0.288,13.764
2002,7,-0.314,0.211,15.156
2002,8,1.879,0.168,16.599
2002,9,0.851,0.282,11.291
2002,10,2.852,0.151,6.532
2002,11,3.531,0.343,-0.259
2002,12,-1.820,0.652,-10.84
2003,1,4.005,0.457,-8.045
2003,2,2.716,0.437,-7.124
2003,3,0.196,0.539,-3.104
2003,4,-2.172,0.385,2.248
2003,5,-0.928,0.175,8.312
2003,6,0.149,0.280,13.279
2003,7,0.022,0.349,15.492
2003,8,0.652,0.254,15.372
2003,9,1.193,0.223,11.633
2003,10,1.547,0.354,5.227
2003,11,1.149,0.313,-2.641
2003,12,0.397,0.571,-8.623
2004,1,3.528,0.622,-8.522
2004,2,4.321,0.398,-5.519
2004,3,2.534,0.245,-0.766
2004,4,0.955,0.265,5.375
2004,5,1.077,0.173,10.317
2004,6,1.260,0.300,14.39
2004,7,0.149,0.447,15.619
2004,8,0.617,0.294,15.337
2004,9,1.254,0.229,11.694
2004,10,0.053,0.256,3.733
2004,11,3.831,0.457,0.041
2004,12,1.325,0.509,-7.695
2005,1,1.924,0.637,-10.126
2005,2,-1.793,0.458,-11.633
2005,3,3.954,0.155,0.654
2005,4,0.990,0.252,5.41
2005,5,0.102,0.216,9.342
2005,6,2.022,0.325,15.152
2005,7,1.569,0.227,17.039
2005,8,-0.228,0.352,14.492
2005,9,2.411,0.359,12.851
2005,10,1.685,0.365,5.365
2005,11,1.695,0.273,-2.095
2005,12,0.715,0.803,-8.305
2006,1,-1.926,0.576,-13.976
2006,2,4.561,0.395,-5.279
2006,3,3.614,0.362,0.314
2006,4,1.623,0.191,6.043
2006,5,2.159,0.259,11.399
2006,6,1.023,0.233,14.153
2006,7,0.432,0.209,15.902
2006,8,1.953,0.307,16.673
2006,9,0.704,0.232,11.144
2006,10,3.452,0.318,7.132
2006,11,3.045,0.246,-0.745
2006,12,0.095,0.493,-8.925
2007,1,2.271,0.846,-9.779
2007,2,4.955,0.679,-4.885
2007,3,1.573,0.551,-1.727
2007,4,3.629,0.294,8.049
2007,5,1.579,0.371,10.819
2007,6,2.059,0.281,15.189
2007,7,0.611,0.331,16.081
2007,8,1.004,0.236,15.724
2007,9,1.563,0.180,12.003
2007,10,-0.643,0.291,3.037
2007,11,3.421,0.337,-0.369
2007,12,-0.282,0.434,-9.302
2008,1,-4.655,0.595,-16.705
2008,2,-2.051,0.356,-11.891
2008,3,5.732,0.261,2.432
2008,4,1.476,0.280,5.896
2008,5,3.514,0.246,12.754
2008,6,3.283,0.306,16.413
2008,7,1.671,0.333,17.141
2008,8,2.140,0.293,16.86
2008,9,1.049,0.291,11.489
2008,10,0.939,0.278,4.619
2008,11,1.383,0.302,-2.407
2008,12,1.799,0.628,-7.221
2009,1,2.227,0.719,-9.823
2009,2,3.555,0.417,-6.285
2009,3,3.228,0.284,-0.072
2009,4,-0.307,0.147,4.113
2009,5,-0.136,0.422,9.104
2009,6,-0.221,0.504,12.909
2009,7,0.159,0.482,15.629
2009,8,0.624,0.375,15.344
2009,9,0.384,0.256,10.824
2009,10,1.384,0.380,5.064
2009,11,0.814,0.326,-2.976
2009,12,1.283,0.686,-7.737
2010,1,4.314,0.457,-7.736
2010,2,1.079,0.537,-8.761
2010,3,2.550,0.529,-0.75
2010,4,1.375,0.255,5.795
2010,5,0.086,0.341,9.326
2010,6,0.387,0.331,13.517
2010,7,0.096,0.411,15.566
2010,8,1.322,0.414,16.042
2010,9,0.328,0.279,10.768
2010,10,1.939,0.413,5.619
2010,11,3.062,0.398,-0.728
2010,12,0.850,0.489,-8.17
2011,1,-0.031,0.735,-12.081
2011,2,1.932,0.667,-7.908
2011,3,0.472,0.460,-2.828
2011,4,2.569,0.201,6.989
2011,5,2.021,0.324,11.261
2011,6,1.409,0.466,14.539
2011,7,0.716,0.295,16.186
2011,8,1.475,0.278,16.195
2011,9,1.594,0.280,12.034
2011,10,1.555,0.172,5.235
2011,11,0.667,0.294,-3.123
2011,12,-1.813,0.575,-10.833
2012,1,-1.575,0.578,-13.625
2012,2,-2.541,0.341,-12.381
2012,3,-0.473,0.541,-3.773
2012,4,3.407,0.397,7.827
2012,5,1.491,0.327,10.731
2012,6,1.102,0.441,14.232
2012,7,0.880,0.228,16.35
2012,8,1.992,0.260,16.712
2012,9,1.316,0.265,11.756
2012,10,0.734,0.418,4.414
2012,11,0.079,0.255,-3.711
2012,12,-1.994,0.349,-11.014
2013,1,1.691,0.539,-10.359
2013,2,2.088,0.408,-7.752
2013,3,4.641,0.262,1.341
2013,4,1.401,0.299,5.821
2013,5,0.775,0.351,10.015
2013,6,0.917,0.512,14.047
2013,7,0.669,0.356,16.139
2013,8,1.151,0.310,15.871
2013,9,2.320,0.276,12.76
2013,10,2.340,0.241,6.02
2013,11,0.719,0.384,-3.071
2013,12,0.530,0.429,-8.49
2014,1,2.251,0.493,-9.799
2014,2,-2.973,0.546,-12.813
2014,3,0.912,0.296,-2.388
2014,4,-0.318,0.436,4.102
2014,5,2.094,0.324,11.334
2014,6,0.993,0.499,14.123
2014,7,0.806,0.436,16.276
2014,8,1.184,0.382,15.904
2014,9,1.182,0.240,11.622
2014,10,0.184,0.394,3.864
2014,11,-0.201,0.249,-3.991
2014,12,-0.680,0.579,-9.7
2015,1,2.661,0.446,-9.389
2015,2,3.818,0.428,-6.022
2015,3,1.041,0.478,-2.259
2015,4,1.524,0.316,5.944
2015,5,1.713,0.509,10.953
2015,6,1.236,0.337,14.366
2015,7,2.922,0.598,18.392
2015,8,0.696,0.250,15.416
2015,9,-0.366,0.306,10.074
2015,10,1.539,0.285,5.219
2015,11,1.843,0.241,-1.947
2015,12,1.418,0.561,-7.602
2016,1,4.592,0.808,-7.458
2016,2,3.582,0.829,-6.258
2016,3,5.789,0.651,2.489
2016,4,1.790,0.558,6.21
2016,5,1.029,0.613,10.269
2016,6,1.957,0.376,15.087
2016,7,0.535,0.380,16.005
2016,8,0.594,0.299,15.314
2016,9,2.976,0.308,13.416
2016,10,-1.488,0.333,2.192
2016,11,-0.456,0.386,-4.246
2016,12,2.438,0.617,-6.582
2017,1,1.554,0.945,-10.496
2017,2,1.231,0.281,-8.609
2017,3,0.061,0.617,-3.239
2017,4,-0.169,0.337,4.251
2017,5,2.408,0.340,11.648
2017,6,1.254,0.308,14.384
2017,7,1.814,0.392,17.284
2017,8,0.256,0.272,14.976
2017,9,1.269,0.160,11.709
2017,10,0.832,0.211,4.512
2017,11,2.725,0.293,-1.065
2017,12,0.945,0.461,-8.075
2018,1,0.550,0.584,-11.5
2018,2,1.791,0.317,-8.049
2018,3,4.963,0.310,1.663
2018,4,1.110,0.359,5.53
2018,5,-0.064,0.416,9.176
2018,6,0.846,0.414,13.976
2018,7,1.656,0.385,17.126
2018,8,1.236,0.432,15.956
2018,9,0.354,0.223,10.794
2018,10,0.067,0.224,3.747
2018,11,-0.689,0.293,-4.479
2018,12,0.572,0.947,-8.448
2019,1,3.113,0.766,-8.937
2019,2,1.984,0.757,-7.856
2019,3,3.964,0.385,0.664
2019,4,1.784,0.343,6.204
2019,5,0.667,0.427,9.907
2019,6,0.228,0.454,13.358
2019,7,2.719,0.512,18.189
2019,8,1.644,0.374,16.364
2019,9,1.152,0.258,11.592
2019,10,1.508,0.217,5.188
2019,11,-0.412,0.381,-4.202
2019,12,1.633,0.522,-7.387
2020,1,2.145,0.466,-9.905
2020,2,4.738,0.315,-5.102
2020,3,3.613,0.454,0.313
2020,4,1.755,0.539,6.175
2020,5,2.094,0.412,11.334
2020,6,0.493,0.498,13.623
2020,7,0.511,0.417,15.981
2020,8,1.126,0.390,15.846
2020,9,-0.200,0.284,10.24
2020,10,-0.477,0.251,3.203
2020,11,-1.244,0.356,-5.034
2020,12,-1.789,0.794,-10.809
