Year,Month ,TA,UC,T
1750,1,2.301,2.799,-6.939
1750,2,2.632,3.578,-6.528
1750,3,1.690,3.953,-4.79
1750,4,1.235,2.662,-1.335
1750,5,-0.974,2.244,2.486
1750,6,-0.371,2.293,8.059
1750,7,0.871,2.424,11.451
1750,8,0.944,2.325,10.654
1750,9,-0.422,2.870,5.168
1750,10,-3.798,2.326,-3.148
1750,11,-5.934,2.437,-10.184
1750,12,-3.337,2.692,-10.707
1751,1,-0.314,2.770,-9.554
1751,2,-3.289,2.822,-12.449
1751,3,1.155,2.649,-5.325
1751,4,-0.005,2.397,-2.575
1751,5,-1.219,2.355,2.241
1751,6,-1.452,2.307,6.978
1751,7,0.413,2.565,10.993
1751,8,-0.111,2.253,9.599
1751,9,-1.095,2.257,4.495
1751,10,-1.860,2.675,-1.21
1751,11,-1.998,2.516,-6.248
1751,12,-0.617,2.737,-7.987
1752,1,-1.751,2.830,-10.991
1752,2,1.705,2.682,-7.455
1752,3,1.034,2.464,-5.446
1752,4,-0.259,2.719,-2.829
1752,5,-0.657,2.514,2.803
1752,6,0.119,2.155,8.549
1752,7,1.849,2.324,12.429
1752,8,0.582,2.442,10.292
1752,9,NaN,NaN,#VALUE!
1752,10,-0.796,2.578,-0.146
1752,11,0.917,2.441,-3.333
1752,12,0.089,2.632,-7.281
1753,1,0.199,2.853,-9.041
1753,2,0.209,2.900,-8.951
1753,3,1.723,3.131,-4.757
1753,4,0.408,2.441,-2.162
1753,5,-0.463,2.210,2.997
1753,6,-0.893,2.444,7.537
1753,7,-0.502,2.530,10.078
1753,8,-0.563,2.292,9.147
1753,9,-0.412,2.243,5.178
1753,10,0.209,2.448,0.859
1753,11,-1.060,2.439,-5.31
1753,12,-5.679,3.217,-13.049
1754,1,0.177,2.774,-9.063
1754,2,-0.970,3.044,-10.13
1754,3,-1.587,2.471,-8.067
1754,4,1.863,2.367,-0.707
1754,5,0.669,2.286,4.129
1754,6,0.052,2.306,8.482
1754,7,-0.760,2.636,9.82
1754,8,-1.304,2.328,8.406
1754,9,-1.304,2.299,4.286
1754,10,-0.316,2.463,0.334
1754,11,-0.558,2.968,-4.808
1754,12,-0.008,2.648,-7.378
1755,1,-1.234,2.786,-10.474
1755,2,-2.361,3.006,-11.521
1755,3,-1.985,2.605,-8.465
1755,4,0.808,2.355,-1.762
1755,5,0.248,2.266,3.708
1755,6,0.849,2.461,9.279
1755,7,1.026,2.736,11.606
1755,8,-1.885,2.368,7.825
1755,9,-1.328,2.277,4.262
1755,10,0.387,2.227,1.037
1755,11,-0.809,2.677,-5.059
1755,12,-1.292,2.619,-8.662
1756,1,2.070,2.763,-7.17
1756,2,4.100,3.624,-5.06
1756,3,0.142,3.291,-6.338
1756,4,-0.477,3.698,-3.047
1756,5,-1.597,4.939,1.863
1756,6,0.489,2.308,8.919
1756,7,0.229,5.561,10.809
1756,8,-1.979,3.435,7.731
1756,9,-0.699,2.262,4.891
1756,10,-1.305,7.539,-0.655
1756,11,-2.933,2.433,-7.183
1756,12,-2.516,2.768,-9.886
1757,1,-2.334,3.206,-11.574
1757,2,2.059,3.857,-7.101
1757,3,-0.569,3.898,-7.049
1757,4,1.561,2.520,-1.009
1757,5,-0.500,2.312,2.96
1757,6,1.788,2.643,10.218
1757,7,3.028,3.082,13.608
1757,8,1.325,3.794,11.035
1757,9,0.792,5.087,6.382
1757,10,-4.141,5.518,-3.491
1757,11,-0.447,6.200,-4.697
1757,12,-2.449,3.409,-9.819
1758,1,-3.104,5.683,-12.344
1758,2,-1.334,4.354,-10.494
1758,3,-1.589,2.729,-8.069
1758,4,-1.259,3.384,-3.829
1758,5,-0.644,6.357,2.816
1758,6,-0.741,3.959,7.689
1758,7,-0.890,4.217,9.69
1758,8,-1.488,5.730,8.222
1758,9,-2.420,2.876,3.17
1758,10,-3.421,2.343,-2.771
1758,11,-0.626,2.559,-4.876
1758,12,-2.207,2.569,-9.577
1759,1,2.916,3.072,-6.324
1759,2,3.523,5.751,-5.637
1759,3,0.431,3.688,-6.049
1759,4,-0.536,4.146,-3.106
1759,5,-2.210,3.910,1.25
1759,6,0.668,3.844,9.098
1759,7,-0.177,4.644,10.403
1759,8,0.493,2.327,10.203
1759,9,-1.091,2.933,4.499
1759,10,-1.737,5.967,-1.087
1759,11,-2.303,6.477,-6.553
1759,12,-4.957,3.620,-12.327
1760,1,-5.776,3.326,-15.016
1760,2,0.871,7.047,-8.289
1760,3,-2.321,3.170,-8.801
1760,4,-1.518,2.953,-4.088
1760,5,-0.821,2.816,2.639
1760,6,-0.430,2.260,8
1760,7,-0.725,2.387,9.855
1760,8,-0.975,5.736,8.735
1760,9,0.030,2.679,5.62
1760,10,-2.926,2.358,-2.276
1760,11,-1.252,5.967,-5.502
1760,12,-2.268,3.333,-9.638
1761,1,0.750,2.574,-8.49
1761,2,0.907,3.271,-8.253
1761,3,2.396,2.193,-4.084
1761,4,0.582,2.436,-1.988
1761,5,0.597,2.722,4.057
1761,6,2.218,2.475,10.648
1761,7,0.874,2.192,11.454
1761,8,1.263,2.829,10.973
1761,9,0.941,3.462,6.531
1761,10,-3.409,3.166,-2.759
1761,11,-0.186,9.706,-4.436
1761,12,-3.310,2.530,-10.68
1762,1,2.710,8.221,-6.53
1762,2,0.495,2.896,-8.665
1762,3,-2.036,6.427,-8.516
1762,4,1.711,3.187,-0.859
1762,5,-1.069,4.635,2.391
1762,6,-0.273,3.491,8.157
1762,7,-1.270,4.404,9.31
1762,8,-2.009,3.814,7.701
1762,9,-1.168,2.910,4.422
1762,10,-5.263,6.509,-4.613
1762,11,-0.289,2.319,-4.539
1762,12,0.644,2.668,-6.726
1763,1,-0.124,7.303,-9.364
1763,2,-0.602,7.652,-9.762
1763,3,-2.208,3.713,-8.688
1763,4,-1.818,4.537,-4.388
1763,5,-1.167,5.522,2.293
1763,6,0.154,6.383,8.584
1763,7,1.685,2.420,12.265
1763,8,-0.476,4.791,9.234
1763,9,-0.266,5.495,5.324
1763,10,-1.066,2.128,-0.416
1763,11,-0.240,4.229,-4.49
1763,12,-2.319,3.645,-9.689
1764,1,0.211,3.067,-9.029
1764,2,2.934,3.359,-6.226
1764,3,0.919,3.243,-5.561
1764,4,-0.151,7.243,-2.721
1764,5,-1.087,2.299,2.373
1764,6,-3.224,5.630,5.206
1764,7,0.957,4.930,11.537
1764,8,-1.335,2.152,8.375
1764,9,-1.521,5.171,4.069
1764,10,-0.728,3.226,-0.078
1764,11,-1.217,3.936,-5.467
1764,12,-1.835,3.823,-9.205
1765,1,-1.158,9.984,-10.398
1765,2,-2.057,4.391,-11.217
1765,3,0.906,3.038,-5.574
1765,4,0.470,2.289,-2.1
1765,5,-1.834,2.349,1.626
1765,6,-2.736,4.598,5.694
1765,7,-1.688,4.947,8.892
1765,8,-1.918,3.225,7.792
1765,9,-1.543,1.956,4.047
1765,10,-1.544,2.116,-0.894
1765,11,0.205,3.500,-4.045
1765,12,-0.718,2.752,-8.088
1766,1,0.254,8.200,-8.986
1766,2,0.569,3.365,-8.591
1766,3,0.581,2.761,-5.899
1766,4,2.538,4.193,-0.032
1766,5,-1.668,3.773,1.792
1766,6,1.910,8.090,10.34
1766,7,3.084,3.450,13.664
1766,8,-0.256,3.845,9.454
1766,9,-0.354,3.324,5.236
1766,10,-0.830,3.277,-0.18
1766,11,2.004,3.912,-2.246
1766,12,-1.269,4.401,-8.639
1767,1,-4.789,7.070,-14.029
1767,2,0.162,8.746,-8.998
1767,3,0.062,7.677,-6.418
1767,4,-1.602,6.692,-4.172
1767,5,-1.499,2.840,1.961
1767,6,-1.101,4.677,7.329
1767,7,-1.215,5.267,9.365
1767,8,1.089,2.854,10.799
1767,9,0.986,3.997,6.576
1767,10,-0.929,3.845,-0.279
1767,11,1.650,10.087,-2.6
1767,12,-1.187,5.298,-8.557
1768,1,-1.851,6.160,-11.091
1768,2,-1.814,7.024,-10.974
1768,3,-2.685,4.979,-9.165
1768,4,-2.158,2.964,-4.728
1768,5,-0.233,2.985,3.227
1768,6,0.223,2.304,8.653
1768,7,0.936,3.048,11.516
1768,8,0.064,2.623,9.774
1768,9,-1.458,3.509,4.132
1768,10,-3.530,3.096,-2.88
1768,11,-1.232,5.646,-5.482
1768,12,1.173,8.425,-6.197
1769,1,1.225,7.373,-8.015
1769,2,-0.824,5.334,-9.984
1769,3,0.371,5.651,-6.109
1769,4,0.918,5.213,-1.652
1769,5,0.320,6.155,3.78
1769,6,0.327,2.759,8.757
1769,7,0.072,2.882,10.652
1769,8,-0.504,4.175,9.206
1769,9,-0.130,1.902,5.46
1769,10,-3.475,3.283,-2.825
1769,11,-2.368,2.257,-6.618
1769,12,-2.076,4.073,-9.446
1770,1,-0.664,6.548,-9.904
1770,2,1.880,3.322,-7.28
1770,3,-7.276,3.361,-13.756
1770,4,-1.131,6.611,-3.701
1770,5,0.652,1.945,4.112
1770,6,0.201,5.385,8.631
1770,7,1.124,3.000,11.704
1770,8,0.149,5.047,9.859
1770,9,1.249,3.092,6.839
1770,10,-0.117,3.498,0.533
1770,11,-3.035,7.566,-7.285
1770,12,-2.928,5.024,-10.298
1771,1,-1.855,3.399,-11.095
1771,2,-2.050,2.748,-11.21
1771,3,-3.860,3.679,-10.34
1771,4,-2.979,4.811,-5.549
1771,5,0.687,7.822,4.147
1771,6,2.599,2.613,11.029
1771,7,-0.557,2.190,10.023
1771,8,-0.851,3.468,8.859
1771,9,-0.531,2.664,5.059
1771,10,-1.103,2.412,-0.453
1771,11,-0.455,2.869,-4.705
1771,12,1.484,4.185,-5.886
1772,1,-1.224,7.996,-10.464
1772,2,-3.888,10.257,-13.048
1772,3,-3.491,3.181,-9.971
1772,4,-0.941,3.472,-3.511
1772,5,-2.329,2.005,1.131
1772,6,-0.685,6.494,7.745
1772,7,0.164,3.890,10.744
1772,8,-0.056,4.819,9.654
1772,9,-0.886,3.563,4.704
1772,10,1.058,2.851,1.708
1772,11,2.150,6.164,-2.1
1772,12,1.534,4.472,-5.836
1773,1,0.021,2.590,-9.219
1773,2,0.138,3.712,-9.022
1773,3,0.269,2.798,-6.211
1773,4,1.463,3.061,-1.107
1773,5,0.900,2.749,4.36
1773,6,-0.706,2.589,7.724
1773,7,0.468,2.805,11.048
1773,8,0.864,2.917,10.574
1773,9,0.372,2.830,5.962
1773,10,0.375,2.851,1.025
1773,11,-0.273,7.160,-4.523
1773,12,0.210,5.120,-7.16
1774,1,-4.755,7.218,-13.995
1774,2,0.710,7.251,-8.45
1774,3,-0.519,3.050,-6.999
1774,4,0.661,5.733,-1.909
1774,5,1.330,2.951,4.79
1774,6,1.204,9.541,9.634
1774,7,1.046,8.952,11.626
1774,8,-0.055,3.187,9.655
1774,9,-0.762,2.734,4.828
1774,10,-0.622,6.120,0.028
1774,11,-5.038,5.282,-9.288
1774,12,-2.522,5.992,-9.892
1775,1,0.059,6.677,-9.181
1775,2,2.336,2.423,-6.824
1775,3,1.093,2.207,-5.387
1775,4,0.381,3.796,-2.189
1775,5,0.283,6.124,3.743
1775,6,0.665,5.845,9.095
1775,7,1.568,3.748,12.148
1775,8,1.577,5.382,11.287
1775,9,1.706,4.847,7.296
1775,10,0.740,2.725,1.39
1775,11,-1.353,3.064,-5.603
1775,12,0.033,3.009,-7.337
1776,1,-4.794,2.642,-14.034
1776,2,1.256,4.969,-7.904
1776,3,-0.216,3.198,-6.696
1776,4,-0.019,3.374,-2.589
1776,5,-1.473,5.284,1.987
1776,6,0.759,2.310,9.189
1776,7,1.428,4.550,12.008
1776,8,0.769,3.587,10.479
1776,9,-0.788,4.155,4.802
1776,10,-0.510,5.077,0.14
1776,11,-0.288,3.385,-4.538
1776,12,0.273,4.015,-7.097
1777,1,-0.136,6.623,-9.376
1777,2,-1.048,3.089,-10.208
1777,3,-1.372,2.457,-7.852
1777,4,-1.324,4.123,-3.894
1777,5,0.339,2.941,3.799
1777,6,-1.062,4.120,7.368
1777,7,-1.079,3.185,9.501
1777,8,-0.294,2.771,9.416
1777,9,-0.699,5.039,4.891
1777,10,-1.503,4.565,-0.853
1777,11,0.475,3.602,-3.775
1777,12,-0.157,2.501,-7.527
1778,1,-0.530,4.960,-9.77
1778,2,1.507,3.850,-7.653
1778,3,-1.151,2.974,-7.631
1778,4,1.159,3.482,-1.411
1778,5,0.191,2.522,3.651
1778,6,-0.217,7.674,8.213
1778,7,1.298,2.895,11.878
1778,8,-0.364,5.334,9.346
1778,9,-0.442,2.823,5.148
1778,10,-4.028,4.895,-3.378
1778,11,-1.424,5.456,-5.674
1778,12,0.357,2.499,-7.013
1779,1,0.501,8.642,-8.739
1779,2,4.407,10.661,-4.753
1779,3,3.162,3.608,-3.318
1779,4,1.630,4.652,-0.94
1779,5,0.734,2.688,4.194
1779,6,-0.548,4.889,7.882
1779,7,0.739,2.417,11.319
1779,8,2.247,3.042,11.957
1779,9,1.110,2.718,6.7
1779,10,1.297,4.678,1.947
1779,11,-0.428,3.334,-4.678
1779,12,-2.495,4.870,-9.865
1780,1,-1.603,5.320,-10.843
1780,2,0.475,6.397,-8.685
1780,3,1.077,2.874,-5.403
1780,4,1.803,2.662,-0.767
1780,5,0.748,4.656,4.208
1780,6,-1.415,7.140,7.015
1780,7,0.340,5.659,10.92
1780,8,0.577,7.068,10.287
1780,9,-1.120,3.978,4.47
1780,10,-0.015,2.247,0.635
1780,11,-2.484,2.440,-6.734
1780,12,-1.167,3.508,-8.537
1781,1,0.093,6.253,-9.147
1781,2,-0.523,8.517,-9.683
1781,3,1.304,2.277,-5.176
1781,4,-0.226,3.997,-2.796
1781,5,-1.074,3.633,2.386
1781,6,0.689,2.434,9.119
1781,7,0.065,2.357,10.645
1781,8,1.035,2.231,10.745
1781,9,1.651,4.420,7.241
1781,10,-0.779,1.816,-0.129
1781,11,0.872,3.688,-3.378
1781,12,-2.209,5.719,-9.579
1782,1,-0.076,3.656,-9.316
1782,2,0.440,6.495,-8.72
1782,3,-2.900,6.614,-9.38
1782,4,-0.856,2.245,-3.426
1782,5,-2.592,2.255,0.868
1782,6,-0.517,1.956,7.913
1782,7,-0.412,2.949,10.168
1782,8,1.612,2.817,11.322
1782,9,0.850,2.403,6.44
1782,10,-2.523,5.606,-1.873
1782,11,-2.805,4.735,-7.055
1782,12,-0.298,3.890,-7.668
1783,1,-2.164,3.367,-11.404
1783,2,1.441,3.150,-7.719
1783,3,-1.376,2.676,-7.856
1783,4,1.673,2.829,-0.897
1783,5,0.281,4.473,3.741
1783,6,0.360,5.209,8.79
1783,7,1.912,2.798,12.492
1783,8,-0.349,2.453,9.361
1783,9,0.803,4.418,6.393
1783,10,-0.397,5.250,0.253
1783,11,-0.746,5.553,-4.996
1783,12,-1.056,2.560,-8.426
1784,1,-2.533,8.019,-11.773
1784,2,-0.306,8.445,-9.466
1784,3,-5.997,4.514,-12.477
1784,4,-1.496,3.441,-4.066
1784,5,-0.567,1.992,2.893
1784,6,-0.608,2.938,7.822
1784,7,-0.919,3.614,9.661
1784,8,-1.422,3.918,8.288
1784,9,-1.064,4.575,4.526
1784,10,-2.024,1.830,-1.374
1784,11,-0.484,5.520,-4.734
1784,12,-3.149,3.091,-10.519
1785,1,-0.500,2.796,-9.74
1785,2,-1.567,6.082,-10.727
1785,3,-3.082,5.621,-9.562
1785,4,-1.903,4.411,-4.473
1785,5,-2.001,2.176,1.459
1785,6,0.869,4.690,9.299
1785,7,1.325,2.623,11.905
1785,8,-0.082,2.232,9.628
1785,9,-1.386,1.910,4.204
1785,10,-1.718,6.291,-1.068
1785,11,-0.217,1.853,-4.467
1785,12,-1.876,2.601,-9.246
1786,1,-3.097,2.595,-12.337
1786,2,-0.277,3.738,-9.437
1786,3,-3.784,4.707,-10.264
1786,4,-0.758,2.662,-3.328
1786,5,-0.833,2.996,2.627
1786,6,0.488,3.427,8.918
1786,7,-0.633,2.718,9.947
1786,8,1.462,2.277,11.172
1786,9,0.387,2.151,5.977
1786,10,-0.883,3.926,-0.233
1786,11,-3.830,2.899,-8.08
1786,12,-1.471,2.808,-8.841
1787,1,2.222,7.768,-7.018
1787,2,2.766,4.888,-6.394
1787,3,0.616,3.545,-5.864
1787,4,-2.023,3.259,-4.593
1787,5,-0.237,2.065,3.223
1787,6,0.901,2.730,9.331
1787,7,-0.887,3.749,9.693
1787,8,-1.573,2.003,8.137
1787,9,-0.072,2.724,5.518
1787,10,-0.068,2.003,0.582
1787,11,-2.431,4.500,-6.681
1787,12,-2.493,2.983,-9.863
1788,1,-0.048,5.188,-9.288
1788,2,-1.531,4.307,-10.691
1788,3,-3.186,4.568,-9.666
1788,4,2.245,5.083,-0.325
1788,5,-0.472,2.282,2.988
1788,6,0.817,1.999,9.247
1788,7,2.460,4.088,13.04
1788,8,0.490,2.851,10.2
1788,9,1.491,3.397,7.081
1788,10,-1.320,3.717,-0.67
1788,11,-0.367,3.450,-4.617
1788,12,-7.088,5.350,-14.458
1789,1,-2.336,4.120,-11.576
1789,2,0.093,2.184,-9.067
1789,3,-5.990,5.905,-12.47
1789,4,-1.351,2.828,-3.921
1789,5,0.007,5.017,3.467
1789,6,2.061,1.870,10.491
1789,7,2.152,2.962,12.732
1789,8,1.658,1.844,11.368
1789,9,1.402,2.058,6.992
1789,10,0.635,2.880,1.285
1789,11,0.284,4.411,-3.966
1789,12,2.837,3.638,-4.533
1790,1,2.916,2.616,-6.324
1790,2,3.642,4.430,-5.518
1790,3,3.073,3.563,-3.407
1790,4,-1.834,2.035,-4.404
1790,5,1.373,4.449,4.833
1790,6,-1.217,2.243,7.213
1790,7,-1.290,2.137,9.29
1790,8,-0.886,1.776,8.824
1790,9,-0.892,2.230,4.698
1790,10,-1.725,2.288,-1.075
1790,11,-1.266,2.236,-5.516
1790,12,0.101,5.853,-7.269
1791,1,3.869,5.243,-5.371
1791,2,2.591,3.393,-6.569
1791,3,2.172,3.583,-4.308
1791,4,-0.243,2.537,-2.813
1791,5,-0.767,1.892,2.693
1791,6,-1.230,3.133,7.2
1791,7,1.708,2.556,12.288
1791,8,0.424,2.289,10.134
1791,9,-0.903,2.370,4.687
1791,10,-1.899,2.134,-1.249
1791,11,-1.182,3.383,-5.432
1791,12,-1.021,2.473,-8.391
1792,1,-2.446,3.981,-11.686
1792,2,-0.456,4.808,-9.616
1792,3,-0.948,2.677,-7.428
1792,4,0.640,2.263,-1.93
1792,5,-0.235,2.239,3.225
1792,6,0.953,1.966,9.383
1792,7,1.893,3.650,12.473
1792,8,-0.572,3.001,9.138
1792,9,0.408,2.722,5.998
1792,10,-2.390,2.341,-1.74
1792,11,2.023,2.850,-2.227
1792,12,0.397,2.762,-6.973
1793,1,1.026,3.121,-8.214
1793,2,1.004,2.781,-8.156
1793,3,0.337,2.379,-6.143
1793,4,1.283,3.399,-1.287
1793,5,-0.054,1.985,3.406
1793,6,0.556,3.698,8.986
1793,7,-0.567,3.654,10.013
1793,8,-0.140,3.603,9.57
1793,9,-0.391,3.749,5.199
1793,10,-0.392,3.199,0.258
1793,11,-1.499,5.983,-5.749
1793,12,-2.794,3.558,-10.164
1794,1,-0.470,4.057,-9.71
1794,2,0.837,6.241,-8.323
1794,3,3.411,2.562,-3.069
1794,4,3.542,3.333,0.972
1794,5,0.460,2.870,3.92
1794,6,-0.352,4.001,8.078
1794,7,0.558,5.694,11.138
1794,8,0.561,2.704,10.271
1794,9,0.005,1.939,5.595
1794,10,-0.046,2.113,0.604
1794,11,-1.643,3.446,-5.893
1794,12,0.354,4.309,-7.016
1795,1,-0.632,3.067,-9.872
1795,2,-1.889,4.218,-11.049
1795,3,-3.347,2.300,-9.827
1795,4,1.075,4.099,-1.495
1795,5,-1.681,3.596,1.779
1795,6,-0.938,3.113,7.492
1795,7,-0.071,2.400,10.509
1795,8,0.354,2.773,10.064
1795,9,0.225,2.367,5.815
1795,10,-0.638,3.687,0.012
1795,11,-0.585,3.883,-4.835
1795,12,-1.588,4.387,-8.958
1796,1,2.742,3.411,-6.498
1796,2,1.500,4.085,-7.66
1796,3,-1.376,3.410,-7.856
1796,4,1.634,2.891,-0.936
1796,5,-0.118,1.795,3.342
1796,6,-0.074,3.804,8.356
1796,7,1.358,2.887,11.938
1796,8,0.816,4.557,10.526
1796,9,0.053,4.130,5.643
1796,10,-0.525,2.089,0.125
1796,11,-0.699,3.265,-4.949
1796,12,-3.670,4.336,-11.04
1797,1,2.912,5.943,-6.328
1797,2,6.114,4.641,-3.046
1797,3,0.878,5.282,-5.602
1797,4,2.200,5.657,-0.37
1797,5,-0.775,4.113,2.685
1797,6,-0.367,3.258,8.063
1797,7,0.440,2.501,11.02
1797,8,0.700,4.745,10.41
1797,9,1.494,4.473,7.084
1797,10,-0.237,2.334,0.413
1797,11,-1.540,2.926,-5.79
1797,12,-0.462,3.411,-7.832
1798,1,0.615,2.730,-8.625
1798,2,1.767,3.418,-7.393
1798,3,-0.291,3.222,-6.771
1798,4,1.220,2.298,-1.35
1798,5,3.269,2.954,6.729
1798,6,0.545,2.146,8.975
1798,7,2.293,2.202,12.873
1798,8,0.837,4.858,10.547
1798,9,0.742,2.710,6.332
1798,10,0.597,2.594,1.247
1798,11,0.974,4.661,-3.276
1798,12,-2.981,3.199,-10.351
1799,1,0.920,2.180,-8.32
1799,2,-4.955,2.517,-14.115
1799,3,-1.575,3.732,-8.055
1799,4,-1.044,3.110,-3.614
1799,5,-1.699,1.973,1.761
1799,6,-1.591,2.778,6.839
1799,7,0.079,2.194,10.659
1799,8,-1.052,2.277,8.658
1799,9,-0.804,2.940,4.786
1799,10,-1.036,1.888,-0.386
1799,11,3.132,2.064,-1.118
1799,12,-1.369,2.993,-8.739
1800,1,-2.679,2.192,-11.919
1800,2,1.800,3.941,-7.36
1800,3,-2.526,2.871,-9.006
1800,4,1.349,1.899,-1.221
1800,5,-0.344,1.991,3.116
1800,6,-2.768,2.037,5.662
1800,7,-1.751,2.792,8.829
1800,8,-1.250,2.506,8.46
1800,9,-0.425,2.227,5.165
1800,10,-0.175,2.580,0.475
1800,11,1.155,3.228,-3.095
1800,12,0.597,2.238,-6.773
1801,1,0.700,2.699,-8.54
1801,2,-1.377,3.654,-10.537
1801,3,0.258,2.111,-6.222
1801,4,1.288,1.937,-1.282
1801,5,2.674,2.805,6.134
1801,6,-1.080,2.948,7.35
1801,7,0.449,3.128,11.029
1801,8,-1.618,2.383,8.092
1801,9,0.389,1.992,5.979
1801,10,-0.157,4.705,0.493
1801,11,-0.924,2.236,-5.174
1801,12,-3.945,2.860,-11.315
1802,1,-1.111,3.965,-10.351
1802,2,0.339,4.583,-8.821
1802,3,0.754,2.789,-5.726
1802,4,1.637,3.286,-0.933
1802,5,-2.622,3.482,0.838
1802,6,-0.480,3.347,7.95
1802,7,-1.271,2.406,9.309
1802,8,-0.420,3.378,9.29
1802,9,-0.600,2.075,4.99
1802,10,0.564,2.984,1.214
1802,11,-1.409,3.037,-5.659
1802,12,-1.533,1.946,-8.903
1803,1,-3.107,2.756,-12.347
1803,2,-0.898,4.371,-10.058
1803,3,-0.179,3.732,-6.659
1803,4,2.274,1.953,-0.296
1803,5,-0.446,2.950,3.014
1803,6,-0.793,1.679,7.637
1803,7,0.915,2.564,11.495
1803,8,0.820,3.028,10.53
1803,9,-1.011,1.948,4.579
1803,10,-0.802,3.913,-0.152
1803,11,-1.222,1.931,-5.472
1803,12,-2.945,2.622,-10.315
1804,1,-0.039,5.977,-9.279
1804,2,-2.278,2.403,-11.438
1804,3,-2.563,3.285,-9.043
1804,4,0.162,2.385,-2.408
1804,5,0.897,2.585,4.357
1804,6,-0.009,2.339,8.421
1804,7,1.153,1.996,11.733
1804,8,0.478,2.787,10.188
1804,9,0.635,3.836,6.225
1804,10,0.347,1.840,0.997
1804,11,-1.429,4.375,-5.679
1804,12,-3.398,4.720,-10.768
1805,1,-0.249,2.308,-9.489
1805,2,-1.769,2.373,-10.929
1805,3,-0.567,1.932,-7.047
1805,4,-0.468,2.723,-3.038
1805,5,-2.072,2.294,1.388
1805,6,-2.358,2.532,6.072
1805,7,0.135,2.343,10.715
1805,8,0.497,2.576,10.207
1805,9,0.300,4.188,5.89
1805,10,-3.604,3.008,-2.954
1805,11,-1.562,4.232,-5.812
1805,12,-1.239,3.101,-8.609
1806,1,0.668,3.077,-8.572
1806,2,0.553,2.532,-8.607
1806,3,-1.335,2.055,-7.815
1806,4,-1.202,3.828,-3.772
1806,5,-0.040,2.239,3.42
1806,6,-2.013,2.209,6.417
1806,7,-1.168,2.187,9.412
1806,8,0.650,2.217,10.36
1806,9,1.026,4.529,6.616
1806,10,-0.637,2.401,0.013
1806,11,-0.492,2.859,-4.742
1806,12,1.017,3.077,-6.353
1807,1,-0.749,4.762,-9.989
1807,2,1.059,1.750,-8.101
1807,3,-1.557,3.353,-8.037
1807,4,-1.822,2.922,-4.392
1807,5,-1.738,1.987,1.722
1807,6,-0.830,2.770,7.6
1807,7,0.540,2.010,11.12
1807,8,1.501,2.649,11.211
1807,9,-1.436,1.970,4.154
1807,10,-1.317,1.426,-0.667
1807,11,-1.554,2.190,-5.804
1807,12,-0.621,1.848,-7.991
1808,1,0.451,7.182,-8.789
1808,2,-1.333,2.800,-10.493
1808,3,-1.623,5.094,-8.103
1808,4,-2.117,2.309,-4.687
1808,5,0.249,3.360,3.709
1808,6,0.496,2.342,8.926
1808,7,1.302,2.459,11.882
1808,8,0.603,1.653,10.313
1808,9,0.296,2.985,5.886
1808,10,-0.448,4.107,0.202
1808,11,-1.139,2.536,-5.389
1808,12,-3.424,3.010,-10.794
1809,1,-5.070,4.906,-14.31
1809,2,-1.772,3.134,-10.932
1809,3,-1.583,4.065,-8.063
1809,4,-2.782,4.384,-5.352
1809,5,-0.141,2.969,3.319
1809,6,-0.499,2.478,7.931
1809,7,-0.339,3.707,10.241
1809,8,0.668,3.003,10.378
1809,9,-0.304,2.618,5.286
1809,10,-0.805,5.152,-0.155
1809,11,-2.236,3.620,-6.486
1809,12,1.393,3.085,-5.977
1810,1,-0.181,2.891,-9.421
1810,2,-0.475,4.421,-9.635
1810,3,-2.382,3.315,-8.862
1810,4,-1.404,2.686,-3.974
1810,5,-3.181,3.045,0.279
1810,6,-0.862,3.445,7.568
1810,7,-0.494,3.129,10.086
1810,8,-0.270,2.902,9.44
1810,9,-0.287,2.958,5.303
1810,10,-1.526,3.140,-0.876
1810,11,-2.265,4.605,-6.515
1810,12,-1.602,4.232,-8.972
1811,1,-0.363,1.841,-9.603
1811,2,-0.580,3.276,-9.74
1811,3,1.839,4.827,-4.641
1811,4,-1.280,1.930,-3.85
1811,5,0.322,2.172,3.782
1811,6,0.381,2.449,8.811
1811,7,0.727,3.296,11.307
1811,8,-0.496,3.757,9.214
1811,9,-0.310,4.440,5.28
1811,10,-1.032,4.579,-0.382
1811,11,-0.574,2.262,-4.824
1811,12,-0.781,3.845,-8.151
1812,1,0.018,6.670,-9.222
1812,2,1.095,4.274,-8.065
1812,3,-3.570,2.618,-10.05
1812,4,-2.717,4.653,-5.287
1812,5,-1.839,1.690,1.621
1812,6,-1.750,1.832,6.68
1812,7,-1.889,2.590,8.691
1812,8,0.203,1.954,9.913
1812,9,-2.043,5.625,3.547
1812,10,-0.158,2.601,0.492
1812,11,-2.458,4.218,-6.708
1812,12,-3.419,5.518,-10.789
1813,1,-0.532,4.898,-9.772
1813,2,2.209,2.219,-6.951
1813,3,0.464,3.646,-6.016
1813,4,0.392,3.333,-2.178
1813,5,-0.916,6.849,2.544
1813,6,-0.834,2.196,7.596
1813,7,1.063,2.332,11.643
1813,8,-0.373,1.919,9.337
1813,9,0.518,3.963,6.108
1813,10,-2.820,2.189,-2.17
1813,11,0.009,2.598,-4.241
1813,12,-1.008,3.728,-8.378
1814,1,-6.144,4.306,-15.384
1814,2,-1.607,2.580,-10.767
1814,3,-2.160,4.144,-8.64
1814,4,0.925,2.533,-1.645
1814,5,-2.177,3.817,1.283
1814,6,-1.272,1.645,7.158
1814,7,0.327,3.687,10.907
1814,8,-0.333,3.149,9.377
1814,9,-0.570,2.275,5.02
1814,10,-1.425,4.489,-0.775
1814,11,-0.166,4.993,-4.416
1814,12,-0.725,4.769,-8.095
1815,1,-0.393,2.120,-9.633
1815,2,1.659,5.356,-7.501
1815,3,0.563,4.280,-5.917
1815,4,0.569,2.583,-2.001
1815,5,-0.284,2.078,3.176
1815,6,-1.562,2.480,6.868
1815,7,-1.139,3.663,9.441
1815,8,-0.095,2.429,9.615
1815,9,-0.389,1.847,5.201
1815,10,-0.332,3.616,0.318
1815,11,-0.929,3.544,-5.179
1815,12,-1.488,2.517,-8.858
1816,1,0.410,4.143,-8.83
1816,2,-2.803,3.539,-11.963
1816,3,-2.419,4.058,-8.899
1816,4,-0.620,2.522,-3.19
1816,5,-2.091,2.156,1.369
1816,6,-0.927,2.552,7.503
1816,7,-0.613,2.572,9.967
1816,8,-1.536,2.134,8.174
1816,9,-0.921,2.160,4.669
1816,10,-2.482,6.958,-1.832
1816,11,-1.334,6.731,-5.584
1816,12,-0.218,3.290,-7.588
1817,1,2.538,5.178,-6.702
1817,2,2.443,5.018,-6.717
1817,3,-1.283,3.299,-7.763
1817,4,-0.661,2.727,-3.231
1817,5,-0.388,2.487,3.072
1817,6,-1.320,2.141,7.11
1817,7,-0.876,3.560,9.704
1817,8,-1.616,2.148,8.094
1817,9,-0.389,3.913,5.201
1817,10,-3.299,4.593,-2.649
1817,11,-0.090,2.513,-4.34
1817,12,-4.397,4.498,-11.767
1818,1,0.666,2.710,-8.574
1818,2,-1.764,2.540,-10.924
1818,3,-0.189,2.658,-6.669
1818,4,-2.005,1.816,-4.575
1818,5,-0.099,6.916,3.361
1818,6,1.147,7.299,9.577
1818,7,1.621,2.688,12.201
1818,8,-1.875,2.703,7.835
1818,9,0.071,2.409,5.661
1818,10,0.293,5.496,0.943
1818,11,0.105,3.662,-4.145
1818,12,2.650,2.624,-4.72
1819,1,2.659,3.297,-6.581
1819,2,-0.292,4.925,-9.452
1819,3,-0.819,7.365,-7.299
1819,4,-0.601,2.427,-3.171
1819,5,-0.062,3.123,3.398
1819,6,1.158,4.695,9.588
1819,7,2.481,2.421,13.061
1819,8,2.221,3.141,11.931
1819,9,0.785,3.076,6.375
1819,10,-2.476,2.457,-1.826
1819,11,-2.636,2.074,-6.886
1819,12,-3.791,3.102,-11.161
1820,1,-4.640,3.641,-13.88
1820,2,0.826,3.618,-8.334
1820,3,-0.435,2.649,-6.915
1820,4,0.704,2.368,-1.866
1820,5,0.716,2.076,4.176
1820,6,0.632,1.812,9.062
1820,7,0.968,1.807,11.548
1820,8,-0.863,2.504,8.847
1820,9,-0.285,2.494,5.305
1820,10,-2.002,2.369,-1.352
1820,11,-2.033,1.916,-6.283
1820,12,-3.048,2.052,-10.418
1821,1,-2.029,3.329,-11.269
1821,2,1.244,4.767,-7.916
1821,3,-0.171,3.155,-6.651
1821,4,0.997,2.032,-1.573
1821,5,0.214,2.819,3.674
1821,6,-2.267,3.628,6.163
1821,7,-1.254,3.559,9.326
1821,8,-1.435,2.096,8.275
1821,9,-0.502,2.698,5.088
1821,10,1.266,1.957,1.916
1821,11,-1.364,2.870,-5.614
1821,12,0.395,2.055,-6.975
1822,1,0.481,2.930,-8.759
1822,2,4.209,2.021,-4.951
1822,3,3.016,3.428,-3.464
1822,4,1.526,2.507,-1.044
1822,5,1.103,1.738,4.563
1822,6,-0.471,1.669,7.959
1822,7,-0.167,1.641,10.413
1822,8,0.780,1.837,10.49
1822,9,-1.291,2.369,4.299
1822,10,-1.087,2.388,-0.437
1822,11,-0.053,2.317,-4.303
1822,12,0.612,2.702,-6.758
1823,1,-4.159,2.064,-13.399
1823,2,-2.061,2.040,-11.221
1823,3,0.848,2.202,-5.632
1823,4,0.075,2.895,-2.495
1823,5,-0.382,2.316,3.078
1823,6,0.167,1.965,8.597
1823,7,0.375,1.602,10.955
1823,8,0.544,1.613,10.254
1823,9,-0.836,1.855,4.754
1823,10,0.646,2.317,1.296
1823,11,-0.478,3.233,-4.728
1823,12,-0.368,1.748,-7.738
1824,1,1.994,1.736,-7.246
1824,2,2.133,3.562,-7.027
1824,3,-0.168,1.643,-6.648
1824,4,0.766,1.827,-1.804
1824,5,-0.497,1.913,2.963
1824,6,1.323,3.098,9.753
1824,7,0.309,2.698,10.889
1824,8,-0.029,2.111,9.681
1824,9,0.783,3.765,6.373
1824,10,-2.418,1.582,-1.768
1824,11,-2.364,1.895,-6.614
1824,12,-1.122,2.692,-8.492
1825,1,2.741,2.897,-6.499
1825,2,0.909,1.523,-8.251
1825,3,0.163,2.127,-6.317
1825,4,1.188,1.851,-1.382
1825,5,0.343,1.922,3.803
1825,6,-0.066,1.842,8.364
1825,7,-0.494,3.089,10.086
1825,8,-0.062,3.205,9.648
1825,9,-0.577,3.089,5.013
1825,10,-0.125,2.041,0.525
1825,11,-0.707,3.246,-4.957
1825,12,0.288,1.926,-7.082
1826,1,-0.085,1.812,-9.325
1826,2,3.631,1.857,-5.529
1826,3,2.007,1.920,-4.473
1826,4,0.500,2.409,-2.07
1826,5,1.731,1.617,5.191
1826,6,1.728,2.158,10.158
1826,7,2.813,2.478,13.393
1826,8,1.212,2.367,10.922
1826,9,-0.772,1.798,4.818
1826,10,0.487,1.940,1.137
1826,11,0.245,1.704,-4.005
1826,12,1.534,2.345,-5.836
1827,1,-1.937,3.729,-11.177
1827,2,-2.682,2.489,-11.842
1827,3,-0.162,2.722,-6.642
1827,4,1.260,2.858,-1.31
1827,5,2.295,2.423,5.755
1827,6,1.600,2.588,10.03
1827,7,-0.953,1.677,9.627
1827,8,-0.748,2.952,8.962
1827,9,0.694,1.865,6.284
1827,10,-1.305,1.931,-0.655
1827,11,-1.993,2.045,-6.243
1827,12,1.030,2.688,-6.34
1828,1,-1.167,1.882,-10.407
1828,2,-1.426,2.497,-10.586
1828,3,0.079,2.233,-6.401
1828,4,-0.148,3.041,-2.718
1828,5,1.564,2.527,5.024
1828,6,1.462,2.215,9.892
1828,7,1.387,2.050,11.967
1828,8,-0.124,1.666,9.586
1828,9,-1.177,1.596,4.413
1828,10,0.100,2.033,0.75
1828,11,-0.637,1.866,-4.887
1828,12,-0.437,3.389,-7.807
1829,1,-1.906,2.455,-11.146
1829,2,-2.542,2.533,-11.702
1829,3,-1.780,1.699,-8.26
1829,4,-1.698,1.845,-4.268
1829,5,0.161,2.444,3.621
1829,6,0.727,2.103,9.157
1829,7,1.025,1.882,11.605
1829,8,-1.046,1.787,8.664
1829,9,-0.353,1.642,5.237
1829,10,-1.882,1.685,-1.232
1829,11,-2.770,2.058,-7.02
1829,12,-1.695,2.201,-9.065
1830,1,-0.531,2.458,-9.771
1830,2,-1.479,2.589,-10.639
1830,3,0.919,1.715,-5.561
1830,4,0.357,1.712,-2.213
1830,5,-0.327,1.789,3.133
1830,6,0.202,2.499,8.632
1830,7,0.973,2.559,11.553
1830,8,-1.534,2.416,8.176
1830,9,-0.343,1.696,5.247
1830,10,-0.506,1.362,0.144
1830,11,-0.156,3.525,-4.406
1830,12,-2.858,2.423,-10.228
1831,1,-2.453,3.437,-11.693
1831,2,-0.857,6.449,-10.017
1831,3,-1.147,2.529,-7.627
1831,4,0.375,1.639,-2.195
1831,5,0.348,2.683,3.808
1831,6,2.227,3.801,10.657
1831,7,2.176,1.955,12.756
1831,8,1.487,2.264,11.197
1831,9,-0.893,2.002,4.697
1831,10,0.239,1.755,0.889
1831,11,-1.990,2.059,-6.24
1831,12,0.613,4.042,-6.757
1832,1,1.625,2.711,-7.615
1832,2,2.234,3.045,-6.926
1832,3,1.594,2.215,-4.886
1832,4,2.017,2.080,-0.553
1832,5,-1.042,2.469,2.418
1832,6,1.469,2.907,9.899
1832,7,-1.470,3.047,9.11
1832,8,-0.926,2.961,8.784
1832,9,-2.100,2.076,3.49
1832,10,0.863,1.823,1.513
1832,11,-0.328,2.208,-4.578
1832,12,0.858,2.405,-6.512
1833,1,1.748,3.270,-7.492
1833,2,0.299,1.887,-8.861
1833,3,-1.420,2.959,-7.9
1833,4,-0.630,1.643,-3.2
1833,5,1.106,2.063,4.566
1833,6,0.439,2.121,8.869
1833,7,0.649,2.275,11.229
1833,8,-2.289,1.893,7.421
1833,9,0.805,1.739,6.395
1833,10,0.529,1.824,1.179
1833,11,0.115,2.908,-4.135
1833,12,-1.886,2.545,-9.256
1834,1,-1.111,2.609,-10.351
1834,2,2.126,1.924,-7.034
1834,3,1.465,1.679,-5.015
1834,4,-0.189,2.276,-2.759
1834,5,0.128,1.430,3.588
1834,6,-0.312,1.742,8.118
1834,7,2.382,1.974,12.962
1834,8,0.942,1.904,10.652
1834,9,-0.097,2.012,5.493
1834,10,-0.683,1.619,-0.033
1834,11,-1.668,1.605,-5.918
1834,12,0.186,1.965,-7.184
1835,1,1.388,1.962,-7.852
1835,2,1.215,2.715,-7.945
1835,3,0.166,2.845,-6.314
1835,4,-1.325,1.865,-3.895
1835,5,-1.769,1.875,1.691
1835,6,-0.456,2.110,7.974
1835,7,-1.077,1.977,9.503
1835,8,-1.723,1.490,7.987
1835,9,0.609,1.870,6.199
1835,10,-0.260,1.947,0.39
1835,11,-1.759,2.706,-6.009
1835,12,-2.173,3.675,-9.543
1836,1,-0.654,2.330,-9.894
1836,2,0.022,1.903,-9.138
1836,3,0.464,1.834,-6.016
1836,4,0.116,2.426,-2.454
1836,5,-1.789,2.006,1.671
1836,6,-1.569,2.004,6.861
1836,7,-1.168,1.621,9.412
1836,8,-2.505,3.327,7.205
1836,9,-2.343,2.429,3.247
1836,10,-0.837,2.906,-0.187
1836,11,-2.425,3.231,-6.675
1836,12,-1.956,1.764,-9.326
1837,1,-1.592,2.775,-10.832
1837,2,2.483,3.000,-6.677
1837,3,-3.146,2.083,-9.626
1837,4,-1.347,1.829,-3.917
1837,5,-1.207,3.064,2.253
1837,6,-1.619,1.982,6.811
1837,7,-1.993,2.416,8.587
1837,8,-0.749,1.909,8.961
1837,9,-0.175,1.979,5.415
1837,10,-0.322,2.281,0.328
1837,11,-0.590,2.310,-4.84
1837,12,0.453,2.602,-6.917
1838,1,-4.684,2.994,-13.924
1838,2,-3.888,2.254,-13.048
1838,3,-2.355,2.925,-8.835
1838,4,-2.201,2.593,-4.771
1838,5,-1.543,1.591,1.917
1838,6,-1.302,1.669,7.128
1838,7,-0.207,1.851,10.373
1838,8,-1.717,1.987,7.993
1838,9,-0.206,2.284,5.384
1838,10,-1.348,2.284,-0.698
1838,11,-2.051,2.551,-6.301
1838,12,0.124,2.097,-7.246
1839,1,-0.362,2.490,-9.602
1839,2,0.875,2.486,-8.285
1839,3,-3.786,2.310,-10.266
1839,4,-2.621,1.893,-5.191
1839,5,-0.571,1.813,2.889
1839,6,-1.241,1.619,7.189
1839,7,0.871,2.054,11.451
1839,8,-1.306,2.189,8.404
1839,9,0.374,1.950,5.964
1839,10,0.981,2.426,1.631
1839,11,-1.430,1.895,-5.68
1839,12,-2.661,2.432,-10.031
1840,1,0.345,2.204,-8.895
1840,2,1.952,1.758,-7.208
1840,3,0.533,2.421,-5.947
1840,4,0.303,1.682,-2.267
1840,5,-2.147,1.912,1.313
1840,6,-1.076,1.691,7.354
1840,7,-1.174,1.645,9.406
1840,8,0.256,2.027,9.966
1840,9,-0.047,1.884,5.543
1840,10,-2.449,1.771,-1.799
1840,11,-0.827,1.948,-5.077
1840,12,-0.981,1.964,-8.351
1841,1,-3.286,2.299,-12.526
1841,2,-0.055,2.425,-9.215
1841,3,1.015,1.851,-5.465
1841,4,0.942,2.852,-1.628
1841,5,0.490,1.588,3.95
1841,6,-0.737,1.772,7.693
1841,7,-1.719,1.822,8.861
1841,8,-0.319,1.585,9.391
1841,9,-0.098,1.604,5.492
1841,10,-2.179,1.822,-1.529
1841,11,-2.394,1.738,-6.644
1841,12,0.307,2.805,-7.063
1842,1,0.638,2.091,-8.602
1842,2,3.621,1.905,-5.539
1842,3,0.298,1.778,-6.182
1842,4,0.073,1.779,-2.497
1842,5,1.374,1.624,4.834
1842,6,-0.325,2.301,8.105
1842,7,-0.247,1.657,10.333
1842,8,1.404,1.720,11.114
1842,9,-0.315,1.711,5.275
1842,10,-1.596,1.578,-0.946
1842,11,-2.536,2.054,-6.786
1842,12,2.145,2.023,-5.225
1843,1,2.083,1.906,-7.157
1843,2,-0.506,1.963,-9.666
1843,3,-1.747,1.774,-8.227
1843,4,-2.172,1.559,-4.742
1843,5,-1.379,1.655,2.081
1843,6,-0.812,1.661,7.618
1843,7,0.100,1.536,10.68
1843,8,0.967,1.617,10.677
1843,9,0.073,1.560,5.663
1843,10,-2.440,1.533,-1.79
1843,11,-0.717,1.817,-4.967
1843,12,2.704,2.588,-4.666
1844,1,-0.523,2.089,-9.763
1844,2,-5.569,1.843,-14.729
1844,3,-1.519,1.862,-7.999
1844,4,0.435,1.806,-2.135
1844,5,0.794,1.416,4.254
1844,6,-1.430,1.508,7
1844,7,-0.507,1.462,10.073
1844,8,0.568,1.567,10.278
1844,9,-0.735,1.501,4.855
1844,10,-0.860,1.470,-0.21
1844,11,-2.464,1.605,-6.714
1844,12,-3.588,2.020,-10.958
1845,1,1.596,2.094,-7.644
1845,2,-5.036,2.435,-14.196
1845,3,-3.464,1.803,-9.944
1845,4,-0.423,1.544,-2.993
1845,5,-0.490,1.596,2.97
1845,6,-0.053,1.558,8.377
1845,7,0.530,1.678,11.11
1845,8,0.465,1.549,10.175
1845,9,-0.662,2.298,4.928
1845,10,-1.699,2.057,-1.049
1845,11,0.701,1.844,-3.549
1845,12,-0.831,2.205,-8.201
1846,1,0.330,4.844,-8.91
1846,2,0.256,2.364,-8.904
1846,3,1.662,1.594,-4.818
1846,4,0.579,2.578,-1.991
1846,5,-0.529,1.529,2.931
1846,6,0.492,2.264,8.922
1846,7,1.042,2.104,11.622
1846,8,3.154,1.484,12.864
1846,9,0.587,1.693,6.177
1846,10,1.677,2.426,2.327
1846,11,0.317,2.140,-3.933
1846,12,-4.004,1.998,-11.374
1847,1,0.598,2.388,-8.642
1847,2,-0.724,1.793,-9.884
1847,3,-0.143,2.249,-6.623
1847,4,-2.149,2.019,-4.719
1847,5,-0.557,1.505,2.903
1847,6,0.634,1.582,9.064
1847,7,0.120,2.009,10.7
1847,8,0.289,1.645,9.999
1847,9,-0.345,1.578,5.245
1847,10,-1.474,1.471,-0.824
1847,11,2.152,1.744,-2.098
1847,12,1.057,2.119,-6.313
1848,1,-1.672,1.676,-10.912
1848,2,0.563,2.036,-8.597
1848,3,0.693,1.474,-5.787
1848,4,0.169,1.445,-2.401
1848,5,0.336,1.899,3.796
1848,6,-0.438,1.719,7.992
1848,7,-1.365,1.634,9.215
1848,8,-0.828,1.485,8.882
1848,9,-0.374,1.404,5.216
1848,10,-1.660,1.565,-1.01
1848,11,-2.427,1.563,-6.677
1848,12,-0.831,1.691,-8.201
1849,1,-2.694,2.295,-11.934
1849,2,1.475,2.281,-7.685
1849,3,-0.022,2.247,-6.502
1849,4,-0.897,1.534,-3.467
1849,5,-0.136,1.286,3.324
1849,6,-2.430,1.867,6
1849,7,0.343,2.190,10.923
1849,8,-0.604,1.648,9.106
1849,9,-0.777,1.317,4.813
1849,10,-2.099,1.310,-1.449
1849,11,-1.179,2.226,-5.429
1849,12,-1.331,1.346,-8.701
1850,1,-3.296,2.424,-12.536
1850,2,1.190,2.489,-7.97
1850,3,-2.477,2.024,-8.957
1850,4,0.707,1.784,-1.863
1850,5,0.104,1.370,3.564
1850,6,-0.616,1.309,7.814
1850,7,0.231,1.602,10.811
1850,8,-0.512,1.401,9.198
1850,9,-0.794,1.297,4.796
1850,10,-1.860,1.689,-1.21
1850,11,-1.440,3.333,-5.69
1850,12,0.813,2.500,-6.557
1851,1,2.029,1.393,-7.211
1851,2,1.124,1.869,-8.036
1851,3,-1.627,1.308,-8.107
1851,4,-0.136,1.536,-2.706
1851,5,-1.110,1.381,2.35
1851,6,-0.637,1.816,7.793
1851,7,0.100,1.335,10.68
1851,8,-1.589,1.324,8.121
1851,9,0.435,1.364,6.025
1851,10,0.929,1.943,1.579
1851,11,-1.880,2.336,-6.13
1851,12,1.941,1.897,-5.429
1852,1,0.226,1.979,-9.014
1852,2,0.245,2.033,-8.915
1852,3,0.154,1.680,-6.326
1852,4,-1.452,1.469,-4.022
1852,5,1.255,2.016,4.715
1852,6,1.865,1.399,10.295
1852,7,1.576,1.238,12.156
1852,8,1.702,1.675,11.412
1852,9,0.258,1.106,5.848
1852,10,-2.808,1.186,-2.158
1852,11,-2.642,1.918,-6.892
1852,12,-0.912,1.735,-8.282
1853,1,1.670,2.647,-7.57
1853,2,-2.648,2.153,-11.808
1853,3,-3.996,1.918,-10.476
1853,4,-0.613,1.533,-3.183
1853,5,0.024,1.337,3.484
1853,6,2.360,1.224,10.79
1853,7,1.560,1.297,12.14
1853,8,-0.329,1.272,9.381
1853,9,0.673,1.362,6.263
1853,10,-0.504,1.708,0.146
1853,11,1.059,1.659,-3.191
1853,12,-0.123,1.557,-7.493
1854,1,-0.949,2.284,-10.189
1854,2,0.697,1.211,-8.463
1854,3,2.476,1.316,-4.004
1854,4,-0.017,1.757,-2.587
1854,5,0.642,1.439,4.102
1854,6,1.187,1.080,9.617
1854,7,1.282,1.436,11.862
1854,8,0.789,1.365,10.499
1854,9,-0.457,1.216,5.133
1854,10,-0.572,1.667,0.078
1854,11,-1.885,1.883,-6.135
1854,12,-0.448,2.989,-7.818
1855,1,-1.091,1.871,-10.331
1855,2,-3.788,1.973,-12.948
1855,3,-2.113,1.450,-8.593
1855,4,-0.077,1.877,-2.647
1855,5,-0.974,1.286,2.486
1855,6,-0.482,1.531,7.948
1855,7,2.125,2.071,12.705
1855,8,-0.596,1.283,9.114
1855,9,-0.883,1.188,4.707
1855,10,-1.835,1.953,-1.185
1855,11,-0.570,1.329,-4.82
1855,12,-3.165,2.035,-10.535
1856,1,-0.391,1.374,-9.631
1856,2,-0.519,1.836,-9.679
1856,3,-0.976,1.677,-7.456
1856,4,-0.057,1.294,-2.627
1856,5,-1.819,1.191,1.641
1856,6,-1.534,1.876,6.896
1856,7,-0.985,1.583,9.595
1856,8,-2.531,1.431,7.179
1856,9,-1.087,1.255,4.503
1856,10,-0.377,1.274,0.273
1856,11,-4.167,1.190,-8.417
1856,12,-2.223,2.100,-9.593
1857,1,-2.705,1.515,-11.945
1857,2,1.653,1.803,-7.507
1857,3,0.203,1.414,-6.277
1857,4,-0.324,1.558,-2.894
1857,5,-0.913,1.372,2.547
1857,6,-1.985,1.447,6.445
1857,7,-0.842,1.552,9.738
1857,8,0.759,1.548,10.469
1857,9,-0.113,1.459,5.477
1857,10,-0.006,1.415,0.644
1857,11,1.218,1.388,-3.032
1857,12,2.442,1.468,-4.928
1858,1,2.541,2.097,-6.699
1858,2,1.119,1.523,-8.041
1858,3,-0.364,1.387,-6.844
1858,4,-0.793,1.892,-3.363
1858,5,-0.411,1.287,3.049
1858,6,0.651,1.267,9.081
1858,7,1.428,1.309,12.008
1858,8,0.870,1.306,10.58
1858,9,1.104,1.370,6.694
1858,10,-0.818,1.294,-0.168
1858,11,-2.275,1.360,-6.525
1858,12,0.276,1.382,-7.094
1859,1,2.607,1.405,-6.633
1859,2,1.769,1.356,-7.391
1859,3,-0.505,1.244,-6.985
1859,4,-1.643,1.336,-4.213
1859,5,0.289,1.421,3.749
1859,6,0.369,1.239,8.799
1859,7,-1.193,1.494,9.387
1859,8,-0.574,1.188,9.136
1859,9,0.594,1.117,6.184
1859,10,-1.706,1.135,-1.056
1859,11,-0.246,1.248,-4.496
1859,12,-1.847,1.754,-9.217
1860,1,-1.242,1.503,-10.482
1860,2,-1.644,1.274,-10.804
1860,3,-1.505,1.967,-7.985
1860,4,-0.329,1.065,-2.899
1860,5,-1.161,1.350,2.299
1860,6,0.185,1.039,8.615
1860,7,-0.636,1.460,9.944
1860,8,0.109,1.219,9.819
1860,9,-1.174,1.107,4.416
1860,10,-1.013,1.623,-0.363
1860,11,-1.442,1.052,-5.692
1860,12,-4.165,1.918,-11.535
1861,1,-1.413,1.978,-10.653
1861,2,1.103,1.725,-8.057
1861,3,0.527,1.949,-5.953
1861,4,-0.602,1.857,-3.172
1861,5,-2.492,1.359,0.968
1861,6,1.246,1.568,9.676
1861,7,1.604,1.074,12.184
1861,8,0.008,1.167,9.718
1861,9,-0.612,1.180,4.978
1861,10,1.458,1.137,2.108
1861,11,-2.526,1.289,-6.776
1861,12,1.526,1.713,-5.844
1862,1,-2.024,2.475,-11.264
1862,2,-1.029,1.766,-10.189
1862,3,-3.279,1.697,-9.759
1862,4,-0.122,2.088,-2.692
1862,5,0.681,1.231,4.141
1862,6,-0.703,1.336,7.727
1862,7,-1.722,1.085,8.858
1862,8,-1.988,1.246,7.722
1862,9,-0.676,1.015,4.914
1862,10,0.054,1.042,0.704
1862,11,1.219,1.605,-3.031
1862,12,-0.210,2.088,-7.58
1863,1,2.285,1.315,-6.955
1863,2,3.376,2.747,-5.784
1863,3,-0.307,1.510,-6.787
1863,4,0.883,1.071,-1.687
1863,5,-1.816,0.971,1.644
1863,6,1.022,1.440,9.452
1863,7,-1.766,1.169,8.814
1863,8,-1.551,1.172,8.159
1863,9,0.515,1.567,6.105
1863,10,0.290,1.082,0.94
1863,11,0.732,1.241,-3.518
1863,12,0.054,2.572,-7.316
1864,1,0.796,1.819,-8.444
1864,2,-0.235,2.222,-9.395
1864,3,-2.165,1.689,-8.645
1864,4,-0.269,2.120,-2.839
1864,5,-2.412,1.342,1.048
1864,6,-1.196,1.378,7.234
1864,7,-0.462,1.639,10.118
1864,8,-2.505,1.520,7.205
1864,9,-0.375,1.266,5.215
1864,10,-3.464,1.333,-2.814
1864,11,-2.681,1.531,-6.931
1864,12,0.735,1.520,-6.635
1865,1,-0.408,1.895,-9.648
1865,2,-2.186,1.187,-11.346
1865,3,-2.391,1.251,-8.871
1865,4,0.475,1.505,-2.095
1865,5,-0.230,1.186,3.23
1865,6,-2.780,1.354,5.65
1865,7,-0.203,1.599,10.377
1865,8,-1.371,1.447,8.339
1865,9,0.142,1.460,5.732
1865,10,-2.547,1.189,-1.897
1865,11,0.513,1.360,-3.737
1865,12,2.503,1.566,-4.867
1866,1,2.608,1.871,-6.632
1866,2,-0.884,2.123,-10.044
1866,3,-3.771,2.189,-10.251
1866,4,-0.035,1.714,-2.605
1866,5,-1.930,1.462,1.53
1866,6,0.676,1.272,9.106
1866,7,-0.961,1.192,9.619
1866,8,0.400,1.430,10.11
1866,9,1.166,1.293,6.756
1866,10,-0.073,1.283,0.577
1866,11,-2.706,1.189,-6.956
1866,12,-2.170,1.362,-9.54
1867,1,-5.145,2.012,-14.385
1867,2,1.757,1.986,-7.403
1867,3,-2.414,1.257,-8.894
1867,4,-2.363,1.183,-4.933
1867,5,-4.281,1.361,-0.821
1867,6,-2.949,1.359,5.481
1867,7,-1.748,1.383,8.832
1867,8,-0.038,1.187,9.672
1867,9,-0.344,1.203,5.246
1867,10,-0.418,1.355,0.232
1867,11,-1.088,1.818,-5.338
1867,12,-3.847,1.953,-11.217
1868,1,-0.627,1.493,-9.867
1868,2,0.787,1.821,-8.373
1868,3,1.049,1.767,-5.431
1868,4,0.136,1.489,-2.434
1868,5,0.768,1.347,4.228
1868,6,-0.264,1.142,8.166
1868,7,0.580,1.118,11.16
1868,8,1.828,1.050,11.538
1868,9,-1.104,1.171,4.486
1868,10,-0.520,1.679,0.13
1868,11,-1.052,1.209,-5.302
1868,12,-0.561,1.987,-7.931
1869,1,2.411,1.850,-6.829
1869,2,2.210,2.380,-6.95
1869,3,-0.789,1.951,-7.269
1869,4,0.583,1.280,-1.987
1869,5,-1.625,1.243,1.835
1869,6,-1.391,1.228,7.039
1869,7,-0.549,1.102,10.031
1869,8,-1.523,1.248,8.187
1869,9,-0.199,1.202,5.391
1869,10,-1.973,1.201,-1.323
1869,11,-1.800,1.315,-6.05
1869,12,-1.300,1.629,-8.67
1870,1,0.601,1.701,-8.639
1870,2,-1.547,1.659,-10.707
1870,3,-0.806,1.231,-7.286
1870,4,0.849,1.219,-1.721
1870,5,-1.013,1.148,2.447
1870,6,-0.042,1.829,8.388
1870,7,0.004,1.337,10.584
1870,8,0.292,1.120,10.002
1870,9,0.151,1.196,5.741
1870,10,-1.996,1.328,-1.346
1870,11,-0.960,1.505,-5.21
1870,12,-2.995,1.540,-10.365
1871,1,-0.885,1.851,-10.125
1871,2,-4.569,1.982,-13.729
1871,3,2.096,1.703,-4.384
1871,4,-2.245,1.152,-4.815
1871,5,-1.747,1.239,1.713
1871,6,-1.591,1.131,6.839
1871,7,-0.226,1.583,10.354
1871,8,-0.662,1.230,9.048
1871,9,-1.582,1.094,4.008
1871,10,-0.459,0.981,0.191
1871,11,-2.934,1.645,-7.184
1871,12,-2.032,1.357,-9.402
1872,1,2.665,1.327,-6.575
1872,2,2.287,1.179,-6.873
1872,3,-0.533,1.751,-7.013
1872,4,0.908,1.305,-1.662
1872,5,-0.629,1.409,2.831
1872,6,1.397,1.284,9.827
1872,7,1.018,1.466,11.598
1872,8,-0.952,1.040,8.758
1872,9,-1.611,1.041,3.979
1872,10,0.624,1.131,1.274
1872,11,0.065,1.102,-4.185
1872,12,-2.797,1.850,-10.167
1873,1,2.081,1.282,-7.159
1873,2,0.770,1.180,-8.39
1873,3,-0.405,1.032,-6.885
1873,4,-1.336,1.149,-3.906
1873,5,-1.919,1.454,1.541
1873,6,0.510,1.136,8.94
1873,7,1.192,1.272,11.772
1873,8,-0.016,0.967,9.694
1873,9,0.190,1.194,5.78
1873,10,-1.495,1.095,-0.845
1873,11,0.162,1.337,-4.088
1873,12,0.885,1.036,-6.485
1874,1,3.501,1.128,-5.739
1874,2,3.111,1.050,-6.049
1874,3,0.453,1.055,-6.027
1874,4,0.551,1.088,-2.019
1874,5,-1.832,1.351,1.628
1874,6,-1.751,1.067,6.679
1874,7,-0.647,0.909,9.933
1874,8,-1.258,1.090,8.452
1874,9,-0.103,1.055,5.487
1874,10,1.755,0.970,2.405
1874,11,-1.616,1.186,-5.866
1874,12,-4.303,1.111,-11.673
1875,1,-3.023,1.101,-12.263
1875,2,-1.231,1.142,-10.391
1875,3,-0.602,1.193,-7.082
1875,4,-0.856,1.152,-3.426
1875,5,0.487,1.069,3.947
1875,6,-0.520,1.130,7.91
1875,7,0.303,0.932,10.883
1875,8,-0.663,1.030,9.047
1875,9,-0.500,1.064,5.09
1875,10,-1.865,1.064,-1.215
1875,11,-2.806,1.596,-7.056
1875,12,-1.065,1.263,-8.435
1876,1,1.539,1.262,-7.701
1876,2,-0.157,1.180,-9.317
1876,3,-1.645,1.076,-8.125
1876,4,-0.677,1.192,-3.247
1876,5,-2.205,1.013,1.255
1876,6,1.309,1.020,9.739
1876,7,0.398,1.020,10.978
1876,8,-0.341,1.027,9.369
1876,9,-0.293,0.912,5.297
1876,10,-0.485,0.875,0.165
1876,11,-3.140,1.284,-7.39
1876,12,-4.039,1.047,-11.409
1877,1,-1.056,1.490,-10.296
1877,2,-2.648,1.361,-11.808
1877,3,-3.381,0.804,-9.861
1877,4,-2.531,0.955,-5.101
1877,5,-2.162,1.053,1.298
1877,6,-1.315,1.173,7.115
1877,7,-0.446,0.951,10.134
1877,8,-1.897,0.999,7.813
1877,9,-2.214,1.167,3.376
1877,10,-1.653,1.035,-1.003
1877,11,2.249,1.111,-2.001
1877,12,1.040,1.303,-6.33
1878,1,0.990,1.365,-8.25
1878,2,2.933,1.260,-6.227
1878,3,-0.064,1.015,-6.544
1878,4,0.830,1.027,-1.74
1878,5,-0.130,1.117,3.33
1878,6,-0.090,1.120,8.34
1878,7,-0.909,0.899,9.671
1878,8,-0.430,0.904,9.28
1878,9,0.813,0.960,6.403
1878,10,1.173,1.002,1.823
1878,11,-1.376,1.064,-5.626
1878,12,-3.420,1.002,-10.79
1879,1,-0.311,1.366,-9.551
1879,2,-2.895,1.009,-12.055
1879,3,-0.807,0.939,-7.287
1879,4,-1.310,0.891,-3.88
1879,5,-0.732,0.887,2.728
1879,6,-1.405,1.111,7.025
1879,7,-0.126,0.876,10.454
1879,8,1.290,0.986,11
1879,9,0.731,0.948,6.321
1879,10,-0.898,1.028,-0.248
1879,11,-2.036,1.018,-6.286
1879,12,-0.350,1.197,-7.72
1880,1,2.604,1.208,-6.636
1880,2,2.503,1.123,-6.657
1880,3,0.665,1.352,-5.815
1880,4,0.277,1.057,-2.293
1880,5,-1.198,1.111,2.262
1880,6,-0.600,1.049,7.83
1880,7,-0.889,1.046,9.691
1880,8,1.396,1.357,11.106
1880,9,1.306,0.930,6.896
1880,10,-4.828,1.437,-4.178
1880,11,-2.617,1.224,-6.867
1880,12,-3.187,1.264,-10.557
1881,1,-3.053,1.275,-12.293
1881,2,-3.986,1.375,-13.146
1881,3,-4.184,1.154,-10.664
1881,4,-3.230,1.136,-5.8
1881,5,-2.225,1.235,1.235
1881,6,-1.613,1.056,6.817
1881,7,-1.167,1.080,9.413
1881,8,-0.995,1.012,8.715
1881,9,-0.180,0.964,5.41
1881,10,-1.516,0.957,-0.866
1881,11,0.594,1.024,-3.656
1881,12,2.000,1.072,-5.37
1882,1,3.707,1.320,-5.533
1882,2,1.863,1.111,-7.297
1882,3,0.480,1.217,-6
1882,4,-0.346,0.984,-2.916
1882,5,-0.247,1.107,3.213
1882,6,-0.291,0.928,8.139
1882,7,0.632,0.919,11.212
1882,8,1.083,1.007,10.793
1882,9,1.373,0.809,6.963
1882,10,0.573,0.860,1.223
1882,11,-3.139,1.115,-7.389
1882,12,-3.504,1.306,-10.874
1883,1,0.517,0.909,-8.723
1883,2,2.952,1.169,-6.208
1883,3,-1.241,0.959,-7.721
1883,4,1.969,0.898,-0.601
1883,5,0.219,0.866,3.679
1883,6,0.994,0.932,9.424
1883,7,0.375,0.925,10.955
1883,8,-0.285,0.809,9.425
1883,9,-0.201,0.833,5.389
1883,10,-0.381,0.941,0.269
1883,11,1.485,0.940,-2.765
1883,12,0.992,1.009,-6.378
1884,1,1.438,0.982,-7.802
1884,2,2.668,0.996,-6.492
1884,3,1.878,1.063,-4.602
1884,4,-0.368,0.859,-2.938
1884,5,-1.831,1.031,1.629
1884,6,-0.740,1.069,7.69
1884,7,-0.262,1.084,10.318
1884,8,0.816,0.949,10.526
1884,9,1.568,0.889,7.158
1884,10,0.485,0.876,1.135
1884,11,-0.678,1.034,-4.928
1884,12,-1.686,1.127,-9.056
1885,1,-0.979,1.093,-10.219
1885,2,2.446,1.051,-6.714
1885,3,-0.004,0.964,-6.484
1885,4,0.282,0.892,-2.288
1885,5,-2.384,0.968,1.076
1885,6,-2.484,0.868,5.946
1885,7,-0.581,0.960,9.999
1885,8,-1.343,0.907,8.367
1885,9,-1.342,0.954,4.248
1885,10,-3.053,1.073,-2.403
1885,11,-1.483,0.953,-5.733
1885,12,-0.350,1.031,-7.72
1886,1,-1.711,1.331,-10.951
1886,2,0.624,1.055,-8.536
1886,3,-0.076,1.293,-6.556
1886,4,0.252,0.909,-2.318
1886,5,-0.833,0.874,2.627
1886,6,-0.241,0.927,8.189
1886,7,-0.242,0.969,10.338
1886,8,-0.195,0.890,9.515
1886,9,-0.668,0.885,4.922
1886,10,0.763,1.079,1.413
1886,11,2.019,0.944,-2.231
1886,12,-3.124,1.081,-10.494
1887,1,3.401,1.201,-5.839
1887,2,3.970,1.233,-5.19
1887,3,0.344,1.008,-6.136
1887,4,-0.491,0.964,-3.061
1887,5,-0.188,1.048,3.272
1887,6,-1.152,1.037,7.278
1887,7,-0.794,0.891,9.786
1887,8,-1.179,0.953,8.531
1887,9,0.310,0.837,5.9
1887,10,-2.368,0.910,-1.718
1887,11,-1.928,1.057,-6.178
1887,12,-3.342,1.006,-10.712
1888,1,1.295,1.160,-7.945
1888,2,-2.714,1.075,-11.874
1888,3,-5.132,0.996,-11.612
1888,4,-2.745,0.961,-5.315
1888,5,-1.567,0.840,1.893
1888,6,-0.964,0.971,7.466
1888,7,-1.010,0.877,9.57
1888,8,-1.253,0.884,8.457
1888,9,-1.063,0.866,4.527
1888,10,-2.613,0.963,-1.963
1888,11,-1.873,1.053,-6.123
1888,12,1.294,0.979,-6.076
1889,1,2.114,0.962,-7.126
1889,2,-1.869,0.922,-11.029
1889,3,-2.375,0.935,-8.855
1889,4,0.123,0.897,-2.447
1889,5,2.565,0.928,6.025
1889,6,2.487,0.965,10.917
1889,7,-0.604,0.926,9.976
1889,8,-0.750,0.832,8.96
1889,9,-0.626,0.857,4.964
1889,10,0.831,0.872,1.481
1889,11,1.921,0.883,-2.329
1889,12,1.379,0.968,-5.991
1890,1,3.078,0.982,-6.162
1890,2,2.501,1.064,-6.659
1890,3,1.348,0.945,-5.132
1890,4,0.480,0.955,-2.09
1890,5,1.506,1.024,4.966
1890,6,-0.399,0.936,8.031
1890,7,-1.370,0.923,9.21
1890,8,-0.340,0.909,9.37
1890,9,0.994,0.842,6.584
1890,10,-1.546,0.840,-0.896
1890,11,-0.372,1.016,-4.622
1890,12,0.185,1.028,-7.185
1891,1,0.051,1.014,-9.189
1891,2,4.240,1.025,-4.92
1891,3,-2.052,1.102,-8.532
1891,4,-0.163,0.895,-2.733
1891,5,-1.095,1.049,2.365
1891,6,-1.744,0.866,6.686
1891,7,0.268,0.937,10.848
1891,8,-1.193,0.926,8.517
1891,9,-0.601,0.884,4.989
1891,10,1.243,0.851,1.893
1891,11,-0.226,0.886,-4.476
1891,12,0.327,0.925,-7.043
1892,1,-2.234,1.164,-11.474
1892,2,-1.387,1.045,-10.547
1892,3,0.338,0.842,-6.142
1892,4,-0.692,0.818,-3.262
1892,5,-2.184,0.910,1.276
1892,6,-2.029,0.979,6.401
1892,7,-1.588,0.838,8.992
1892,8,-1.925,0.861,7.785
1892,9,-0.440,0.829,5.15
1892,10,-1.596,0.904,-0.946
1892,11,1.155,1.057,-3.095
1892,12,-2.705,1.239,-10.075
1893,1,-2.950,1.338,-12.19
1893,2,-4.127,1.508,-13.287
1893,3,-0.740,0.888,-7.22
1893,4,0.004,0.939,-2.566
1893,5,-0.651,0.966,2.809
1893,6,-0.398,0.908,8.032
1893,7,-0.662,0.867,9.918
1893,8,-0.944,0.861,8.766
1893,9,-2.440,0.914,3.15
1893,10,-0.328,0.839,0.322
1893,11,-1.945,0.884,-6.195
1893,12,1.650,1.252,-5.72
1894,1,1.690,1.079,-7.55
1894,2,1.551,1.152,-7.609
1894,3,1.756,1.026,-4.724
1894,4,2.941,0.990,0.371
1894,5,-0.053,1.058,3.407
1894,6,1.657,0.998,10.087
1894,7,1.400,0.893,11.98
1894,8,-0.337,0.821,9.373
1894,9,-1.734,0.809,3.856
1894,10,-2.480,0.882,-1.83
1894,11,1.072,0.915,-3.178
1894,12,0.685,1.013,-6.685
1895,1,-2.635,1.028,-11.875
1895,2,-2.160,0.937,-11.32
1895,3,-1.805,1.083,-8.285
1895,4,0.144,0.965,-2.426
1895,5,1.788,0.948,5.248
1895,6,0.560,0.868,8.99
1895,7,-0.734,0.839,9.846
1895,8,-0.570,0.851,9.14
1895,9,-0.098,0.848,5.492
1895,10,-1.894,0.875,-1.244
1895,11,0.372,0.913,-3.878
1895,12,-0.085,0.922,-7.455
1896,1,1.214,1.112,-8.026
1896,2,3.180,0.965,-5.98
1896,3,0.409,0.874,-6.071
1896,4,0.736,0.893,-1.834
1896,5,-0.049,0.821,3.411
1896,6,0.346,0.841,8.776
1896,7,1.087,0.938,11.667
1896,8,-0.841,0.790,8.869
1896,9,0.245,0.800,5.835
1896,10,-1.348,0.786,-0.698
1896,11,-1.205,0.800,-5.455
1896,12,-0.347,0.940,-7.717
1897,1,-0.627,0.918,-9.867
1897,2,-0.505,0.899,-9.665
1897,3,-1.637,0.987,-8.117
1897,4,1.351,0.802,-1.219
1897,5,1.244,0.800,4.704
1897,6,-0.593,0.813,7.837
1897,7,0.152,1.003,10.732
1897,8,0.490,0.814,10.2
1897,9,-0.135,0.822,5.455
1897,10,0.562,0.923,1.212
1897,11,-0.310,1.023,-4.56
1897,12,1.034,0.854,-6.336
1898,1,3.817,0.894,-5.423
1898,2,-0.060,0.872,-9.22
1898,3,-1.194,0.884,-7.674
1898,4,-0.138,0.885,-2.708
1898,5,-0.405,0.805,3.055
1898,6,-0.110,0.864,8.32
1898,7,-1.121,0.766,9.459
1898,8,-0.913,0.820,8.797
1898,9,0.485,0.781,6.075
1898,10,-0.394,0.540,0.256
1898,11,-0.635,0.681,-4.885
1898,12,-0.740,0.589,-8.11
1899,1,-1.035,0.839,-10.275
1899,2,0.043,0.796,-9.117
1899,3,-3.438,0.862,-9.918
1899,4,-2.074,0.807,-4.644
1899,5,-2.532,0.632,0.928
1899,6,-0.337,0.736,8.093
1899,7,1.396,0.915,11.976
1899,8,-1.451,0.785,8.259
1899,9,-0.246,0.604,5.344
1899,10,-1.349,0.599,-0.699
1899,11,1.620,0.597,-2.63
1899,12,-1.445,0.707,-8.815
1900,1,0.661,1.013,-8.579
1900,2,-4.829,1.058,-13.989
1900,3,-1.300,1.130,-7.78
1900,4,-1.153,0.534,-3.723
1900,5,-1.881,0.664,1.579
1900,6,0.261,0.789,8.691
1900,7,-1.780,0.631,8.8
1900,8,-0.802,0.646,8.908
1900,9,-1.149,0.563,4.441
1900,10,-1.070,0.590,-0.42
1900,11,0.235,0.932,-4.015
1900,12,-1.094,0.844,-8.464
1901,1,1.740,0.933,-7.5
1901,2,-2.628,1.040,-11.788
1901,3,-0.873,0.695,-7.353
1901,4,0.809,0.549,-1.761
1901,5,0.191,0.571,3.651
1901,6,0.549,0.663,8.979
1901,7,2.519,0.605,13.099
1901,8,0.365,0.523,10.075
1901,9,1.477,0.608,7.067
1901,10,2.218,0.630,2.868
1901,11,-2.294,1.013,-6.544
1901,12,-2.441,0.830,-9.811
1902,1,0.558,0.744,-8.682
1902,2,-1.423,0.875,-10.583
1902,3,-1.679,0.736,-8.159
1902,4,-0.608,0.695,-3.178
1902,5,-1.900,0.510,1.56
1902,6,-1.598,0.612,6.832
1902,7,-2.629,0.571,7.951
1902,8,-1.987,0.555,7.723
1902,9,-1.970,0.529,3.62
1902,10,-2.440,0.491,-1.79
1902,11,-0.823,0.776,-5.073
1902,12,-0.790,1.040,-8.16
1903,1,0.104,0.705,-9.136
1903,2,2.916,0.717,-6.244
1903,3,2.822,0.743,-3.658
1903,4,-0.316,0.733,-2.886
1903,5,-0.344,0.537,3.116
1903,6,-1.018,0.712,7.412
1903,7,-1.482,0.547,9.098
1903,8,-1.121,0.530,8.589
1903,9,0.064,0.652,5.654
1903,10,-2.726,0.550,-2.076
1903,11,-0.454,0.585,-4.704
1903,12,0.812,0.693,-6.558
1904,1,3.104,0.632,-6.136
1904,2,-1.947,1.031,-11.107
1904,3,-0.075,0.638,-6.555
1904,4,1.208,0.533,-1.362
1904,5,-1.238,0.558,2.222
1904,6,-0.819,0.538,7.611
1904,7,-0.860,0.552,9.72
1904,8,-0.955,0.592,8.755
1904,9,0.152,0.552,5.742
1904,10,0.446,0.579,1.096
1904,11,-2.849,0.797,-7.099
1904,12,-1.948,1.038,-9.318
1905,1,-0.136,1.254,-9.376
1905,2,0.960,0.689,-8.2
1905,3,1.136,0.601,-5.344
1905,4,-1.192,0.569,-3.762
1905,5,-0.129,0.645,3.331
1905,6,0.833,0.893,9.263
1905,7,0.210,0.578,10.79
1905,8,-0.660,0.535,9.05
1905,9,-0.417,0.566,5.173
1905,10,-3.333,0.535,-2.683
1905,11,-1.457,0.671,-5.707
1905,12,2.158,0.505,-5.212
1906,1,2.065,0.632,-7.175
1906,2,1.412,0.748,-7.748
1906,3,-1.371,0.761,-7.851
1906,4,0.580,0.484,-1.99
1906,5,-0.129,0.579,3.331
1906,6,-0.136,0.673,8.294
1906,7,-0.231,0.498,10.349
1906,8,-1.247,0.667,8.463
1906,9,0.074,0.498,5.664
1906,10,0.086,0.483,0.736
1906,11,1.228,0.715,-3.022
1906,12,-0.868,0.833,-8.238
1907,1,0.140,0.902,-9.1
1907,2,1.863,0.715,-7.297
1907,3,2.038,0.745,-4.442
1907,4,1.075,0.732,-1.495
1907,5,-1.720,0.710,1.74
1907,6,0.006,0.498,8.436
1907,7,-1.203,0.522,9.377
1907,8,-2.354,0.477,7.356
1907,9,-1.217,0.591,4.373
1907,10,2.078,0.522,2.728
1907,11,1.808,0.567,-2.442
1907,12,-1.233,0.708,-8.603
1908,1,1.426,0.816,-7.814
1908,2,1.500,0.625,-7.66
1908,3,-0.369,0.599,-6.849
1908,4,-0.244,0.940,-2.814
1908,5,-1.164,0.582,2.296
1908,6,-0.937,0.581,7.493
1908,7,-0.139,0.521,10.441
1908,8,-0.225,0.500,9.485
1908,9,-0.381,0.548,5.209
1908,10,1.020,0.655,1.67
1908,11,-2.232,1.082,-6.482
1908,12,0.881,0.764,-6.489
1909,1,3.085,0.960,-6.155
1909,2,0.308,0.783,-8.852
1909,3,-2.622,0.806,-9.102
1909,4,-1.164,0.569,-3.734
1909,5,-2.387,0.527,1.073
1909,6,-0.960,0.801,7.47
1909,7,-0.814,0.554,9.766
1909,8,-0.972,0.552,8.738
1909,9,-0.430,0.525,5.16
1909,10,0.703,0.516,1.353
1909,11,-2.388,0.592,-6.638
1909,12,-1.316,0.637,-8.686
1910,1,0.183,0.648,-9.057
1910,2,3.920,0.671,-5.24
1910,3,2.033,0.871,-4.447
1910,4,0.087,0.661,-2.483
1910,5,0.750,0.516,4.21
1910,6,-0.173,0.562,8.257
1910,7,-0.597,0.628,9.983
1910,8,-0.386,0.595,9.324
1910,9,-0.293,0.661,5.297
1910,10,-0.960,0.832,-0.31
1910,11,-2.080,0.806,-6.33
1910,12,0.044,0.658,-7.326
1911,1,2.134,0.923,-7.106
1911,2,1.212,0.649,-7.948
1911,3,0.743,1.091,-5.737
1911,4,0.035,0.714,-2.535
1911,5,1.585,0.733,5.045
1911,6,-0.932,0.614,7.498
1911,7,-0.438,0.666,10.142
1911,8,0.493,0.519,10.203
1911,9,0.485,0.522,6.075
1911,10,-2.308,0.559,-1.658
1911,11,-0.794,0.607,-5.044
1911,12,2.261,0.835,-5.109
1912,1,-2.299,1.265,-11.539
1912,2,-1.948,0.977,-11.108
1912,3,0.867,0.557,-5.613
1912,4,-0.787,0.768,-3.357
1912,5,-0.994,0.513,2.466
1912,6,0.169,0.487,8.599
1912,7,0.666,0.447,11.246
1912,8,-0.429,0.442,9.281
1912,9,-1.712,0.411,3.878
1912,10,-1.767,0.434,-1.117
1912,11,-0.778,0.487,-5.028
1912,12,1.266,0.480,-6.104
1913,1,-0.687,0.606,-9.927
1913,2,1.987,0.616,-7.173
1913,3,0.970,0.485,-5.51
1913,4,1.203,0.583,-1.367
1913,5,0.053,0.535,3.513
1913,6,-0.942,0.544,7.488
1913,7,0.426,0.479,11.006
1913,8,-0.321,0.481,9.389
1913,9,0.196,0.478,5.786
1913,10,-0.943,0.442,-0.293
1913,11,2.203,0.519,-2.047
1913,12,-0.759,0.672,-8.129
1914,1,-0.377,1.101,-9.617
1914,2,2.685,0.963,-6.475
1914,3,-0.460,0.641,-6.94
1914,4,1.387,0.543,-1.183
1914,5,-1.157,0.547,2.303
1914,6,0.015,0.484,8.445
1914,7,2.107,0.501,12.687
1914,8,0.190,0.414,9.9
1914,9,-0.106,0.446,5.484
1914,10,-0.261,0.458,0.389
1914,11,-0.493,0.488,-4.743
1914,12,0.831,0.743,-6.539
1915,1,-0.590,0.528,-9.83
1915,2,0.473,0.587,-8.687
1915,3,-2.611,0.579,-9.091
1915,4,0.247,0.461,-2.323
1915,5,-2.460,0.688,1
1915,6,-2.188,0.497,6.242
1915,7,-0.096,0.659,10.484
1915,8,-0.486,0.428,9.224
1915,9,-1.502,0.453,4.088
1915,10,-1.619,0.510,-0.969
1915,11,-2.675,0.807,-6.925
1915,12,-6.843,0.881,-14.213
1916,1,0.994,1.076,-8.246
1916,2,1.081,0.558,-8.079
1916,3,-2.276,0.508,-8.756
1916,4,-0.130,0.458,-2.7
1916,5,-1.154,0.456,2.306
1916,6,-0.826,0.520,7.604
1916,7,1.062,0.520,11.642
1916,8,-1.083,0.430,8.627
1916,9,-1.271,0.418,4.319
1916,10,-2.325,0.542,-1.675
1916,11,0.984,0.853,-3.266
1916,12,-0.926,0.748,-8.296
1917,1,-3.864,1.258,-13.104
1917,2,-1.010,0.791,-10.17
1917,3,-2.986,0.779,-9.466
1917,4,-2.761,0.760,-5.331
1917,5,-2.344,0.444,1.116
1917,6,0.483,0.482,8.913
1917,7,-1.281,0.450,9.299
1917,8,1.419,0.448,11.129
1917,9,-0.588,0.418,5.002
1917,10,-0.882,0.422,-0.232
1917,11,-0.637,0.528,-4.887
1917,12,-1.844,0.596,-9.214
1918,1,-3.568,1.015,-12.808
1918,2,1.020,0.580,-8.14
1918,3,0.816,0.663,-5.664
1918,4,0.905,0.547,-1.665
1918,5,0.308,0.431,3.768
1918,6,-1.096,0.503,7.334
1918,7,0.793,0.441,11.373
1918,8,-0.814,0.422,8.896
1918,9,-1.261,0.440,4.329
1918,10,0.439,0.431,1.089
1918,11,2.006,0.473,-2.244
1918,12,0.208,1.102,-7.162
1919,1,2.382,0.938,-6.858
1919,2,-2.285,0.784,-11.445
1919,3,-2.062,0.715,-8.542
1919,4,-1.313,0.762,-3.883
1919,5,1.688,0.480,5.148
1919,6,0.099,0.491,8.529
1919,7,0.569,0.612,11.149
1919,8,-1.837,0.488,7.873
1919,9,-0.383,0.508,5.207
1919,10,-1.460,0.525,-0.81
1919,11,-4.026,0.646,-8.276
1919,12,-2.846,0.836,-10.216
1920,1,0.893,0.494,-8.347
1920,2,3.092,0.625,-6.068
1920,3,4.114,0.570,-2.366
1920,4,0.969,0.625,-1.601
1920,5,1.032,0.419,4.492
1920,6,-0.277,0.570,8.153
1920,7,-0.070,0.459,10.51
1920,8,-0.851,0.504,8.859
1920,9,0.535,0.486,6.125
1920,10,-0.231,0.515,0.419
1920,11,1.608,0.470,-2.642
1920,12,0.622,0.487,-6.748
1921,1,0.526,0.553,-8.714
1921,2,1.514,0.621,-7.646
1921,3,2.303,0.472,-4.177
1921,4,2.672,0.498,0.102
1921,5,0.408,0.588,3.868
1921,6,-1.406,0.539,7.024
1921,7,-1.141,0.514,9.439
1921,8,-0.917,0.443,8.793
1921,9,-1.053,0.440,4.537
1921,10,-0.816,0.476,-0.166
1921,11,-1.927,0.496,-6.177
1921,12,1.003,0.674,-6.367
1922,1,-0.127,1.023,-9.367
1922,2,0.431,0.503,-8.729
1922,3,-0.746,0.525,-7.226
1922,4,-0.866,0.536,-3.436
1922,5,-0.297,0.443,3.163
1922,6,-0.174,0.454,8.256
1922,7,0.468,0.440,11.048
1922,8,-0.586,0.453,9.124
1922,9,-0.151,0.471,5.439
1922,10,-1.318,0.563,-0.668
1922,11,0.401,0.587,-3.849
1922,12,0.336,0.517,-7.034
1923,1,3.051,0.406,-6.189
1923,2,-0.611,0.592,-9.771
1923,3,1.897,0.633,-4.583
1923,4,-0.625,0.593,-3.195
1923,5,-1.560,0.444,1.9
1923,6,-3.371,0.491,5.059
1923,7,-0.103,0.438,10.477
1923,8,-1.404,0.420,8.306
1923,9,-0.344,0.437,5.246
1923,10,-0.001,0.400,0.649
1923,11,-1.209,0.529,-5.459
1923,12,-1.375,0.578,-8.745
1924,1,1.599,0.537,-7.641
1924,2,-0.635,0.735,-9.795
1924,3,-2.802,0.447,-9.282
1924,4,-1.269,0.455,-3.839
1924,5,-0.942,0.461,2.518
1924,6,-1.797,0.450,6.633
1924,7,0.556,0.419,11.136
1924,8,0.647,0.445,10.357
1924,9,0.797,0.444,6.387
1924,10,1.500,0.457,2.15
1924,11,1.397,0.493,-2.853
1924,12,3.857,0.486,-3.513
1925,1,4.631,0.476,-4.609
1925,2,2.810,0.459,-6.35
1925,3,-1.389,0.725,-7.869
1925,4,0.828,0.506,-1.742
1925,5,-0.113,0.437,3.347
1925,6,-0.263,0.551,8.167
1925,7,2.387,0.456,12.967
1925,8,0.444,0.510,10.154
1925,9,0.297,0.498,5.887
1925,10,-2.204,0.405,-1.554
1925,11,-2.677,0.528,-6.927
1925,12,-3.215,0.580,-10.585
1926,1,0.493,0.547,-8.747
1926,2,-0.157,0.508,-9.317
1926,3,0.778,0.412,-5.702
1926,4,1.153,0.499,-1.417
1926,5,-1.090,0.444,2.37
1926,6,-0.204,0.448,8.226
1926,7,0.175,0.452,10.755
1926,8,-0.152,0.451,9.558
1926,9,-0.146,0.418,5.444
1926,10,-3.489,0.543,-2.839
1926,11,0.539,0.519,-3.711
1926,12,-0.636,0.469,-8.006
1927,1,1.173,0.523,-8.067
1927,2,2.319,0.665,-6.841
1927,3,1.100,0.478,-5.38
1927,4,-1.584,0.541,-4.154
1927,5,-2.467,0.429,0.993
1927,6,-1.882,0.438,6.548
1927,7,1.993,0.451,12.573
1927,8,1.032,0.394,10.742
1927,9,-0.543,0.423,5.047
1927,10,-1.548,0.459,-0.898
1927,11,-2.309,0.526,-6.559
1927,12,-3.038,0.475,-10.408
1928,1,1.544,0.523,-7.696
1928,2,2.125,0.424,-7.035
1928,3,0.499,0.579,-5.981
1928,4,0.518,0.538,-2.052
1928,5,-0.813,0.455,2.647
1928,6,-2.267,0.440,6.163
1928,7,-2.136,0.466,8.444
1928,8,-0.825,0.418,8.885
1928,9,-0.551,0.462,5.039
1928,10,-1.212,0.436,-0.562
1928,11,-0.311,0.479,-4.561
1928,12,-0.079,0.459,-7.449
1929,1,-1.276,0.651,-10.516
1929,2,-1.132,0.600,-10.292
1929,3,1.214,1.005,-5.266
1929,4,-2.850,0.685,-5.42
1929,5,-0.389,0.469,3.071
1929,6,-1.622,0.439,6.808
1929,7,-1.558,0.409,9.022
1929,8,-1.589,0.381,8.121
1929,9,0.256,0.424,5.846
1929,10,-0.427,0.475,0.223
1929,11,1.437,0.440,-2.813
1929,12,4.493,0.623,-2.877
1930,1,4.171,0.531,-5.069
1930,2,2.356,0.456,-6.804
1930,3,-0.225,0.596,-6.705
1930,4,2.103,0.492,-0.467
1930,5,0.959,0.424,4.419
1930,6,0.668,0.411,9.098
1930,7,1.568,0.429,12.148
1930,8,1.392,0.406,11.102
1930,9,-0.598,0.396,4.992
1930,10,0.168,0.352,0.818
1930,11,0.463,0.403,-3.787
1930,12,2.769,0.743,-4.601
1931,1,0.012,0.480,-9.228
1931,2,1.017,0.503,-8.143
1931,3,-2.080,0.410,-8.56
1931,4,0.201,0.430,-2.369
1931,5,0.159,0.379,3.619
1931,6,-2.547,0.352,5.883
1931,7,0.678,0.405,11.258
1931,8,-0.912,0.381,8.798
1931,9,-1.813,0.381,3.777
1931,10,-1.224,0.415,-0.574
1931,11,3.474,0.592,-0.776
1931,12,1.468,0.543,-5.902
1932,1,4.012,0.557,-5.228
1932,2,3.689,0.596,-5.471
1932,3,-0.249,0.434,-6.729
1932,4,-0.300,0.351,-2.87
1932,5,-0.344,0.353,3.116
1932,6,-1.168,0.382,7.262
1932,7,0.422,0.387,11.002
1932,8,-0.085,0.371,9.625
1932,9,-0.906,0.349,4.684
1932,10,-1.873,0.392,-1.223
1932,11,0.278,0.620,-3.972
1932,12,3.648,0.422,-3.722
1933,1,4.479,0.432,-4.761
1933,2,0.738,0.471,-8.422
1933,3,0.477,0.390,-6.003
1933,4,-0.645,0.258,-3.215
1933,5,-0.123,0.296,3.337
1933,6,2.117,0.320,10.547
1933,7,1.103,0.395,11.683
1933,8,0.051,0.269,9.761
1933,9,1.282,0.365,6.872
1933,10,-0.055,0.410,0.595
1933,11,-0.568,0.444,-4.818
1933,12,1.057,0.591,-6.313
1934,1,5.052,0.493,-4.188
1934,2,3.056,0.461,-6.104
1934,3,1.982,0.444,-4.498
1934,4,-0.341,0.319,-2.911
1934,5,0.473,0.317,3.933
1934,6,-0.489,0.335,7.941
1934,7,1.554,0.380,12.134
1934,8,1.393,0.317,11.103
1934,9,2.806,0.424,8.396
1934,10,0.814,0.400,1.464
1934,11,0.979,0.510,-3.271
1934,12,3.210,0.492,-4.16
1935,1,1.341,0.460,-7.899
1935,2,1.884,0.389,-7.276
1935,3,0.196,0.547,-6.284
1935,4,-0.074,0.381,-2.644
1935,5,-2.006,0.312,1.454
1935,6,-0.551,0.379,7.879
1935,7,-0.170,0.395,10.41
1935,8,0.297,0.321,10.007
1935,9,-0.854,0.335,4.736
1935,10,0.172,0.437,0.822
1935,11,3.006,0.486,-1.244
1935,12,1.431,0.464,-5.939
1936,1,0.800,0.425,-8.44
1936,2,-1.382,0.375,-10.542
1936,3,-0.821,0.364,-7.301
1936,4,-0.362,0.317,-2.932
1936,5,1.480,0.396,4.94
1936,6,1.490,0.419,9.92
1936,7,0.770,0.353,11.35
1936,8,0.517,0.296,10.227
1936,9,-0.203,0.286,5.387
1936,10,-0.861,0.328,-0.211
1936,11,1.661,0.320,-2.589
1936,12,3.658,0.406,-3.712
1937,1,3.617,0.434,-5.623
1937,2,-1.430,0.346,-10.59
1937,3,-1.256,0.427,-7.736
1937,4,2.965,0.363,0.395
1937,5,1.959,0.307,5.419
1937,6,0.132,0.317,8.562
1937,7,2.316,0.317,12.896
1937,8,2.400,0.243,12.11
1937,9,0.291,0.294,5.881
1937,10,2.042,0.464,2.692
1937,11,0.224,0.301,-4.026
1937,12,-1.043,0.389,-8.413
1938,1,2.812,0.442,-6.428
1938,2,4.681,0.490,-4.479
1938,3,3.186,0.456,-3.294
1938,4,0.641,0.377,-1.929
1938,5,-0.573,0.329,2.887
1938,6,-0.676,0.336,7.754
1938,7,1.154,0.333,11.734
1938,8,0.905,0.281,10.615
1938,9,1.423,0.262,7.013
1938,10,2.257,0.310,2.907
1938,11,3.212,0.341,-1.038
1938,12,2.953,0.468,-4.417
1939,1,0.597,0.334,-8.643
1939,2,4.084,0.434,-5.076
1939,3,0.897,0.390,-5.583
1939,4,-0.214,0.346,-2.784
1939,5,-0.290,0.309,3.17
1939,6,-0.790,0.332,7.64
1939,7,0.414,0.322,10.994
1939,8,1.780,0.254,11.49
1939,9,0.233,0.279,5.823
1939,10,-1.351,0.359,-0.701
1939,11,1.431,0.327,-2.819
1939,12,-1.628,0.398,-8.998
1940,1,-1.505,0.470,-10.745
1940,2,-3.354,0.577,-12.514
1940,3,-2.837,0.364,-9.317
1940,4,-1.420,0.316,-3.99
1940,5,1.945,0.330,5.405
1940,6,0.708,0.360,9.138
1940,7,-0.551,0.293,10.029
1940,8,-1.199,0.251,8.511
1940,9,-0.324,0.301,5.266
1940,10,0.093,0.414,0.743
1940,11,0.118,0.403,-4.132
1940,12,-0.026,0.468,-7.396
1941,1,-4.114,0.660,-13.354
1941,2,-2.031,0.438,-11.191
1941,3,-1.331,0.362,-7.811
1941,4,-1.656,0.268,-4.226
1941,5,-1.323,0.270,2.137
1941,6,-0.678,0.319,7.752
1941,7,2.387,0.279,12.967
1941,8,-0.450,0.267,9.26
1941,9,-0.198,0.324,5.392
1941,10,-1.759,0.344,-1.109
1941,11,0.331,0.404,-3.919
1941,12,-0.880,0.382,-8.25
1942,1,-3.701,0.479,-12.941
1942,2,-2.071,0.531,-11.231
1942,3,-3.906,0.406,-10.386
1942,4,-0.149,0.339,-2.719
1942,5,-1.231,0.367,2.229
1942,6,-1.369,0.354,7.061
1942,7,-0.627,0.350,9.953
1942,8,-0.181,0.318,9.529
1942,9,-0.262,0.339,5.328
1942,10,-0.368,0.324,0.282
1942,11,0.824,0.367,-3.426
1942,12,0.868,0.519,-6.502
1943,1,-1.009,0.402,-10.249
1943,2,3.404,0.493,-5.756
1943,3,2.222,0.359,-4.258
1943,4,0.617,0.492,-1.953
1943,5,-0.076,0.367,3.384
1943,6,0.208,0.336,8.638
1943,7,0.345,0.394,10.925
1943,8,-1.094,0.314,8.616
1943,9,0.166,0.326,5.756
1943,10,1.176,0.346,1.826
1943,11,0.647,0.326,-3.603
1943,12,1.907,0.488,-5.463
1944,1,2.375,0.445,-6.865
1944,2,2.574,0.408,-6.586
1944,3,0.548,0.402,-5.932
1944,4,-1.221,0.527,-3.791
1944,5,-1.499,0.374,1.961
1944,6,-1.250,0.408,7.18
1944,7,0.408,0.447,10.988
1944,8,0.064,0.404,9.774
1944,9,0.237,0.373,5.827
1944,10,1.559,0.378,2.209
1944,11,0.423,0.397,-3.827
1944,12,3.210,0.554,-4.16
1945,1,-1.280,0.393,-10.52
1945,2,2.997,0.452,-6.163
1945,3,2.149,0.383,-4.331
1945,4,1.500,0.346,-1.07
1945,5,-0.347,0.436,3.113
1945,6,-0.598,0.368,7.832
1945,7,1.309,0.350,11.889
1945,8,1.378,0.354,11.088
1945,9,0.071,0.348,5.661
1945,10,-0.579,0.400,0.071
1945,11,-0.122,0.473,-4.372
1945,12,-0.143,0.388,-7.513
1946,1,2.014,0.392,-7.226
1946,2,-0.978,0.359,-10.138
1946,3,-0.304,0.336,-6.784
1946,4,1.189,0.348,-1.381
1946,5,0.230,0.361,3.69
1946,6,-0.449,0.329,7.981
1946,7,0.901,0.334,11.481
1946,8,0.269,0.337,9.979
1946,9,1.477,0.326,7.067
1946,10,-0.487,0.354,0.163
1946,11,0.419,0.373,-3.831
1946,12,2.983,0.363,-4.387
1947,1,2.821,0.501,-6.419
1947,2,-4.962,0.399,-14.122
1947,3,-3.746,0.349,-10.226
1947,4,0.004,0.347,-2.566
1947,5,1.354,0.346,4.814
1947,6,1.194,0.408,9.624
1947,7,1.031,0.320,11.611
1947,8,1.714,0.292,11.424
1947,9,1.240,0.268,6.83
1947,10,-0.157,0.329,0.493
1947,11,-1.447,0.302,-5.697
1947,12,-0.796,0.351,-8.166
1948,1,-2.780,0.406,-12.02
1948,2,1.246,0.421,-7.914
1948,3,2.282,0.332,-4.198
1948,4,1.860,0.304,-0.71
1948,5,0.482,0.270,3.942
1948,6,-0.838,0.285,7.592
1948,7,0.860,0.288,11.44
1948,8,-1.178,0.214,8.532
1948,9,0.284,0.236,5.874
1948,10,-0.795,0.275,-0.145
1948,11,0.356,0.356,-3.894
1948,12,2.503,0.319,-4.867
1949,1,2.313,0.294,-6.927
1949,2,4.686,0.324,-4.474
1949,3,0.600,0.336,-5.88
1949,4,0.630,0.228,-1.94
1949,5,0.122,0.276,3.582
1949,6,-0.760,0.287,7.67
1949,7,-0.654,0.302,9.926
1949,8,-1.184,0.245,8.526
1949,9,2.103,0.271,7.693
1949,10,-0.361,0.304,0.289
1949,11,2.444,0.390,-1.806
1949,12,1.845,0.337,-5.525
1950,1,0.950,0.351,-8.29
1950,2,1.646,0.394,-7.514
1950,3,2.133,0.352,-4.347
1950,4,1.971,0.249,-0.599
1950,5,0.031,0.248,3.491
1950,6,-0.256,0.301,8.174
1950,7,-0.052,0.273,10.528
1950,8,1.579,0.210,11.289
1950,9,0.696,0.229,6.286
1950,10,1.374,0.342,2.024
1950,11,0.521,0.343,-3.729
1950,12,-1.239,0.319,-8.609
1951,1,-1.526,0.402,-10.766
1951,2,2.190,0.335,-6.97
1951,3,-1.947,0.364,-8.427
1951,4,-0.317,0.273,-2.887
1951,5,-1.277,0.335,2.183
1951,6,-1.618,0.368,6.812
1951,7,-1.616,0.358,8.964
1951,8,1.016,0.232,10.726
1951,9,0.886,0.334,6.476
1951,10,1.766,0.429,2.416
1951,11,-0.675,0.388,-4.925
1951,12,1.829,0.237,-5.541
1952,1,0.110,0.283,-9.13
1952,2,1.216,0.351,-7.944
1952,3,-1.570,0.222,-8.05
1952,4,1.651,0.244,-0.919
1952,5,0.007,0.244,3.467
1952,6,-0.845,0.315,7.585
1952,7,-0.640,0.272,9.94
1952,8,-1.633,0.177,8.077
1952,9,-1.650,0.270,3.94
1952,10,-1.513,0.287,-0.863
1952,11,-1.078,0.374,-5.328
1952,12,-1.247,0.341,-8.617
1953,1,0.984,0.254,-8.256
1953,2,-0.342,0.316,-9.502
1953,3,1.755,0.261,-4.725
1953,4,0.362,0.225,-2.208
1953,5,0.042,0.203,3.502
1953,6,3.181,0.275,11.611
1953,7,0.445,0.247,11.025
1953,8,0.298,0.219,10.008
1953,9,-0.137,0.215,5.453
1953,10,2.556,0.311,3.206
1953,11,3.905,0.326,-0.345
1953,12,4.061,0.271,-3.309
1954,1,0.948,0.335,-8.292
1954,2,-0.257,0.389,-9.417
1954,3,0.645,0.356,-5.835
1954,4,0.387,0.351,-2.183
1954,5,2.212,0.170,5.672
1954,6,-0.602,0.339,7.828
1954,7,0.456,0.210,11.036
1954,8,-0.150,0.203,9.56
1954,9,-0.213,0.260,5.377
1954,10,-0.500,0.298,0.15
1954,11,0.992,0.345,-3.258
1954,12,3.589,0.301,-3.781
1955,1,0.049,0.251,-9.191
1955,2,-1.610,0.340,-10.77
1955,3,-0.613,0.287,-7.093
1955,4,-0.698,0.345,-3.268
1955,5,-2.161,0.319,1.299
1955,6,-1.941,0.191,6.489
1955,7,0.879,0.257,11.459
1955,8,1.219,0.284,10.929
1955,9,1.446,0.223,7.036
1955,10,-1.034,0.320,-0.384
1955,11,-0.548,0.289,-4.798
1955,12,-3.413,0.358,-10.783
1956,1,-0.279,0.334,-9.519
1956,2,-1.162,0.394,-10.322
1956,3,0.832,0.371,-5.648
1956,4,-1.267,0.317,-3.837
1956,5,0.094,0.385,3.554
1956,6,-0.796,0.375,7.634
1956,7,0.087,0.306,10.667
1956,8,-1.498,0.264,8.212
1956,9,-0.260,0.274,5.33
1956,10,-0.620,0.318,0.03
1956,11,-0.347,0.362,-4.597
1956,12,2.228,0.344,-5.142
1957,1,3.262,0.381,-5.978
1957,2,1.173,0.277,-7.987
1957,3,0.524,0.261,-5.956
1957,4,0.956,0.339,-1.614
1957,5,-0.732,0.337,2.728
1957,6,-1.380,0.220,7.05
1957,7,0.947,0.433,11.527
1957,8,-0.118,0.225,9.592
1957,9,-0.689,0.450,4.901
1957,10,0.801,0.437,1.451
1957,11,1.335,0.383,-2.915
1957,12,0.142,0.355,-7.228
1958,1,-0.260,0.394,-9.5
1958,2,-1.897,0.438,-11.057
1958,3,-3.128,0.248,-9.608
1958,4,-0.634,0.422,-3.204
1958,5,-1.088,0.257,2.372
1958,6,-0.398,0.241,8.032
1958,7,-0.217,0.480,10.363
1958,8,0.141,0.368,9.851
1958,9,1.324,0.270,6.914
1958,10,1.608,0.304,2.258
1958,11,2.744,0.323,-1.506
1958,12,-1.580,0.277,-8.95
1959,1,-1.972,0.302,-11.212
1959,2,3.457,0.450,-5.703
1959,3,2.933,0.307,-3.547
1959,4,1.308,0.412,-1.262
1959,5,0.853,0.196,4.313
1959,6,0.150,0.214,8.58
1959,7,0.511,0.268,11.091
1959,8,0.728,0.311,10.438
1959,9,0.008,0.313,5.598
1959,10,1.226,0.363,1.876
1959,11,2.588,0.353,-1.662
1959,12,1.679,0.278,-5.691
1960,1,-0.261,0.379,-9.501
1960,2,-1.830,0.387,-10.99
1960,3,2.195,0.334,-4.285
1960,4,1.535,0.347,-1.035
1960,5,1.763,0.342,5.223
1960,6,0.833,0.307,9.263
1960,7,0.997,0.245,11.577
1960,8,0.886,0.234,10.596
1960,9,0.968,0.253,6.558
1960,10,-2.453,0.322,-1.803
1960,11,-0.228,0.283,-4.478
1960,12,-0.382,0.244,-7.752
1961,1,0.262,0.282,-8.978
1961,2,2.451,0.385,-6.709
1961,3,2.492,0.184,-3.988
1961,4,-0.237,0.348,-2.807
1961,5,0.097,0.210,3.557
1961,6,0.719,0.336,9.149
1961,7,0.387,0.248,10.967
1961,8,-0.117,0.270,9.593
1961,9,1.252,0.220,6.842
1961,10,3.631,0.345,4.281
1961,11,2.176,0.198,-2.074
1961,12,-2.092,0.334,-9.462
1962,1,0.797,0.320,-8.443
1962,2,1.587,0.264,-7.573
1962,3,-4.344,0.292,-10.824
1962,4,0.051,0.436,-2.519
1962,5,-1.459,0.221,2.001
1962,6,-1.935,0.462,6.495
1962,7,-1.493,0.223,9.087
1962,8,-1.525,0.260,8.185
1962,9,-0.523,0.318,5.067
1962,10,0.882,0.269,1.532
1962,11,0.579,0.209,-3.671
1962,12,-2.136,0.300,-9.506
1963,1,-2.399,0.402,-11.639
1963,2,-3.865,0.313,-13.025
1963,3,-2.047,0.215,-8.527
1963,4,0.345,0.384,-2.225
1963,5,2.246,0.236,5.706
1963,6,0.398,0.187,8.828
1963,7,-0.801,0.312,9.779
1963,8,0.766,0.222,10.476
1963,9,0.782,0.371,6.372
1963,10,1.134,0.259,1.784
1963,11,-1.043,0.308,-5.293
1963,12,-0.699,0.402,-8.069
1964,1,2.958,0.273,-6.282
1964,2,0.545,0.247,-8.615
1964,3,1.099,0.276,-5.381
1964,4,0.717,0.269,-1.853
1964,5,0.712,0.200,4.172
1964,6,-1.400,0.176,7.03
1964,7,-1.049,0.363,9.531
1964,8,-0.655,0.323,9.055
1964,9,-0.689,0.247,4.901
1964,10,0.869,0.211,1.519
1964,11,0.100,0.215,-4.15
1964,12,1.112,0.252,-6.258
1965,1,0.305,0.245,-8.935
1965,2,1.617,0.308,-7.543
1965,3,-1.650,0.354,-8.13
1965,4,1.310,0.209,-1.26
1965,5,-1.534,0.235,1.926
1965,6,-0.363,0.264,8.067
1965,7,-1.634,0.449,8.946
1965,8,-1.102,0.223,8.608
1965,9,1.192,0.347,6.782
1965,10,0.757,0.305,1.407
1965,11,-2.219,0.327,-6.469
1965,12,-3.910,0.263,-11.28
1966,1,-4.001,0.299,-13.241
1966,2,-5.074,0.365,-14.234
1966,3,-1.980,0.252,-8.46
1966,4,-1.945,0.261,-4.515
1966,5,-1.291,0.234,2.169
1966,6,1.340,0.304,9.77
1966,7,0.240,0.198,10.82
1966,8,-0.648,0.230,9.062
1966,9,-1.551,0.294,4.039
1966,10,-1.785,0.234,-1.135
1966,11,0.139,0.208,-4.111
1966,12,1.137,0.292,-6.233
1967,1,-2.923,0.246,-12.163
1967,2,1.744,0.268,-7.416
1967,3,2.637,0.311,-3.843
1967,4,0.162,0.337,-2.408
1967,5,-0.233,0.248,3.227
1967,6,-0.722,0.193,7.708
1967,7,-0.494,0.256,10.086
1967,8,0.244,0.264,9.954
1967,9,1.440,0.200,7.03
1967,10,-0.485,0.183,0.165
1967,11,2.959,0.228,-1.291
1967,12,-2.241,0.421,-9.611
1968,1,-2.243,0.292,-11.483
1968,2,-0.394,0.261,-9.554
1968,3,-0.301,0.295,-6.781
1968,4,-0.051,0.238,-2.621
1968,5,-1.619,0.205,1.841
1968,6,0.126,0.248,8.556
1968,7,-1.015,0.312,9.565
1968,8,-0.304,0.275,9.406
1968,9,-0.030,0.260,5.56
1968,10,-2.938,0.346,-2.288
1968,11,-2.752,0.283,-7.002
1968,12,-0.607,0.315,-7.977
1969,1,0.310,0.209,-8.93
1969,2,-2.939,0.227,-12.099
1969,3,-2.870,0.261,-9.35
1969,4,-0.621,0.239,-3.191
1969,5,-0.245,0.202,3.215
1969,6,0.818,0.257,9.248
1969,7,0.319,0.279,10.899
1969,8,2.211,0.258,11.921
1969,9,0.259,0.295,5.849
1969,10,1.525,0.251,2.175
1969,11,-2.258,0.175,-6.508
1969,12,-1.147,0.211,-8.517
1970,1,-1.630,0.284,-10.87
1970,2,-4.336,0.304,-13.496
1970,3,0.185,0.251,-6.295
1970,4,-2.120,0.290,-4.69
1970,5,0.734,0.192,4.194
1970,6,2.059,0.370,10.489
1970,7,-0.138,0.190,10.442
1970,8,0.598,0.295,10.308
1970,9,-0.438,0.195,5.152
1970,10,0.204,0.225,0.854
1970,11,-1.889,0.234,-6.139
1970,12,1.076,0.271,-6.294
1971,1,0.489,0.240,-8.751
1971,2,2.236,0.272,-6.924
1971,3,-2.047,0.227,-8.527
1971,4,-0.379,0.234,-2.949
1971,5,0.582,0.277,4.042
1971,6,-0.320,0.205,8.11
1971,7,-0.292,0.242,10.288
1971,8,-0.184,0.211,9.526
1971,9,-0.068,0.255,5.522
1971,10,-0.616,0.215,0.034
1971,11,-2.771,0.275,-7.021
1971,12,2.851,0.266,-4.519
1972,1,1.608,0.311,-7.632
1972,2,1.554,0.331,-7.606
1972,3,2.114,0.281,-4.366
1972,4,0.126,0.229,-2.444
1972,5,0.723,0.192,4.183
1972,6,1.385,0.238,9.815
1972,7,1.771,0.238,12.351
1972,8,0.018,0.284,9.728
1972,9,-0.375,0.362,5.215
1972,10,0.583,0.382,1.233
1972,11,0.670,0.281,-3.58
1972,12,4.330,0.218,-3.04
1973,1,5.250,0.290,-3.99
1973,2,1.466,0.219,-7.694
1973,3,2.789,0.181,-3.691
1973,4,-0.017,0.329,-2.587
1973,5,-0.043,0.220,3.417
1973,6,0.359,0.219,8.789
1973,7,1.939,0.261,12.519
1973,8,-0.942,0.266,8.768
1973,9,-1.022,0.175,4.568
1973,10,-2.518,0.340,-1.868
1973,11,-2.558,0.416,-6.808
1973,12,-1.813,0.327,-9.183
1974,1,4.951,0.249,-4.289
1974,2,3.667,0.218,-5.493
1974,3,2.786,0.297,-3.694
1974,4,1.488,0.368,-1.082
1974,5,0.500,0.217,3.96
1974,6,0.690,0.207,9.12
1974,7,-0.329,0.259,10.251
1974,8,-0.044,0.221,9.666
1974,9,1.123,0.346,6.713
1974,10,-0.548,0.178,0.102
1974,11,0.204,0.195,-4.046
1974,12,2.489,0.341,-4.881
1975,1,2.902,0.234,-6.338
1975,2,3.419,0.364,-5.741
1975,3,1.367,0.308,-5.113
1975,4,-0.197,0.286,-2.767
1975,5,0.208,0.222,3.668
1975,6,-1.496,0.351,6.934
1975,7,-0.098,0.268,10.482
1975,8,0.717,0.385,10.427
1975,9,0.496,0.248,6.086
1975,10,0.153,0.152,0.803
1975,11,1.395,0.184,-2.855
1975,12,0.843,0.352,-6.527
1976,1,-1.288,0.318,-10.528
1976,2,2.544,0.212,-6.616
1976,3,0.192,0.169,-6.288
1976,4,0.213,0.290,-2.357
1976,5,1.321,0.340,4.781
1976,6,-0.263,0.206,8.167
1976,7,0.328,0.547,10.908
1976,8,0.406,0.501,10.116
1976,9,-1.971,0.158,3.619
1976,10,-0.532,0.307,0.118
1976,11,0.169,0.220,-4.081
1976,12,-1.290,0.188,-8.66
1977,1,-0.201,0.270,-9.441
1977,2,-1.575,0.333,-10.735
1977,3,-0.177,0.184,-6.657
1977,4,-2.444,0.260,-5.014
1977,5,-0.476,0.393,2.984
1977,6,-0.868,0.200,7.562
1977,7,-0.225,0.238,10.355
1977,8,-0.173,0.245,9.537
1977,9,-0.983,0.235,4.607
1977,10,0.698,0.211,1.348
1977,11,1.141,0.253,-3.109
1977,12,1.782,0.233,-5.588
1978,1,-0.267,0.354,-9.507
1978,2,-2.596,0.314,-11.756
1978,3,-0.686,0.202,-7.166
1978,4,-0.554,0.196,-3.124
1978,5,0.604,0.218,4.064
1978,6,0.642,0.187,9.072
1978,7,-0.071,0.434,10.509
1978,8,-0.208,0.211,9.502
1978,9,-1.255,0.272,4.335
1978,10,-0.013,0.236,0.637
1978,11,0.591,0.277,-3.659
1978,12,-4.616,0.279,-11.986
1979,1,-4.194,0.332,-13.434
1979,2,-1.853,0.277,-11.013
1979,3,-0.075,0.214,-6.555
1979,4,-0.650,0.324,-3.22
1979,5,-1.276,0.377,2.184
1979,6,0.450,0.200,8.88
1979,7,-0.083,0.217,10.497
1979,8,-0.272,0.283,9.438
1979,9,-0.097,0.170,5.493
1979,10,-0.820,0.278,-0.17
1979,11,0.073,0.290,-4.177
1979,12,-0.313,0.222,-7.683
1980,1,-1.742,0.271,-10.982
1980,2,-1.136,0.223,-10.296
1980,3,-1.109,0.272,-7.589
1980,4,1.519,0.389,-1.051
1980,5,0.736,0.251,4.196
1980,6,1.795,0.306,10.225
1980,7,0.887,0.269,11.467
1980,8,0.326,0.602,10.036
1980,9,0.773,0.171,6.363
1980,10,-2.015,0.225,-1.365
1980,11,-3.391,0.340,-7.641
1980,12,-1.663,0.326,-9.033
1981,1,-1.218,0.359,-10.458
1981,2,0.403,0.301,-8.757
1981,3,-2.790,0.208,-9.27
1981,4,-0.385,0.229,-2.955
1981,5,0.932,0.283,4.392
1981,6,-2.024,0.186,6.406
1981,7,-0.204,0.268,10.376
1981,8,-0.618,0.211,9.092
1981,9,0.936,0.272,6.526
1981,10,-0.016,0.246,0.634
1981,11,-0.251,0.202,-4.501
1981,12,-5.472,0.321,-12.842
1982,1,-2.562,0.371,-11.802
1982,2,1.928,0.220,-7.232
1982,3,2.659,0.173,-3.821
1982,4,0.662,0.210,-1.908
1982,5,-0.279,0.237,3.181
1982,6,-1.584,0.331,6.846
1982,7,0.639,0.247,11.219
1982,8,0.156,0.284,9.866
1982,9,-0.670,0.183,4.92
1982,10,0.322,0.208,0.972
1982,11,1.193,0.423,-3.057
1982,12,1.020,0.344,-6.35
1983,1,3.432,0.231,-5.808
1983,2,0.498,0.296,-8.662
1983,3,1.641,0.213,-4.839
1983,4,1.100,0.206,-1.47
1983,5,0.759,0.309,4.219
1983,6,-0.737,0.264,7.693
1983,7,0.490,0.219,11.07
1983,8,-0.512,0.157,9.198
1983,9,0.759,0.283,6.349
1983,10,-0.080,0.290,0.57
1983,11,-1.499,0.285,-5.749
1983,12,-0.796,0.305,-8.166
1984,1,-0.178,0.254,-9.418
1984,2,3.606,0.182,-5.554
1984,3,-0.849,0.245,-7.329
1984,4,1.789,0.307,-0.781
1984,5,2.189,0.186,5.649
1984,6,0.154,0.294,8.584
1984,7,-0.393,0.246,10.187
1984,8,0.195,0.269,9.905
1984,9,-0.336,0.232,5.254
1984,10,1.182,0.216,1.832
1984,11,1.650,0.239,-2.6
1984,12,4.094,0.220,-3.276
1985,1,-2.371,0.161,-11.611
1985,2,-2.626,0.221,-11.786
1985,3,0.676,0.189,-5.804
1985,4,-1.477,0.297,-4.047
1985,5,0.081,0.255,3.541
1985,6,-0.038,0.216,8.392
1985,7,0.715,0.253,11.295
1985,8,0.189,0.235,9.899
1985,9,-0.848,0.255,4.742
1985,10,1.191,0.385,1.841
1985,11,-2.034,0.231,-6.284
1985,12,-3.243,0.245,-10.613
1986,1,-3.070,0.275,-12.31
1986,2,-2.253,0.270,-11.413
1986,3,2.115,0.192,-4.365
1986,4,-1.554,0.259,-4.124
1986,5,1.354,0.247,4.814
1986,6,1.722,0.259,10.152
1986,7,0.032,0.170,10.612
1986,8,-1.156,0.270,8.554
1986,9,-2.309,0.230,3.281
1986,10,0.890,0.221,1.54
1986,11,2.268,0.204,-1.982
1986,12,-1.519,0.215,-8.889
1987,1,-3.442,0.251,-12.682
1987,2,-0.616,0.167,-9.776
1987,3,-2.011,0.208,-8.491
1987,4,1.243,0.172,-1.327
1987,5,-0.372,0.178,3.088
1987,6,-1.292,0.253,7.138
1987,7,-0.565,0.497,10.015
1987,8,-1.727,0.218,7.983
1987,9,-0.746,0.277,4.844
1987,10,2.071,0.241,2.721
1987,11,-0.035,0.185,-4.285
1987,12,-0.671,0.203,-8.041
1988,1,2.128,0.225,-7.112
1988,2,1.443,0.189,-7.717
1988,3,-1.652,0.300,-8.132
1988,4,-2.230,0.289,-4.8
1988,5,1.309,0.243,4.769
1988,6,1.625,0.239,10.055
1988,7,1.258,0.193,11.838
1988,8,0.240,0.289,9.95
1988,9,0.852,0.246,6.442
1988,10,-1.131,0.387,-0.481
1988,11,-2.006,0.244,-6.256
1988,12,-1.173,0.372,-8.543
1989,1,4.785,0.192,-4.455
1989,2,3.549,0.295,-5.611
1989,3,2.806,0.263,-3.674
1989,4,2.231,0.368,-0.339
1989,5,0.979,0.285,4.439
1989,6,0.552,0.230,8.982
1989,7,-0.188,0.182,10.392
1989,8,-0.223,0.175,9.487
1989,9,0.560,0.187,6.15
1989,10,-0.027,0.266,0.623
1989,11,1.574,0.204,-2.676
1989,12,-0.682,0.249,-8.052
1990,1,3.478,0.205,-5.762
1990,2,6.912,0.215,-2.248
1990,3,2.789,0.166,-3.691
1990,4,2.113,0.264,-0.457
1990,5,0.736,0.219,4.196
1990,6,0.743,0.207,9.173
1990,7,0.420,0.161,11
1990,8,0.809,0.267,10.519
1990,9,0.577,0.495,6.167
1990,10,1.138,0.308,1.788
1990,11,-0.727,0.233,-4.977
1990,12,3.114,0.273,-4.256
1991,1,2.966,0.235,-6.274
1991,2,0.699,0.227,-8.461
1991,3,2.685,0.164,-3.795
1991,4,1.068,0.315,-1.502
1991,5,-0.443,0.203,3.017
1991,6,-1.121,0.174,7.309
1991,7,1.089,0.195,11.669
1991,8,1.165,0.267,10.875
1991,9,-0.245,0.192,5.345
1991,10,0.043,0.309,0.693
1991,11,0.572,0.193,-3.678
1991,12,2.800,0.329,-4.57
1992,1,4.686,0.221,-4.554
1992,2,3.552,0.279,-5.608
1992,3,2.968,0.219,-3.512
1992,4,0.073,0.245,-2.497
1992,5,2.107,0.237,5.567
1992,6,1.878,0.195,10.308
1992,7,-0.734,0.201,9.846
1992,8,-0.915,0.167,8.795
1992,9,1.173,0.248,6.763
1992,10,-4.011,0.260,-3.361
1992,11,-0.469,0.287,-4.719
1992,12,2.515,0.372,-4.855
1993,1,2.721,0.220,-6.519
1993,2,3.101,0.345,-6.059
1993,3,0.753,0.167,-5.727
1993,4,0.823,0.149,-1.747
1993,5,1.413,0.169,4.873
1993,6,-1.734,0.208,6.696
1993,7,-0.028,0.169,10.552
1993,8,-0.698,0.226,9.012
1993,9,-1.420,0.223,4.17
1993,10,-2.005,0.216,-1.355
1993,11,0.513,0.267,-3.737
1993,12,-0.931,0.324,-8.301
1994,1,-0.814,0.330,-10.054
1994,2,-1.668,0.345,-10.828
1994,3,1.028,0.194,-5.452
1994,4,2.436,0.139,-0.134
1994,5,-0.310,0.163,3.15
1994,6,-1.175,0.235,7.255
1994,7,1.695,0.205,12.275
1994,8,0.514,0.276,10.224
1994,9,-0.296,0.219,5.294
1994,10,-1.281,0.193,-0.631
1994,11,0.163,0.187,-4.087
1994,12,3.208,0.207,-4.162
1995,1,1.708,0.282,-7.532
1995,2,2.902,0.199,-6.258
1995,3,1.602,0.149,-4.878
1995,4,0.508,0.245,-2.062
1995,5,-0.331,0.233,3.129
1995,6,0.238,0.189,8.668
1995,7,-0.340,0.178,10.24
1995,8,0.312,0.155,10.022
1995,9,0.574,0.245,6.164
1995,10,0.968,0.260,1.618
1995,11,-1.749,0.454,-5.999
1995,12,-2.442,0.334,-9.812
1996,1,2.075,0.206,-7.165
1996,2,-1.140,0.203,-10.3
1996,3,1.463,0.204,-5.017
1996,4,0.772,0.231,-1.798
1996,5,-1.427,0.164,2.033
1996,6,-0.570,0.219,7.86
1996,7,-0.902,0.181,9.678
1996,8,2.039,0.203,11.749
1996,9,-0.222,0.179,5.368
1996,10,1.209,0.223,1.859
1996,11,-0.662,0.284,-4.912
1996,12,-1.742,0.318,-9.112
1997,1,1.267,0.309,-7.973
1997,2,1.999,0.199,-7.161
1997,3,1.875,0.259,-4.605
1997,4,-1.316,0.283,-3.886
1997,5,-0.628,0.202,2.832
1997,6,0.752,0.176,9.182
1997,7,1.752,0.231,12.332
1997,8,2.638,0.202,12.348
1997,9,1.175,0.179,6.765
1997,10,-0.989,0.213,-0.339
1997,11,0.177,0.298,-4.073
1997,12,1.401,0.230,-5.969
1998,1,1.875,0.437,-7.365
1998,2,1.346,0.289,-7.814
1998,3,0.268,0.177,-6.212
1998,4,-0.242,0.264,-2.812
1998,5,0.059,0.177,3.519
1998,6,-0.517,0.221,7.913
1998,7,0.401,0.202,10.981
1998,8,-0.304,0.185,9.406
1998,9,1.076,0.176,6.666
1998,10,-0.287,0.265,0.363
1998,11,-1.257,0.281,-5.507
1998,12,1.021,0.202,-6.349
1999,1,1.085,0.286,-8.155
1999,2,1.331,0.247,-7.829
1999,3,2.051,0.243,-4.429
1999,4,1.846,0.297,-0.724
1999,5,-0.241,0.195,3.219
1999,6,0.664,0.188,9.094
1999,7,0.454,0.159,11.034
1999,8,-0.454,0.222,9.256
1999,9,3.080,0.236,8.67
1999,10,0.600,0.203,1.25
1999,11,3.936,0.212,-0.314
1999,12,-0.911,0.287,-8.281
2000,1,3.984,0.195,-5.256
2000,2,3.164,0.289,-5.996
2000,3,1.162,0.266,-5.318
2000,4,0.961,0.266,-1.609
2000,5,1.475,0.202,4.935
2000,6,-0.965,0.209,7.465
2000,7,0.136,0.195,10.716
2000,8,-0.213,0.197,9.497
2000,9,0.955,0.243,6.545
2000,10,3.678,0.247,4.328
2000,11,3.924,0.311,-0.326
2000,12,1.662,0.283,-5.708
2001,1,3.463,0.222,-5.777
2001,2,-0.328,0.245,-9.488
2001,3,-2.226,0.321,-8.706
2001,4,-0.061,0.239,-2.631
2001,5,0.406,0.186,3.866
2001,6,0.185,0.226,8.615
2001,7,0.615,0.237,11.195
2001,8,0.475,0.253,10.185
2001,9,1.472,0.255,7.062
2001,10,1.536,0.219,2.186
2001,11,0.592,0.202,-3.658
2001,12,0.194,0.270,-7.176
2002,1,2.077,0.245,-7.163
2002,2,2.921,0.284,-6.239
2002,3,0.968,0.189,-5.512
2002,4,3.404,0.178,0.834
2002,5,2.277,0.195,5.737
2002,6,1.952,0.203,10.382
2002,7,1.430,0.268,12.01
2002,8,3.273,0.220,12.983
2002,9,0.894,0.216,6.484
2002,10,-1.748,0.214,-1.098
2002,11,-1.745,0.260,-5.995
2002,12,-1.281,0.251,-8.651
2003,1,-1.100,0.250,-10.34
2003,2,2.898,0.258,-6.262
2003,3,2.201,0.299,-4.279
2003,4,1.690,0.185,-0.88
2003,5,0.669,0.270,4.129
2003,6,0.685,0.224,9.115
2003,7,2.710,0.215,13.29
2003,8,1.219,0.223,10.929
2003,9,0.636,0.311,6.226
2003,10,-1.170,0.193,-0.52
2003,11,2.132,0.280,-2.118
2003,12,0.438,0.227,-6.932
2004,1,-0.237,0.249,-9.477
2004,2,1.409,0.210,-7.751
2004,3,3.007,0.228,-3.473
2004,4,3.688,0.225,1.118
2004,5,1.383,0.163,4.843
2004,6,-0.481,0.233,7.949
2004,7,0.905,0.297,11.485
2004,8,1.610,0.215,11.32
2004,9,1.085,0.264,6.675
2004,10,0.549,0.223,1.199
2004,11,-0.331,0.228,-4.581
2004,12,3.217,0.200,-4.153
2005,1,4.866,0.206,-4.374
2005,2,3.286,0.276,-5.874
2005,3,-0.257,0.192,-6.737
2005,4,2.147,0.250,-0.423
2005,5,-0.203,0.231,3.257
2005,6,0.034,0.189,8.464
2005,7,1.717,0.217,12.297
2005,8,0.570,0.193,10.28
2005,9,0.745,0.268,6.335
2005,10,1.557,0.305,2.207
2005,11,3.072,0.318,-1.178
2005,12,1.685,0.332,-5.685
2006,1,4.113,0.320,-5.127
2006,2,2.081,0.285,-7.079
2006,3,-2.426,0.286,-8.906
2006,4,2.427,0.231,-0.143
2006,5,1.684,0.288,5.144
2006,6,0.946,0.206,9.376
2006,7,1.703,0.217,12.283
2006,8,2.370,0.230,12.08
2006,9,2.436,0.250,8.026
2006,10,0.488,0.239,1.138
2006,11,2.644,0.248,-1.606
2006,12,5.196,0.239,-2.174
2007,1,2.469,0.239,-6.771
2007,2,0.124,0.319,-9.036
2007,3,4.681,0.260,-1.799
2007,4,2.129,0.192,-0.441
2007,5,0.619,0.190,4.079
2007,6,1.421,0.184,9.851
2007,7,0.826,0.211,11.406
2007,8,0.613,0.236,10.323
2007,9,-0.330,0.197,5.26
2007,10,1.683,0.301,2.333
2007,11,0.896,0.247,-3.354
2007,12,2.611,0.267,-4.759
2008,1,4.361,0.277,-4.879
2008,2,4.685,0.194,-4.475
2008,3,-0.001,0.263,-6.481
2008,4,1.263,0.187,-1.307
2008,5,0.944,0.180,4.404
2008,6,0.327,0.193,8.757
2008,7,1.272,0.270,11.852
2008,8,-0.071,0.244,9.639
2008,9,0.777,0.216,6.367
2008,10,0.401,0.223,1.051
2008,11,0.696,0.246,-3.554
2008,12,1.815,0.231,-5.555
2009,1,2.312,0.246,-6.928
2009,2,0.072,0.255,-9.088
2009,3,1.773,0.210,-4.707
2009,4,1.847,0.216,-0.723
2009,5,1.913,0.287,5.373
2009,6,-0.063,0.327,8.367
2009,7,1.021,0.250,11.601
2009,8,1.191,0.266,10.901
2009,9,1.335,0.206,6.925
2009,10,-1.060,0.232,-0.41
2009,11,3.055,0.238,-1.195
2009,12,-0.336,0.272,-7.706
2010,1,-1.383,0.327,-10.623
2010,2,-1.990,0.311,-11.15
2010,3,0.015,0.358,-6.465
2010,4,1.775,0.213,-0.795
2010,5,0.863,0.167,4.323
2010,6,-0.571,0.212,7.859
2010,7,1.042,0.254,11.622
2010,8,0.366,0.311,10.076
2010,9,0.666,0.283,6.256
2010,10,0.596,0.188,1.246
2010,11,-3.591,0.276,-7.841
2010,12,-4.241,0.262,-11.611
2011,1,0.737,0.322,-8.503
2011,2,-0.477,0.281,-9.637
2011,3,1.296,0.252,-5.184
2011,4,4.312,0.195,1.742
2011,5,1.274,0.222,4.734
2011,6,1.367,0.268,9.797
2011,7,1.191,0.232,11.771
2011,8,0.888,0.149,10.598
2011,9,2.417,0.236,8.007
2011,10,1.941,0.233,2.591
2011,11,4.152,0.346,-0.098
2011,12,3.092,0.203,-4.278
2012,1,2.608,0.197,-6.632
2012,2,2.526,0.187,-6.634
2012,3,4.993,0.176,-1.487
2012,4,0.260,0.210,-2.31
2012,5,0.612,0.159,4.072
2012,6,-0.826,0.195,7.604
2012,7,-0.154,0.219,10.426
2012,8,0.209,0.275,9.919
2012,9,0.229,0.237,5.819
2012,10,-0.346,0.159,0.304
2012,11,2.180,0.204,-2.07
2012,12,-1.959,0.168,-9.329
2013,1,1.121,0.286,-8.119
2013,2,1.309,0.271,-7.851
2013,3,-2.353,0.342,-8.833
2013,4,0.227,0.275,-2.343
2013,5,2.738,0.132,6.198
2013,6,1.244,0.213,9.674
2013,7,1.082,0.192,11.662
2013,8,1.127,0.188,10.837
2013,9,2.009,0.158,7.599
2013,10,0.828,0.174,1.478
2013,11,1.289,0.157,-2.961
2013,12,3.436,0.227,-3.934
2014,1,1.582,0.163,-7.658
2014,2,6.881,0.121,-2.279
2014,3,4.070,0.236,-2.41
2014,4,2.208,0.224,-0.362
2014,5,0.877,0.117,4.337
2014,6,0.246,0.177,8.676
2014,7,3.499,0.260,14.079
2014,8,0.868,0.308,10.578
2014,9,1.429,0.205,7.019
2014,10,1.708,0.222,2.358
2014,11,1.815,0.271,-2.435
2014,12,1.203,0.424,-6.167
2015,1,2.653,0.213,-6.587
2015,2,3.595,0.196,-5.565
2015,3,4.125,0.304,-2.355
2015,4,2.337,0.367,-0.233
2015,5,-0.240,0.320,3.22
2015,6,-1.106,0.168,7.324
2015,7,-0.490,0.236,10.09
2015,8,1.608,0.244,11.318
2015,9,1.966,0.188,7.556
2015,10,1.643,0.192,2.293
2015,11,2.940,0.203,-1.31
2015,12,3.973,0.309,-3.397
2016,1,0.250,0.248,-8.99
2016,2,3.665,0.160,-5.495
2016,3,3.818,0.205,-2.662
2016,4,1.961,0.205,-0.609
2016,5,2.549,0.189,6.009
2016,6,0.971,0.194,9.401
2016,7,1.180,0.295,11.76
2016,8,0.098,0.169,9.808
2016,9,3.260,0.174,8.85
2016,10,1.494,0.314,2.144
2016,11,1.181,0.199,-3.069
2016,12,4.311,0.334,-3.059
2017,1,3.675,0.361,-5.565
2017,2,3.456,0.264,-5.704
2017,3,1.887,0.247,-4.593
2017,4,0.350,0.269,-2.22
2017,5,0.001,0.167,3.461
2017,6,0.106,0.187,8.536
2017,7,0.179,0.214,10.759
2017,8,0.012,0.187,9.722
2017,9,2.084,0.262,7.674
2017,10,1.634,0.281,2.284
2017,11,0.984,0.132,-3.266
2017,12,1.576,0.158,-5.794
2018,1,2.174,0.173,-7.066
2018,2,0.933,0.205,-8.227
2018,3,-1.777,0.340,-8.257
2018,4,1.593,0.272,-0.977
2018,5,4.561,0.323,8.021
2018,6,0.603,0.256,9.033
2018,7,3.627,0.187,14.207
2018,8,0.671,0.313,10.381
2018,9,1.316,0.207,6.906
2018,10,0.982,0.190,1.632
2018,11,3.601,0.289,-0.649
2018,12,2.247,0.184,-5.123
2019,1,1.326,0.138,-7.914
2019,2,3.388,0.145,-5.772
2019,3,1.084,0.367,-5.396
2019,4,3.573,0.252,1.003
2019,5,0.146,0.219,3.606
2019,6,0.777,0.237,9.207
2019,7,1.067,0.234,11.647
2019,8,1.238,0.220,10.948
2019,9,0.524,0.231,6.114
2019,10,-0.976,0.220,-0.326
2019,11,-0.825,0.260,-5.075
2019,12,2.461,0.363,-4.909
2020,1,4.623,0.355,-4.617
2020,2,3.147,0.181,-6.013
2020,3,1.390,0.245,-5.09
2020,4,1.262,0.231,-1.308
2020,5,-0.344,0.268,3.116
2020,6,2.821,0.226,11.251
2020,7,-0.292,0.284,10.288
2020,8,1.320,0.165,11.03
2020,9,1.461,0.225,7.051
2020,10,1.814,0.256,2.464
2020,11,4.455,0.448,0.205
2020,12,3.894,0.744,-3.476
