Year,Month,Temperature Anomaly,UC,Temperature
1750,1,3.02,2.369,-5.87
1750,2,3.818,3.592,-4.752
1750,3,2.035,4.094,-2.245
1750,4,1.492,2.468,2.192
1750,5,-0.722,2.056,6.058
1750,6,-0.38,2.089,11.94
1750,7,1.065,2.261,15.255
1750,8,1.229,2.141,14.219
1750,9,-0.457,2.756,7.973
1750,10,-4.31,2.075,-1.3
1750,11,-6.468,2.137,-9.218
1750,12,-3.637,2.367,-10.277
1751,1,-0.452,2.348,-9.342
1751,2,-3.522,2.601,-12.092
1751,3,1.386,2.374,-2.894
1751,4,0.105,2.102,0.805
1751,5,-1.015,2.165,5.765
1751,6,-1.775,2.102,10.545
1751,7,0.371,2.429,14.561
1751,8,0.023,2.022,13.013
1751,9,-1.059,2.005,7.371
1751,10,-1.508,2.512,1.502
1751,11,-1.578,2.185,-4.328
1751,12,-0.307,2.420,-6.947
1752,1,-1.739,2.483,-10.629
1752,2,1.613,2.360,-6.957
1752,3,1.201,2.093,-3.079
1752,4,-0.032,2.638,0.668
1752,5,-0.568,2.325,6.212
1752,6,-0.077,1.846,12.243
1752,7,2.357,2.099,16.547
1752,8,1.215,2.277,14.205
1752,9,NaN,NaN,#VALUE!
1752,10,-0.504,2.382,2.506
1752,11,1.342,2.082,-1.408
1752,12,0.32,2.252,-6.32
1753,1,0.199,2.446,-8.691
1753,2,0.652,2.680,-7.918
1753,3,1.884,3.043,-2.396
1753,4,0.661,2.247,1.361
1753,5,-0.417,1.929,6.363
1753,6,-1.388,2.302,10.932
1753,7,-0.498,2.393,13.692
1753,8,-0.357,2.063,12.633
1753,9,-0.194,1.973,8.236
1753,10,0.547,2.203,3.557
1753,11,-0.863,2.063,-3.613
1753,12,-6.531,2.943,-13.171
1754,1,-0.054,2.366,-8.944
1754,2,-0.454,2.852,-9.024
1754,3,-1.86,2.103,-6.14
1754,4,1.238,2.040,1.938
1754,5,0.905,2.077,7.685
1754,6,-0.087,2.102,12.233
1754,7,-0.991,2.563,13.199
1754,8,-1.25,2.143,11.74
1754,9,-1.265,2.073,7.165
1754,10,-0.396,2.224,2.614
1754,11,-0.49,2.840,-3.24
1754,12,0.033,2.254,-6.607
1755,1,-1.891,2.396,-10.781
1755,2,-2.576,2.866,-11.146
1755,3,-2.152,2.337,-6.432
1755,4,0.824,2.042,1.524
1755,5,0.557,2.011,7.337
1755,6,0.759,2.292,13.079
1755,7,1.354,2.680,15.544
1755,8,-1.849,2.166,11.141
1755,9,-1.379,2.005,7.051
1755,10,0.01,1.896,3.02
1755,11,-0.577,2.401,-3.327
1755,12,-1.046,2.245,-7.686
1756,1,2.092,2.322,-6.798
1756,2,4.603,3.489,-3.967
1756,3,0.387,3.278,-3.893
1756,4,-0.979,3.906,-0.279
1756,5,-2.063,5.489,4.717
1756,6,0.461,2.063,12.781
1756,7,0.554,6.068,14.744
1756,8,-2.173,3.518,10.817
1756,9,-0.785,1.964,7.645
1756,10,-1.175,8.127,1.835
1756,11,-3.077,2.026,-5.827
1756,12,-2.279,2.444,-8.919
1757,1,-2.537,2.892,-11.427
1757,2,2.479,3.800,-6.091
1757,3,-0.572,4.048,-4.852
1757,4,1.974,2.329,2.674
1757,5,-0.541,2.106,6.239
1757,6,1.552,2.491,13.872
1757,7,3.381,3.021,17.571
1757,8,1.164,3.818,14.154
1757,9,0.532,5.535,8.962
1757,10,-4.389,5.848,-1.379
1757,11,0.159,6.722,-2.591
1757,12,-2.482,3.612,-9.122
1758,1,-3.174,5.913,-12.064
1758,2,-1.012,4.374,-9.582
1758,3,-1.72,2.472,-6
1758,4,-1.32,3.531,-0.62
1758,5,0.174,6.853,6.954
1758,6,-0.759,4.172,11.561
1758,7,-0.661,4.427,13.529
1758,8,-0.917,6.147,12.073
1758,9,-2.556,2.718,5.874
1758,10,-3.451,2.055,-0.441
1758,11,-0.378,2.254,-3.128
1758,12,-2.416,2.174,-9.056
1759,1,3.057,2.837,-5.833
1759,2,4.27,6.321,-4.3
1759,3,0.691,3.664,-3.589
1759,4,-0.23,4.397,0.47
1759,5,-2.117,4.035,4.663
1759,6,0.777,3.941,13.097
1759,7,0.567,5.014,14.757
1759,8,0.782,2.091,13.772
1759,9,-1.31,2.857,7.12
1759,10,-1.661,6.531,1.349
1759,11,-2.107,7.038,-4.857
1759,12,-5.092,3.499,-11.732
1760,1,-6.5,3.078,-15.39
1760,2,1.27,7.476,-7.3
1760,3,-2.159,3.029,-6.439
1760,4,-1.591,3.011,-0.891
1760,5,-0.258,2.854,6.522
1760,6,-0.149,2.028,12.171
1760,7,0.047,2.129,14.237
1760,8,-0.728,6.217,12.262
1760,9,0.672,2.563,9.102
1760,10,-2.876,2.116,0.134
1760,11,-1.137,6.369,-3.887
1760,12,-2.087,3.367,-8.727
1761,1,0.935,2.099,-7.955
1761,2,1.221,3.223,-7.349
1761,3,2.707,1.771,-1.573
1761,4,0.649,2.302,1.349
1761,5,0.816,2.797,7.596
1761,6,2.09,2.427,14.41
1761,7,0.566,1.744,14.756
1761,8,1.498,2.527,14.488
1761,9,1.158,3.675,9.588
1761,10,-3.539,3.153,-0.529
1761,11,-0.056,10.316,-2.806
1761,12,-3.126,2.210,-9.766
1762,1,2.688,8.420,-6.202
1762,2,0.966,2.624,-7.604
1762,3,-2.249,6.655,-6.529
1762,4,1.913,3.191,2.613
1762,5,-0.461,5.081,6.319
1762,6,0.211,4.173,12.531
1762,7,-1,4.750,13.19
1762,8,-2.105,3.616,10.885
1762,9,-1.33,2.662,7.1
1762,10,-5.671,6.857,-2.661
1762,11,0.068,2.119,-2.682
1762,12,0.328,2.200,-6.312
1763,1,-0.712,7.601,-9.602
1763,2,-0.109,7.758,-8.679
1763,3,-2.338,3.415,-6.618
1763,4,-1.8,4.719,-1.1
1763,5,-0.497,5.975,6.283
1763,6,0.01,6.616,12.33
1763,7,1.833,2.422,16.023
1763,8,-0.149,5.131,12.841
1763,9,-0.737,5.764,7.693
1763,10,-1.307,1.824,1.703
1763,11,-0.377,4.094,-3.127
1763,12,-1.867,3.675,-8.507
1764,1,0.436,3.011,-8.454
1764,2,3.753,3.493,-4.817
1764,3,1.102,3.305,-3.178
1764,4,-0.005,7.624,0.695
1764,5,-0.409,2.247,6.371
1764,6,-3.151,6.046,9.169
1764,7,1.832,5.412,16.022
1764,8,-1.062,1.935,11.928
1764,9,-1.5,5.283,6.93
1764,10,-1.143,3.098,1.867
1764,11,-1.395,3.867,-4.145
1764,12,-2.144,3.727,-8.784
1765,1,-1.09,10.287,-9.98
1765,2,-1.603,4.711,-10.173
1765,3,1.079,2.844,-3.201
1765,4,0.568,2.031,1.268
1765,5,-1.65,2.212,5.13
1765,6,-2.292,5.149,10.028
1765,7,-1.474,4.893,12.716
1765,8,-1.388,3.448,11.602
1765,9,-1.669,1.648,6.761
1765,10,-1.439,1.794,1.571
1765,11,0.559,3.607,-2.191
1765,12,-0.933,2.505,-7.573
1766,1,-0.187,8.361,-9.077
1766,2,0.349,3.320,-8.221
1766,3,0.87,2.689,-3.41
1766,4,2.832,4.290,3.532
1766,5,-0.88,4.048,5.9
1766,6,1.828,8.477,14.148
1766,7,3.15,3.537,17.34
1766,8,-0.148,3.964,12.842
1766,9,-0.264,3.423,8.166
1766,10,-0.907,3.206,2.103
1766,11,2.055,3.976,-0.695
1766,12,-1.731,4.548,-8.371
1767,1,-5.75,7.432,-14.64
1767,2,0.095,9.423,-8.475
1767,3,0.042,8.095,-4.238
1767,4,-1.915,6.985,-1.215
1767,5,-1.16,2.816,5.62
1767,6,-1.315,5.029,11.005
1767,7,-1.024,5.607,13.166
1767,8,1.37,2.931,14.36
1767,9,1.324,4.143,9.754
1767,10,-0.955,3.892,2.055
1767,11,1.892,10.636,-0.858
1767,12,-1.337,5.383,-7.977
1768,1,-2.064,6.307,-10.954
1768,2,-1.418,7.307,-9.988
1768,3,-3.029,4.800,-7.309
1768,4,-1.889,2.848,-1.189
1768,5,-0.148,2.859,6.632
1768,6,0.048,2.167,12.368
1768,7,1.031,2.846,15.221
1768,8,0.227,2.617,13.217
1768,9,-1.6,3.467,6.83
1768,10,-3.466,2.857,-0.456
1768,11,-0.86,5.623,-3.61
1768,12,1.74,8.492,-4.9
1769,1,1.573,7.284,-7.317
1769,2,-0.041,5.522,-8.611
1769,3,0.592,5.806,-3.688
1769,4,0.651,5.390,1.351
1769,5,0.208,6.576,6.988
1769,6,0.117,2.595,12.437
1769,7,0.048,2.834,14.238
1769,8,-0.564,4.155,12.426
1769,9,-0.265,1.556,8.165
1769,10,-3.841,3.208,-0.831
1769,11,-2.362,1.921,-5.112
1769,12,-1.847,3.880,-8.487
1770,1,-0.913,6.462,-9.803
1770,2,2.132,3.260,-6.438
1770,3,-7.451,3.143,-11.731
1770,4,-1.16,6.708,-0.46
1770,5,0.881,1.756,7.661
1770,6,0.065,5.643,12.385
1770,7,1.184,2.850,15.374
1770,8,0.668,5.326,13.658
1770,9,1.448,3.034,9.878
1770,10,0.391,3.460,3.401
1770,11,-2.863,7.725,-5.613
1770,12,-2.442,5.252,-9.082
1771,1,-2.718,3.116,-11.608
1771,2,-2.35,2.472,-10.92
1771,3,-4.598,3.384,-8.878
1771,4,-3.077,5.095,-2.377
1771,5,1.008,8.068,7.788
1771,6,2.59,2.561,14.91
1771,7,-0.311,1.997,13.879
1771,8,-1.126,3.464,11.864
1771,9,-0.599,2.538,7.831
1771,10,-1.1,2.225,1.91
1771,11,-0.712,2.702,-3.462
1771,12,1.516,4.175,-5.124
1772,1,-1.431,8.054,-10.321
1772,2,-4.115,10.177,-12.685
1772,3,-3.821,3.092,-8.101
1772,4,-1.234,3.451,-0.534
1772,5,-2.276,1.724,4.504
1772,6,-0.725,6.848,11.595
1772,7,0.326,4.039,14.516
1772,8,0.025,5.001,13.015
1772,9,-0.708,3.615,7.722
1772,10,1.316,2.750,4.326
1772,11,2.571,6.395,-0.179
1772,12,1.516,4.424,-5.124
1773,1,0.187,2.208,-8.703
1773,2,0.737,3.774,-7.833
1773,3,0.398,2.712,-3.882
1773,4,1.62,2.954,2.32
1773,5,1.56,2.765,8.34
1773,6,-0.629,2.504,11.691
1773,7,0.919,2.885,15.109
1773,8,1.176,3.031,14.166
1773,9,0.539,2.779,8.969
1773,10,0.613,2.736,3.623
1773,11,0.305,7.772,-2.445
1773,12,0.087,5.236,-6.553
1774,1,-5.383,8.043,-14.273
1774,2,0.909,7.689,-7.661
1774,3,-0.535,3.144,-4.815
1774,4,0.525,5.958,1.225
1774,5,1.393,2.897,8.173
1774,6,1.514,10.130,13.834
1774,7,1.304,9.475,15.494
1774,8,0.08,3.232,13.07
1774,9,-0.814,2.665,7.616
1774,10,-0.752,6.431,2.258
1774,11,-5.905,5.613,-8.655
1774,12,-2.547,6.361,-9.187
1775,1,-0.476,6.957,-9.366
1775,2,2.608,2.154,-5.962
1775,3,1.283,1.875,-2.997
1775,4,0.395,3.872,1.095
1775,5,0.613,6.403,7.393
1775,6,1.181,6.126,13.501
1775,7,2.17,3.975,16.36
1775,8,2.234,5.806,15.224
1775,9,2.439,5.240,10.869
1775,10,1.082,2.465,4.092
1775,11,-1.781,2.962,-4.531
1775,12,0.542,3.021,-6.098
1776,1,-5.322,2.166,-14.212
1776,2,1.999,4.953,-6.571
1776,3,0.071,3.198,-4.209
1776,4,-0.016,3.268,0.684
1776,5,-1.125,5.748,5.655
1776,6,1.072,2.242,13.392
1776,7,2.207,4.907,16.397
1776,8,1.097,3.654,14.087
1776,9,-0.543,4.289,7.887
1776,10,-0.32,5.468,2.69
1776,11,-0.034,3.494,-2.784
1776,12,0.363,3.825,-6.277
1777,1,-0.844,7.171,-9.734
1777,2,-1.36,3.000,-9.93
1777,3,-1.647,2.280,-5.927
1777,4,-1.222,4.349,-0.522
1777,5,1.073,2.918,7.853
1777,6,-0.855,4.365,11.465
1777,7,-0.776,3.199,13.414
1777,8,-0.116,2.679,12.874
1777,9,-1.03,5.292,7.4
1777,10,-1.492,4.756,1.518
1777,11,0.817,3.547,-1.933
1777,12,0.01,2.211,-6.63
1778,1,-1.01,4.970,-9.9
1778,2,1.502,3.760,-7.068
1778,3,-1.018,2.811,-5.298
1778,4,1.264,3.474,1.964
1778,5,0.714,2.273,7.494
1778,6,-0.03,8.282,12.29
1778,7,1.618,2.819,15.808
1778,8,-0.096,5.636,12.894
1778,9,-0.626,2.843,7.804
1778,10,-4.53,4.753,-1.52
1778,11,-1.225,5.758,-3.975
1778,12,0.635,2.017,-6.005
1779,1,0.652,9.423,-8.238
1779,2,5.208,11.745,-3.362
1779,3,3.762,3.856,-0.518
1779,4,1.815,4.779,2.515
1779,5,1.019,2.556,7.799
1779,6,-0.564,5.107,11.756
1779,7,0.837,2.255,15.027
1779,8,2.743,3.155,15.733
1779,9,1.207,2.673,9.637
1779,10,1.712,5.028,4.722
1779,11,-0.256,3.175,-3.006
1779,12,-2.53,4.627,-9.17
1780,1,-2.262,5.738,-11.152
1780,2,0.217,6.970,-8.353
1780,3,1.632,2.799,-2.648
1780,4,0.616,2.550,1.316
1780,5,0.299,4.933,7.079
1780,6,-1.631,7.691,10.689
1780,7,0.629,6.016,14.819
1780,8,0.773,7.800,13.763
1780,9,-1.026,4.306,7.404
1780,10,0.036,2.211,3.046
1780,11,-2.684,2.150,-5.434
1780,12,-1.305,3.451,-7.945
1781,1,-0.575,6.479,-9.465
1781,2,-0.22,9.036,-8.79
1781,3,1.391,1.950,-2.889
1781,4,0.13,4.080,0.83
1781,5,-0.952,3.742,5.828
1781,6,0.912,2.198,13.232
1781,7,0.338,2.139,14.528
1781,8,1.855,2.241,14.845
1781,9,2.381,4.626,10.811
1781,10,-1.069,1.412,1.941
1781,11,0.996,3.753,-1.754
1781,12,-2.963,6.062,-9.603
1782,1,0.545,3.560,-8.345
1782,2,0.302,6.798,-8.268
1782,3,-3.042,7.061,-7.322
1782,4,-1.075,2.044,-0.375
1782,5,-2.206,2.222,4.574
1782,6,-0.627,1.622,11.693
1782,7,-0.34,3.003,13.85
1782,8,1.256,3.044,14.246
1782,9,0.813,2.359,9.243
1782,10,-2.53,5.907,0.48
1782,11,-2.655,4.840,-5.405
1782,12,-0.402,3.697,-7.042
1783,1,-2.197,2.844,-11.087
1783,2,2.058,3.100,-6.512
1783,3,-1.47,2.472,-5.75
1783,4,1.795,2.711,2.495
1783,5,0.765,4.629,7.545
1783,6,0.519,5.681,12.839
1783,7,2.379,2.942,16.569
1783,8,0.02,2.277,13.01
1783,9,1.209,4.614,9.639
1783,10,0.08,5.615,3.09
1783,11,-0.837,5.676,-3.587
1783,12,-1.431,2.274,-8.071
1784,1,-3.433,8.306,-12.323
1784,2,-0.001,9.005,-8.571
1784,3,-6.563,4.461,-10.843
1784,4,-1.446,3.548,-0.746
1784,5,-0.358,1.685,6.422
1784,6,-0.962,2.777,11.358
1784,7,-0.891,3.619,13.299
1784,8,-1.428,3.990,11.562
1784,9,-1.036,4.669,7.394
1784,10,-2.102,1.529,0.908
1784,11,0.143,5.711,-2.607
1784,12,-3.376,2.927,-10.016
1785,1,-0.863,2.718,-9.753
1785,2,-1.596,6.255,-10.166
1785,3,-3.718,5.759,-7.998
1785,4,-2.142,4.822,-1.442
1785,5,-2.166,1.939,4.614
1785,6,0.182,4.957,12.502
1785,7,1.143,2.465,15.333
1785,8,-0.233,2.009,12.757
1785,9,-1.593,1.644,6.837
1785,10,-1.811,6.692,1.199
1785,11,-0.099,1.258,-2.849
1785,12,-2.175,2.328,-8.815
1786,1,-3.097,2.195,-11.987
1786,2,-0.013,3.642,-8.583
1786,3,-4.478,4.651,-8.758
1786,4,-0.564,2.429,0.136
1786,5,-1.003,2.921,5.777
1786,6,0.315,3.443,12.635
1786,7,-0.622,2.570,13.568
1786,8,1.277,2.074,14.267
1786,9,0.021,1.945,8.451
1786,10,-1.322,4.086,1.688
1786,11,-4.41,2.794,-7.16
1786,12,-1.365,2.499,-8.005
1787,1,1.858,8.402,-7.032
1787,2,3.15,5.039,-5.42
1787,3,0.962,3.419,-3.318
1787,4,-1.616,3.267,-0.916
1787,5,-0.009,1.694,6.771
1787,6,0.573,2.599,12.893
1787,7,-0.743,3.809,13.447
1787,8,-1.575,1.592,11.415
1787,9,-0.421,2.602,8.009
1787,10,0.422,1.755,3.432
1787,11,-2.558,4.654,-5.308
1787,12,-3.01,3.080,-9.65
1788,1,0.139,5.420,-8.751
1788,2,-2.106,4.511,-10.676
1788,3,-3.94,4.641,-8.22
1788,4,1.839,5.243,2.539
1788,5,-0.129,2.028,6.651
1788,6,0.867,1.667,13.187
1788,7,2.582,4.230,16.772
1788,8,0.154,2.762,13.144
1788,9,1.53,3.392,9.96
1788,10,-2.056,3.744,0.954
1788,11,-0.839,3.384,-3.589
1788,12,-8.508,5.614,-15.148
1789,1,-3.609,4.135,-12.499
1789,2,0.104,1.711,-8.466
1789,3,-7.041,6.099,-11.321
1789,4,-1.45,2.674,-0.75
1789,5,0.734,5.234,7.514
1789,6,2.085,1.466,14.405
1789,7,2.693,2.839,16.883
1789,8,2.24,1.491,15.23
1789,9,1.612,1.804,10.042
1789,10,1.221,2.754,4.231
1789,11,0.649,4.511,-2.101
1789,12,3.515,3.570,-3.125
1790,1,3.22,2.422,-5.67
1790,2,4.476,4.471,-4.094
1790,3,3.525,3.483,-0.755
1790,4,-2.309,1.544,-1.609
1790,5,1.645,4.636,8.425
1790,6,-1.265,2.036,11.055
1790,7,-1.56,2.003,12.63
1790,8,-1.042,1.402,11.948
1790,9,-1.092,1.949,7.338
1790,10,-1.99,2.085,1.02
1790,11,-1.33,1.975,-4.08
1790,12,0.315,6.226,-6.325
1791,1,4.753,5.562,-4.137
1791,2,3.499,3.327,-5.071
1791,3,2.599,3.558,-1.681
1791,4,0.299,2.296,0.999
1791,5,-0.802,1.554,5.978
1791,6,-1.125,3.117,11.195
1791,7,1.81,2.373,16
1791,8,0.73,2.038,13.72
1791,9,-1.021,2.134,7.409
1791,10,-1.898,1.860,1.112
1791,11,-1.088,3.421,-3.838
1791,12,-0.787,2.164,-7.427
1792,1,-2.431,3.838,-11.321
1792,2,-0.985,5.142,-9.555
1792,3,-1.198,2.488,-5.478
1792,4,0.972,1.928,1.672
1792,5,-0.024,2.044,6.756
1792,6,0.651,1.695,12.971
1792,7,2.27,3.763,16.46
1792,8,-0.428,3.004,12.562
1792,9,0.394,2.669,8.824
1792,10,-2.454,2.134,0.556
1792,11,1.899,2.656,-0.851
1792,12,0.388,2.528,-6.252
1793,1,0.933,2.775,-7.957
1793,2,1.856,2.488,-6.714
1793,3,0.584,2.116,-3.696
1793,4,0.795,3.292,1.495
1793,5,0.368,1.652,7.148
1793,6,0.209,3.832,12.529
1793,7,0.085,3.681,14.275
1793,8,0.088,3.727,13.078
1793,9,-0.682,3.829,7.748
1793,10,-0.109,3.167,2.901
1793,11,-1.234,6.239,-3.984
1793,12,-2.968,3.434,-9.608
1794,1,0.471,3.906,-8.419
1794,2,1.563,6.519,-7.007
1794,3,3.944,2.351,-0.336
1794,4,3.526,3.402,4.226
1794,5,0.973,2.818,7.753
1794,6,0.195,4.030,12.515
1794,7,1.077,5.970,15.267
1794,8,0.32,2.615,13.31
1794,9,-0.472,1.634,7.958
1794,10,0.324,1.878,3.334
1794,11,-0.993,3.303,-3.743
1794,12,0.301,4.451,-6.339
1795,1,-1.916,2.800,-10.806
1795,2,-2.131,4.329,-10.701
1795,3,-3.947,1.826,-8.227
1795,4,1.167,4.243,1.867
1795,5,-1.56,3.635,5.22
1795,6,-0.765,3.143,11.555
1795,7,-0.153,2.215,14.037
1795,8,0.122,2.657,13.112
1795,9,0.564,2.225,8.994
1795,10,-0.375,3.825,2.635
1795,11,-0.614,3.882,-3.364
1795,12,-1.897,4.392,-8.537
1796,1,3.247,3.737,-5.643
1796,2,1.808,4.122,-6.762
1796,3,-1.498,3.420,-5.778
1796,4,1.309,2.772,2.009
1796,5,0.022,1.415,6.802
1796,6,-0.067,3.875,12.253
1796,7,1.174,2.775,15.364
1796,8,0.833,4.810,13.823
1796,9,-0.115,4.277,8.315
1796,10,-0.321,1.798,2.689
1796,11,-0.739,3.230,-3.489
1796,12,-3.937,4.555,-10.577
1797,1,2.691,6.307,-6.199
1797,2,7.092,4.772,-1.478
1797,3,1.371,5.431,-2.909
1797,4,1.766,6.003,2.466
1797,5,-0.335,4.307,6.445
1797,6,-0.479,3.266,11.841
1797,7,0.801,2.440,14.991
1797,8,0.65,5.086,13.64
1797,9,1.7,4.671,10.13
1797,10,-0.333,2.130,2.677
1797,11,-1.521,2.766,-4.271
1797,12,-0.188,3.242,-6.828
1798,1,0.557,2.455,-8.333
1798,2,2.295,3.479,-6.275
1798,3,-0.376,3.153,-4.656
1798,4,1.215,1.989,1.915
1798,5,3.604,3.095,10.384
1798,6,0.755,1.941,13.075
1798,7,2.353,2.075,16.543
1798,8,1.178,5.181,14.168
1798,9,0.651,2.748,9.081
1798,10,0.58,2.441,3.59
1798,11,0.566,4.778,-2.184
1798,12,-3.179,3.439,-9.819
1799,1,0.746,1.622,-8.144
1799,2,-6.143,2.319,-14.713
1799,3,-2.037,3.663,-6.317
1799,4,-1.091,3.161,-0.391
1799,5,-2.003,1.725,4.777
1799,6,-1.423,2.670,10.897
1799,7,0.076,1.817,14.266
1799,8,-0.967,1.942,12.023
1799,9,-1.188,2.883,7.242
1799,10,-1.08,1.546,1.93
1799,11,3.33,1.668,0.58
1799,12,-2.344,2.816,-8.984
1800,1,-2.883,1.543,-11.773
1800,2,1.44,3.538,-7.13
1800,3,-3.843,2.775,-8.123
1800,4,1.615,1.400,2.315
1800,5,0.041,1.682,6.821
1800,6,-3.11,1.727,9.21
1800,7,-1.727,2.615,12.463
1800,8,-1.066,2.323,11.924
1800,9,-0.804,2.003,7.626
1800,10,-0.058,2.452,2.952
1800,11,1.558,3.305,-1.192
1800,12,1.409,1.838,-5.231
1801,1,0.335,2.537,-8.555
1801,2,-1.286,3.661,-9.856
1801,3,0.474,1.721,-3.806
1801,4,1.392,1.517,2.092
1801,5,3.132,2.624,9.912
1801,6,-1.231,2.952,11.089
1801,7,0.911,3.003,15.101
1801,8,-1.79,2.141,11.2
1801,9,-0.01,1.679,8.42
1801,10,-0.274,5.028,2.736
1801,11,-0.33,1.992,-3.08
1801,12,-3.82,2.959,-10.46
1802,1,-2.181,4.159,-11.071
1802,2,0.98,4.791,-7.59
1802,3,1.454,2.743,-2.826
1802,4,1.56,3.157,2.26
1802,5,-2.287,3.684,4.493
1802,6,-1.108,3.295,11.212
1802,7,-1.5,2.249,12.69
1802,8,0.083,3.437,13.073
1802,9,-1.044,1.851,7.386
1802,10,0.81,3.112,3.82
1802,11,-1.569,2.864,-4.319
1802,12,-1.57,1.375,-8.21
1803,1,-4.665,2.783,-13.555
1803,2,-1.286,4.607,-9.856
1803,3,0.03,3.896,-4.25
1803,4,2.641,1.534,3.341
1803,5,0.107,2.635,6.887
1803,6,-1.011,1.234,11.309
1803,7,0.969,2.558,15.159
1803,8,0.95,3.161,13.94
1803,9,-1.422,1.682,7.008
1803,10,-1.42,4.028,1.59
1803,11,-1.633,1.464,-4.383
1803,12,-4.37,2.771,-11.01
1804,1,-0.427,6.539,-9.317
1804,2,-2.614,2.365,-11.184
1804,3,-3.438,3.272,-7.718
1804,4,-0.104,2.116,0.596
1804,5,1.059,2.276,7.839
1804,6,-0.219,2.140,12.101
1804,7,1.666,1.758,15.856
1804,8,0.559,2.700,13.549
1804,9,0.86,3.896,9.29
1804,10,0.463,1.432,3.473
1804,11,-2.12,4.550,-4.87
1804,12,-4.455,4.997,-11.095
1805,1,-0.962,2.179,-9.852
1805,2,-2.307,1.959,-10.877
1805,3,-0.852,1.522,-5.132
1805,4,-0.918,2.612,-0.218
1805,5,-2.099,2.147,4.681
1805,6,-2.915,2.375,9.405
1805,7,0.377,2.003,14.567
1805,8,0.518,2.435,13.508
1805,9,0.417,4.459,8.847
1805,10,-4.379,3.031,-1.369
1805,11,-1.819,4.580,-4.569
1805,12,-1.595,2.915,-8.235
1806,1,0.778,3.148,-8.112
1806,2,0.362,2.777,-8.208
1806,3,-1.821,1.726,-6.101
1806,4,-1.461,4.053,-0.761
1806,5,0.28,2.119,7.06
1806,6,-2.467,1.868,9.853
1806,7,-1.303,1.896,12.887
1806,8,0.775,2.072,13.765
1806,9,1.429,4.873,9.859
1806,10,-0.872,2.265,2.138
1806,11,-0.304,2.792,-3.054
1806,12,1.433,2.980,-5.207
1807,1,-0.659,5.060,-9.549
1807,2,2.064,1.027,-6.506
1807,3,-1.495,3.296,-5.775
1807,4,-2.112,3.031,-1.412
1807,5,-1.327,1.774,5.453
1807,6,-1.042,2.618,11.278
1807,7,0.861,1.626,15.051
1807,8,2.501,2.704,15.491
1807,9,-1.694,1.700,6.736
1807,10,-1.725,0.853,1.285
1807,11,-1.228,1.863,-3.978
1807,12,-0.386,1.415,-7.026
1808,1,1.219,8.103,-7.671
1808,2,-1.168,2.703,-9.738
1808,3,-2.303,5.349,-6.583
1808,4,-2.671,2.194,-1.971
1808,5,0.817,3.372,7.597
1808,6,0.531,2.375,12.851
1808,7,1.327,2.472,15.517
1808,8,0.964,1.247,13.954
1808,9,0.431,3.040,8.861
1808,10,0.121,4.314,3.131
1808,11,-0.901,2.439,-3.651
1808,12,-4.319,3.022,-10.959
1809,1,-6.515,5.180,-15.405
1809,2,-1.915,3.334,-10.485
1809,3,-2.437,4.498,-6.717
1809,4,-3.397,4.704,-2.697
1809,5,0.595,3.230,7.375
1809,6,-0.404,2.401,11.916
1809,7,0.177,3.791,14.367
1809,8,1.424,3.060,14.414
1809,9,-0.029,2.518,8.401
1809,10,-0.948,5.440,2.062
1809,11,-2.385,3.599,-5.135
1809,12,2.527,3.163,-4.113
1810,1,0.335,3.055,-8.555
1810,2,-0.157,4.697,-8.727
1810,3,-2.927,3.072,-7.207
1810,4,-2.073,2.425,-1.373
1810,5,-3.072,2.982,3.708
1810,6,-1.162,3.629,11.158
1810,7,-0.091,3.110,14.099
1810,8,0.246,2.874,13.236
1810,9,0.045,2.934,8.475
1810,10,-1.617,3.270,1.393
1810,11,-2.287,5.111,-5.037
1810,12,-1.624,4.475,-8.264
1811,1,-0.494,1.379,-9.384
1811,2,-0.078,3.403,-8.648
1811,3,2.583,5.154,-1.697
1811,4,-1.316,1.566,-0.616
1811,5,1.178,2.018,7.958
1811,6,1.06,2.226,13.38
1811,7,1.576,3.288,15.766
1811,8,-0.131,3.924,12.859
1811,9,-0.363,4.647,8.067
1811,10,-1.421,4.790,1.589
1811,11,-0.053,2.068,-2.803
1811,12,-0.431,3.941,-7.071
1812,1,-0.369,6.929,-9.259
1812,2,1.871,4.277,-6.699
1812,3,-3.515,2.492,-7.795
1812,4,-3.461,4.931,-2.761
1812,5,-1.948,1.169,4.832
1812,6,-1.803,1.541,10.517
1812,7,-2.072,2.561,12.118
1812,8,0.108,1.576,13.098
1812,9,-2.385,6.014,6.045
1812,10,0.207,2.666,3.217
1812,11,-2.783,4.455,-5.533
1812,12,-4.451,6.093,-11.091
1813,1,-0.332,5.235,-9.222
1813,2,3.202,2.133,-5.368
1813,3,1.059,3.713,-3.221
1813,4,0.718,3.501,1.418
1813,5,-0.955,7.538,5.825
1813,6,-1.659,2.074,10.661
1813,7,1.262,2.153,15.452
1813,8,-0.273,1.709,12.717
1813,9,0.667,4.123,9.097
1813,10,-3.335,2.209,-0.325
1813,11,0.573,2.467,-2.177
1813,12,-0.872,3.894,-7.512
1814,1,-7.601,4.275,-16.491
1814,2,-2.161,2.574,-10.731
1814,3,-1.894,4.502,-6.174
1814,4,1.166,2.501,1.866
1814,5,-2.272,4.176,4.508
1814,6,-1.529,1.304,10.791
1814,7,1.204,3.944,15.394
1814,8,0.051,3.143,13.041
1814,9,-0.773,2.146,7.657
1814,10,-1.423,4.849,1.587
1814,11,0.25,5.314,-2.5
1814,12,-1.023,5.042,-7.663
1815,1,-0.716,1.968,-9.606
1815,2,1.967,5.794,-6.603
1815,3,0.766,4.517,-3.514
1815,4,0.974,2.696,1.674
1815,5,-0.074,2.057,6.706
1815,6,-1.866,2.439,10.454
1815,7,-1.574,3.750,12.616
1815,8,0.34,2.348,13.33
1815,9,-0.575,1.434,7.855
1815,10,-0.224,3.741,2.786
1815,11,-0.169,3.666,-2.919
1815,12,-1.675,2.383,-8.315
1816,1,0.436,4.516,-8.454
1816,2,-3.195,3.856,-11.765
1816,3,-2.71,4.341,-6.99
1816,4,-0.707,2.462,-0.007
1816,5,-2.441,1.933,4.339
1816,6,-0.869,2.432,11.451
1816,7,0.382,2.581,14.572
1816,8,-1.468,1.824,11.522
1816,9,-0.666,1.915,7.764
1816,10,-2.095,7.468,0.915
1816,11,-1.18,7.300,-3.93
1816,12,0.058,3.329,-6.582
1817,1,3.249,5.389,-5.641
1817,2,3.127,5.327,-5.443
1817,3,-1.427,3.450,-5.707
1817,4,-1.044,2.649,-0.344
1817,5,0.447,2.287,7.227
1817,6,-1.205,1.943,11.115
1817,7,-0.212,3.591,13.978
1817,8,-1.224,1.856,11.766
1817,9,0.084,3.977,8.514
1817,10,-3.334,4.799,-0.324
1817,11,-0.193,2.317,-2.943
1817,12,-5.254,5.071,-11.894
1818,1,0.805,2.695,-8.085
1818,2,-0.901,2.356,-9.471
1818,3,0.203,2.677,-4.077
1818,4,-2.781,1.477,-2.081
1818,5,-0.444,7.388,6.336
1818,6,0.327,7.817,12.647
1818,7,2.171,2.881,16.361
1818,8,-2.097,2.620,10.893
1818,9,0.085,2.264,8.515
1818,10,0.514,5.775,3.524
1818,11,0.582,3.759,-2.168
1818,12,3.106,2.380,-3.534
1819,1,3.744,3.309,-5.146
1819,2,0.87,5.357,-7.7
1819,3,-0.012,7.729,-4.292
1819,4,-0.46,2.227,0.24
1819,5,0.228,3.495,7.008
1819,6,1.656,4.891,13.976
1819,7,3.121,2.275,17.311
1819,8,2.899,3.180,15.889
1819,9,1.356,3.024,9.786
1819,10,-2.412,2.217,0.598
1819,11,-3.118,1.839,-5.868
1819,12,-4.8,2.863,-11.44
1820,1,-5.77,3.458,-14.66
1820,2,1.042,3.863,-7.528
1820,3,-0.637,2.522,-4.917
1820,4,0.677,2.148,1.377
1820,5,0.929,1.736,7.709
1820,6,0.298,1.569,12.618
1820,7,0.668,1.533,14.858
1820,8,-0.499,2.716,12.491
1820,9,-0.279,2.475,8.151
1820,10,-1.599,2.178,1.411
1820,11,-2.124,1.539,-4.874
1820,12,-3.811,1.506,-10.451
1821,1,-2.55,3.371,-11.44
1821,2,1.087,5.107,-7.483
1821,3,-1.034,3.219,-5.314
1821,4,1.257,1.688,1.957
1821,5,0.283,3.043,7.063
1821,6,-3.133,3.612,9.187
1821,7,-1.895,3.592,12.295
1821,8,-1.608,1.674,11.382
1821,9,-0.18,2.248,8.25
1821,10,1.797,1.583,4.807
1821,11,-0.566,2.884,-3.316
1821,12,1.191,1.567,-5.449
1822,1,0.841,2.733,-8.049
1822,2,5.597,1.654,-2.973
1822,3,3.917,3.404,-0.363
1822,4,2.079,2.374,2.779
1822,5,1.514,1.316,8.294
1822,6,-0.838,1.276,11.482
1822,7,-0.197,1.244,13.993
1822,8,0.812,1.557,13.802
1822,9,-1.289,2.374,7.141
1822,10,-0.447,2.231,2.563
1822,11,0.801,2.198,-1.949
1822,12,1.232,2.696,-5.408
1823,1,-5.005,1.460,-13.895
1823,2,-1.784,1.539,-10.354
1823,3,1.024,2.076,-3.256
1823,4,-0.542,2.946,0.158
1823,5,-0.438,2.369,6.342
1823,6,0.116,1.898,12.436
1823,7,0.19,1.143,14.38
1823,8,0.881,1.350,13.871
1823,9,-0.902,1.687,7.528
1823,10,1.284,2.191,4.294
1823,11,0.105,3.419,-2.645
1823,12,0.607,1.343,-6.033
1824,1,2.818,1.493,-6.072
1824,2,3.149,3.746,-5.421
1824,3,-0.166,1.409,-4.446
1824,4,0.629,1.640,1.329
1824,5,-0.587,1.666,6.193
1824,6,0.587,3.032,12.907
1824,7,0.018,2.727,14.208
1824,8,-0.121,1.955,12.869
1824,9,1.435,3.481,9.865
1824,10,-2.432,1.237,0.578
1824,11,-1.775,1.571,-4.525
1824,12,-0.657,2.447,-7.297
1825,1,3.215,2.748,-5.675
1825,2,1.351,1.174,-7.219
1825,3,-0.188,1.664,-4.468
1825,4,0.909,1.690,1.609
1825,5,0.224,1.732,7.004
1825,6,-0.388,1.659,11.932
1825,7,-0.697,2.923,13.493
1825,8,-0.155,3.251,12.835
1825,9,-0.653,2.846,7.777
1825,10,-0.061,1.951,2.949
1825,11,-0.172,3.299,-2.922
1825,12,0.728,1.708,-5.912
1826,1,-1.086,1.496,-9.976
1826,2,4.404,1.387,-4.166
1826,3,1.987,1.940,-2.293
1826,4,0.32,2.302,1.02
1826,5,1.963,1.463,8.743
1826,6,1.962,2.016,14.282
1826,7,3.687,2.473,17.877
1826,8,2.105,2.459,15.095
1826,9,-0.726,1.627,7.704
1826,10,0.737,1.706,3.747
1826,11,0.145,1.478,-2.605
1826,12,1.577,2.165,-5.063
1827,1,-2.007,3.814,-10.897
1827,2,-2.951,2.753,-11.521
1827,3,-0.062,2.266,-4.342
1827,4,1.485,2.949,2.185
1827,5,2.664,2.289,9.444
1827,6,1.985,2.129,14.305
1827,7,-1.021,1.397,13.169
1827,8,-0.98,2.713,12.01
1827,9,0.824,1.664,9.254
1827,10,-1.382,1.737,1.628
1827,11,-2.44,1.856,-5.19
1827,12,1.782,2.697,-4.858
1828,1,-1.639,1.442,-10.529
1828,2,-1.328,2.365,-9.898
1828,3,-0.189,2.123,-4.469
1828,4,-0.352,3.015,0.348
1828,5,1.598,2.439,8.378
1828,6,1.213,2.221,13.533
1828,7,1.489,1.872,15.679
1828,8,-0.188,1.359,12.802
1828,9,-1.333,1.304,7.097
1828,10,-0.185,1.784,2.825
1828,11,-0.652,1.707,-3.402
1828,12,-1.013,3.357,-7.653
1829,1,-2.956,2.245,-11.846
1829,2,-3.809,2.650,-12.379
1829,3,-2.972,1.304,-7.252
1829,4,-2.532,1.505,-1.832
1829,5,0.046,2.271,6.826
1829,6,0.757,1.801,13.077
1829,7,1.169,1.722,15.359
1829,8,-1.158,1.354,11.832
1829,9,-0.129,1.168,8.301
1829,10,-2.378,1.285,0.632
1829,11,-3.534,1.635,-6.284
1829,12,-3.191,2.111,-9.831
1830,1,-2.071,2.650,-10.961
1830,2,-2.073,2.514,-10.643
1830,3,1.183,1.378,-3.097
1830,4,0.247,1.417,0.947
1830,5,-0.642,1.679,6.138
1830,6,-0.238,2.416,12.082
1830,7,0.843,2.362,15.033
1830,8,-1.395,2.173,11.595
1830,9,-0.525,1.387,7.905
1830,10,-0.464,0.892,2.546
1830,11,0.366,3.524,-2.384
1830,12,-2.828,2.200,-9.468
1831,1,-3.624,3.399,-12.514
1831,2,-0.167,6.825,-8.737
1831,3,-1.804,2.401,-6.084
1831,4,0.608,1.236,1.308
1831,5,0.309,2.634,7.089
1831,6,1.81,3.722,14.13
1831,7,2.385,1.610,16.575
1831,8,1.373,2.082,14.363
1831,9,-1.165,1.778,7.265
1831,10,0.58,1.514,3.59
1831,11,-1.687,2.000,-4.437
1831,12,0.453,4.145,-6.187
1832,1,1.545,2.493,-7.345
1832,2,3.325,3.020,-5.245
1832,3,1.638,2.159,-2.642
1832,4,1.679,1.881,2.379
1832,5,-1.349,2.339,5.431
1832,6,0.7,2.816,13.02
1832,7,-2.178,3.077,12.012
1832,8,-0.932,2.950,12.058
1832,9,-2.325,1.903,6.105
1832,10,0.859,1.603,3.869
1832,11,-0.487,2.034,-3.237
1832,12,1.07,2.345,-5.57
1833,1,1.612,3.161,-7.278
1833,2,1.236,1.572,-7.334
1833,3,-1.723,2.734,-6.003
1833,4,-1.315,1.152,-0.615
1833,5,1.718,1.566,8.498
1833,6,0.368,2.044,12.688
1833,7,0.457,2.077,14.647
1833,8,-2.903,1.574,10.087
1833,9,0.685,1.478,9.115
1833,10,0.712,1.657,3.722
1833,11,0.51,2.859,-2.24
1833,12,-1.189,2.458,-7.829
1834,1,-1.199,2.360,-10.089
1834,2,2.852,1.679,-5.718
1834,3,1.555,1.252,-2.725
1834,4,-0.192,2.219,0.508
1834,5,0.534,1.148,7.314
1834,6,-0.435,1.726,11.885
1834,7,2.819,1.776,17.009
1834,8,2.038,1.793,15.028
1834,9,-0.098,1.679,8.332
1834,10,-0.795,1.339,2.215
1834,11,-1.689,1.219,-4.439
1834,12,0.22,1.541,-6.42
1835,1,1.79,1.764,-7.1
1835,2,2.39,2.732,-6.18
1835,3,0.575,2.830,-3.705
1835,4,-1.3,1.588,-0.6
1835,5,-1.969,1.813,4.811
1835,6,-0.197,2.000,12.123
1835,7,-0.596,1.679,13.594
1835,8,-1.937,1.165,11.053
1835,9,0.912,1.746,9.342
1835,10,-0.209,1.881,2.801
1835,11,-2.287,2.814,-5.037
1835,12,-2.849,3.664,-9.489
1836,1,-0.838,2.213,-9.728
1836,2,0.945,1.605,-7.625
1836,3,1.478,1.597,-2.802
1836,4,0.554,2.271,1.254
1836,5,-1.783,1.799,4.997
1836,6,-1.522,1.757,10.798
1836,7,-1.349,1.292,12.841
1836,8,-2.406,3.282,10.584
1836,9,-2.438,2.271,5.992
1836,10,-0.553,2.871,2.457
1836,11,-2.305,3.106,-5.055
1836,12,-1.749,1.507,-8.389
1837,1,-1.538,2.761,-10.428
1837,2,2.986,3.169,-5.584
1837,3,-3.123,1.986,-7.403
1837,4,-1.423,1.569,-0.723
1837,5,-0.97,3.064,5.81
1837,6,-1.74,1.820,10.58
1837,7,-2.034,2.304,12.156
1837,8,-0.323,1.651,12.667
1837,9,-0.509,1.841,7.921
1837,10,-0.342,2.082,2.668
1837,11,0.182,2.370,-2.568
1837,12,0.087,2.539,-6.553
1838,1,-5.783,3.297,-14.673
1838,2,-4.482,2.223,-13.052
1838,3,-2.596,2.973,-6.876
1838,4,-2.354,2.434,-1.654
1838,5,-1.277,1.343,5.503
1838,6,-1.326,1.430,10.994
1838,7,-0.114,1.582,14.076
1838,8,-1.82,1.781,11.17
1838,9,0.387,2.156,8.817
1838,10,-1.68,2.153,1.33
1838,11,-2.088,2.407,-4.838
1838,12,0.128,1.919,-6.512
1839,1,-0.182,2.245,-9.072
1839,2,1.2,2.403,-7.37
1839,3,-4.325,2.110,-8.605
1839,4,-3.247,1.749,-2.547
1839,5,0.543,1.589,7.323
1839,6,-0.964,1.335,11.356
1839,7,1.28,1.941,15.47
1839,8,-1.043,1.989,11.947
1839,9,0.639,1.794,9.069
1839,10,0.964,2.449,3.974
1839,11,-1.15,1.583,-3.9
1839,12,-3.231,2.499,-9.871
1840,1,0.061,1.983,-8.829
1840,2,1.926,1.585,-6.644
1840,3,-0.008,2.739,-4.288
1840,4,0.324,1.546,1.024
1840,5,-2.287,1.704,4.493
1840,6,-1.167,1.401,11.153
1840,7,-1.269,1.464,12.921
1840,8,0.069,1.911,13.059
1840,9,0.251,1.618,8.681
1840,10,-2.635,1.556,0.375
1840,11,-0.645,1.764,-3.395
1840,12,-2.161,1.620,-8.801
1841,1,-3.432,1.922,-12.322
1841,2,-1,2.438,-9.57
1841,3,0.991,1.495,-3.289
1841,4,1.189,2.748,1.889
1841,5,1.528,1.286,8.308
1841,6,-0.75,1.559,11.57
1841,7,-1.847,1.595,12.343
1841,8,-0.146,1.374,12.844
1841,9,-0.082,1.323,8.348
1841,10,-1.772,1.536,1.238
1841,11,-1.742,1.342,-4.492
1841,12,1.386,2.797,-5.254
1842,1,0.083,1.856,-8.807
1842,2,4.234,1.521,-4.336
1842,3,0.583,1.516,-3.697
1842,4,-0.38,1.584,0.32
1842,5,1.659,1.501,8.439
1842,6,-0.601,2.224,11.719
1842,7,-0.617,1.472,13.573
1842,8,2.141,1.621,15.131
1842,9,-0.511,1.416,7.919
1842,10,-1.986,1.346,1.024
1842,11,-2.687,1.789,-5.437
1842,12,2.618,1.799,-4.022
1843,1,2.472,1.584,-6.418
1843,2,0.788,1.523,-7.782
1843,3,-1.872,1.453,-6.152
1843,4,-2.283,1.151,-1.583
1843,5,-1.896,1.424,4.884
1843,6,-1.14,1.282,11.18
1843,7,0.184,1.170,14.374
1843,8,1.594,1.378,14.584
1843,9,-0.093,1.330,8.337
1843,10,-2.534,1.249,0.476
1843,11,-0.365,1.600,-3.115
1843,12,3.073,2.477,-3.567
1844,1,-0.825,1.896,-9.715
1844,2,-5.805,1.417,-14.375
1844,3,-2.091,1.584,-6.371
1844,4,0.421,1.761,1.121
1844,5,1.209,1.097,7.989
1844,6,-1.899,1.265,10.421
1844,7,-1.178,1.155,13.012
1844,8,0.192,1.224,13.182
1844,9,-0.519,1.198,7.911
1844,10,-0.845,1.114,2.165
1844,11,-2.316,1.185,-5.066
1844,12,-4.017,1.729,-10.657
1845,1,2.085,1.803,-6.805
1845,2,-5.442,2.346,-14.012
1845,3,-4.886,1.242,-9.166
1845,4,-0.8,1.277,-0.1
1845,5,-0.943,1.364,5.837
1845,6,-0.166,1.330,12.154
1845,7,0.69,1.449,14.88
1845,8,0.366,1.294,13.356
1845,9,-0.76,2.270,7.67
1845,10,-1.932,1.890,1.078
1845,11,1.077,1.582,-1.673
1845,12,-0.456,2.008,-7.096
1846,1,-0.145,4.994,-9.035
1846,2,0.02,2.335,-8.55
1846,3,2.263,1.242,-2.017
1846,4,0.391,2.455,1.091
1846,5,-0.791,1.262,5.989
1846,6,-0.041,2.196,12.279
1846,7,1.178,2.052,15.368
1846,8,3.891,1.224,16.881
1846,9,0.528,1.457,8.958
1846,10,2.2,2.464,5.21
1846,11,0.363,1.980,-2.387
1846,12,-4.44,1.938,-11.08
1847,1,-0.122,2.265,-9.012
1847,2,-1.099,1.751,-9.669
1847,3,-0.552,2.334,-4.832
1847,4,-2.818,1.962,-2.118
1847,5,-0.59,1.275,6.19
1847,6,0.361,1.348,12.681
1847,7,-0.125,1.838,14.065
1847,8,1.019,1.461,14.009
1847,9,-0.203,1.333,8.227
1847,10,-1.763,1.123,1.247
1847,11,2.692,1.588,-0.058
1847,12,1.082,2.172,-5.558
1848,1,-3.054,2.133,-11.944
1848,2,1.442,1.955,-7.128
1848,3,1.098,1.142,-3.182
1848,4,0.673,1.084,1.373
1848,5,0.665,1.835,7.445
1848,6,-0.377,1.586,11.943
1848,7,-1.27,1.565,12.92
1848,8,-1.131,1.075,11.859
1848,9,-0.497,1.170,7.933
1848,10,-1.409,1.398,1.601
1848,11,-2.008,1.053,-4.758
1848,12,-0.469,1.686,-7.109
1849,1,-2.851,2.157,-11.741
1849,2,2.201,2.221,-6.369
1849,3,-0.244,2.226,-4.524
1849,4,-1.288,1.275,-0.588
1849,5,0.261,1.093,7.041
1849,6,-2.789,1.672,9.531
1849,7,-0.3,1.891,13.89
1849,8,-0.668,1.520,12.322
1849,9,-0.953,1.066,7.477
1849,10,-2.196,1.003,0.814
1849,11,-0.988,2.180,-3.738
1849,12,-1.963,0.977,-8.603
1850,1,-4.979,2.212,-13.869
1850,2,1.94,2.674,-6.63
1850,3,-2.754,1.939,-7.034
1850,4,0.327,1.574,1.027
1850,5,0.82,1.074,7.6
1850,6,-0.428,1.008,11.892
1850,7,0.338,1.177,14.528
1850,8,0.087,1.069,13.077
1850,9,-1.063,1.025,7.367
1850,10,-2.115,1.360,0.895
1850,11,-1.701,2.787,-4.451
1850,12,1.29,2.427,-5.35
1851,1,1.641,1.082,-7.249
1851,2,1.417,1.776,-7.153
1851,3,-2.099,1.021,-6.379
1851,4,0.221,1.396,0.921
1851,5,-1.368,1.294,5.412
1851,6,-1.031,1.408,11.289
1851,7,-0.176,0.833,14.014
1851,8,-1.391,0.932,11.599
1851,9,0.41,0.960,8.84
1851,10,1.087,1.841,4.097
1851,11,-1.172,2.184,-3.922
1851,12,2.377,1.664,-4.263
1852,1,0.894,1.326,-7.996
1852,2,0.275,1.777,-8.295
1852,3,0.131,1.605,-4.149
1852,4,-2.336,1.320,-1.636
1852,5,1.228,1.990,8.008
1852,6,1.711,0.944,14.031
1852,7,1.767,0.768,15.957
1852,8,1.88,1.209,14.87
1852,9,0.338,0.711,8.768
1852,10,-3.587,0.975,-0.577
1852,11,-3.077,1.447,-5.827
1852,12,-0.315,1.476,-6.955
1853,1,2.184,2.436,-6.706
1853,2,-2.559,2.543,-11.129
1853,3,-5.035,1.464,-9.315
1853,4,-1.701,1.045,-1.001
1853,5,0.213,1.162,6.993
1853,6,2.227,0.869,14.547
1853,7,1.607,0.900,15.797
1853,8,-0.573,0.855,12.417
1853,9,0.556,1.009,8.986
1853,10,-0.349,1.400,2.661
1853,11,0.857,1.093,-1.893
1853,12,-0.352,1.163,-6.992
1854,1,-1.671,1.740,-10.561
1854,2,1.102,0.729,-7.468
1854,3,2.286,1.129,-1.994
1854,4,0.231,1.916,0.931
1854,5,1.282,0.910,8.062
1854,6,0.837,0.624,13.157
1854,7,1.711,1.239,15.901
1854,8,1.349,1.052,14.339
1854,9,-0.66,0.782,7.77
1854,10,-0.538,1.381,2.472
1854,11,-2.065,1.279,-4.815
1854,12,-0.151,2.858,-6.791
1855,1,-1.503,1.304,-10.393
1855,2,-4.997,1.800,-13.567
1855,3,-2.291,1.090,-6.571
1855,4,-0.521,1.860,0.179
1855,5,-0.968,0.969,5.812
1855,6,-0.364,1.245,11.956
1855,7,2.895,1.200,17.085
1855,8,-0.422,0.899,12.568
1855,9,-0.942,0.865,7.488
1855,10,-1.08,1.627,1.93
1855,11,-0.595,0.964,-3.345
1855,12,-4.199,1.928,-10.839
1856,1,-0.389,0.722,-9.279
1856,2,-0.797,1.466,-9.367
1856,3,-1.617,1.596,-5.897
1856,4,-0.225,1.134,0.475
1856,5,-1.871,0.785,4.909
1856,6,-1.555,1.766,10.765
1856,7,-1.11,1.338,13.08
1856,8,-2.945,1.091,10.045
1856,9,-1.195,0.928,7.235
1856,10,-0.25,0.919,2.76
1856,11,-4.776,0.746,-7.526
1856,12,-1.809,1.959,-8.449
1857,1,-3.05,1.041,-11.94
1857,2,2.504,1.328,-6.066
1857,3,0.261,1.067,-4.019
1857,4,-0.796,1.199,-0.096
1857,5,-0.96,1.015,5.82
1857,6,-2.123,1.179,10.197
1857,7,-0.743,1.235,13.447
1857,8,1.436,1.340,14.426
1857,9,0.004,1.250,8.434
1857,10,0.65,1.104,3.66
1857,11,1.037,0.947,-1.713
1857,12,3.18,0.998,-3.46
1858,1,2.452,1.847,-6.438
1858,2,1.016,1.140,-7.554
1858,3,-0.244,1.066,-4.524
1858,4,-0.836,1.795,-0.136
1858,5,0.035,0.911,6.815
1858,6,0.783,1.041,13.103
1858,7,2.013,0.920,16.203
1858,8,1.706,1.053,14.696
1858,9,1.7,1.186,10.13
1858,10,-0.455,0.935,2.555
1858,11,-3.137,1.208,-5.887
1858,12,-0.111,1.005,-6.751
1859,1,3.548,1.018,-5.342
1859,2,3.263,1.164,-5.307
1859,3,0.453,1.136,-3.827
1859,4,-1.516,1.083,-0.816
1859,5,0.324,1.555,7.104
1859,6,0.537,1.108,12.857
1859,7,-0.459,1.190,13.731
1859,8,0.07,0.867,13.06
1859,9,0.428,0.708,8.858
1859,10,-1.597,0.770,1.413
1859,11,-0.006,0.909,-2.756
1859,12,-1.915,1.477,-8.555
1860,1,-0.601,1.405,-9.491
1860,2,-2.222,0.899,-10.792
1860,3,-1.601,2.063,-5.881
1860,4,-0.51,1.037,0.19
1860,5,-1.258,1.299,5.522
1860,6,0.324,0.635,12.644
1860,7,-0.116,1.348,14.074
1860,8,-0.125,0.850,12.865
1860,9,-0.732,0.688,7.698
1860,10,-1.353,1.281,1.657
1860,11,-1.245,0.702,-3.995
1860,12,-5.359,1.785,-11.999
1861,1,-3.398,2.219,-12.288
1861,2,1.656,1.821,-6.914
1861,3,0.918,2.108,-3.362
1861,4,-0.547,1.766,0.153
1861,5,-2.642,0.960,4.138
1861,6,1.462,1.042,13.782
1861,7,1.798,0.612,15.988
1861,8,0.074,0.697,13.064
1861,9,-1.052,0.847,7.378
1861,10,1.517,0.681,4.527
1861,11,-2.267,1.065,-5.017
1861,12,2.393,1.553,-4.247
1862,1,-3.324,2.273,-12.214
1862,2,-2.199,1.825,-10.769
1862,3,-3.357,1.667,-7.637
1862,4,-0.064,2.266,0.636
1862,5,1.267,0.935,8.047
1862,6,-1.069,0.976,11.251
1862,7,-2.362,0.654,11.828
1862,8,-1.944,0.945,11.046
1862,9,-0.525,0.543,7.905
1862,10,0.092,0.713,3.102
1862,11,1.672,1.293,-1.078
1862,12,-0.345,1.872,-6.985
1863,1,3.751,1.074,-5.139
1863,2,5.345,2.974,-3.225
1863,3,0.405,1.347,-3.875
1863,4,0.677,0.714,1.377
1863,5,-1.385,0.525,5.395
1863,6,0.727,0.978,13.047
1863,7,-1.821,0.567,12.369
1863,8,-1.088,0.826,11.902
1863,9,0.7,1.299,9.13
1863,10,0.889,0.580,3.899
1863,11,1.332,0.859,-1.418
1863,12,0.478,2.734,-6.162
1864,1,0.601,1.656,-8.289
1864,2,0.384,2.148,-8.186
1864,3,-1.65,1.448,-5.93
1864,4,-0.641,2.026,0.059
1864,5,-3.105,0.868,3.675
1864,6,-0.964,1.153,11.356
1864,7,0.084,1.432,14.274
1864,8,-3.028,1.225,9.962
1864,9,-0.636,0.746,7.794
1864,10,-4.223,0.969,-1.213
1864,11,-3.605,1.530,-6.355
1864,12,0.212,1.150,-6.428
1865,1,0.202,1.335,-8.688
1865,2,-3.44,0.741,-12.01
1865,3,-3.086,0.692,-7.366
1865,4,0.739,1.230,1.439
1865,5,0.479,0.747,7.259
1865,6,-3.049,0.664,9.271
1865,7,1.062,1.222,15.252
1865,8,-1.727,1.030,11.263
1865,9,0.396,1.082,8.826
1865,10,-2.682,0.816,0.328
1865,11,1.073,0.750,-1.677
1865,12,2.98,1.344,-3.66
1866,1,3.763,1.484,-5.127
1866,2,-0.274,1.899,-8.844
1866,3,-4.64,1.919,-8.92
1866,4,0.066,1.513,0.766
1866,5,-2.037,0.945,4.743
1866,6,0.687,0.710,13.007
1866,7,-1.18,0.742,13.01
1866,8,0.183,0.949,13.173
1866,9,1.767,0.790,10.197
1866,10,-0.35,0.664,2.66
1866,11,-2.937,0.624,-5.687
1866,12,-2.595,0.606,-9.235
1867,1,-6.562,1.447,-15.452
1867,2,2.252,1.874,-6.318
1867,3,-2.88,0.627,-7.16
1867,4,-2.982,0.603,-2.282
1867,5,-5,0.680,1.78
1867,6,-3.107,0.560,9.213
1867,7,-1.641,1.176,12.549
1867,8,-0.186,0.813,12.804
1867,9,-0.508,0.773,7.922
1867,10,-0.106,0.932,2.904
1867,11,-1.79,1.577,-4.54
1867,12,-5.973,1.861,-12.613
1868,1,-0.841,1.185,-9.731
1868,2,1.515,1.815,-7.055
1868,3,1.482,1.539,-2.798
1868,4,-0.016,1.134,0.684
1868,5,1.005,0.971,7.785
1868,6,-0.186,0.511,12.134
1868,7,1.025,0.586,15.215
1868,8,2.359,0.443,15.349
1868,9,-1.112,0.589,7.318
1868,10,-0.552,1.309,2.458
1868,11,-1.13,0.633,-3.88
1868,12,-0.67,1.852,-7.31
1869,1,2.019,1.584,-6.871
1869,2,3.513,2.157,-5.057
1869,3,-0.963,1.545,-5.243
1869,4,1.148,0.798,1.848
1869,5,-1.816,0.700,4.964
1869,6,-1.925,0.686,10.395
1869,7,-0.345,0.599,13.845
1869,8,-1.426,0.753,11.564
1869,9,-0.143,0.864,8.287
1869,10,-1.969,0.797,1.041
1869,11,-1.967,0.865,-4.717
1869,12,-0.334,1.315,-6.974
1870,1,1.028,1.460,-7.862
1870,2,-2.399,1.130,-10.969
1870,3,-1.206,0.688,-5.486
1870,4,1.343,0.898,2.043
1870,5,-0.746,0.550,6.034
1870,6,-0.377,1.615,11.943
1870,7,0.256,0.918,14.446
1870,8,-0.166,0.695,12.824
1870,9,0.113,0.643,8.543
1870,10,-2.275,0.933,0.735
1870,11,-0.712,1.131,-3.462
1870,12,-4.728,1.072,-11.368
1871,1,-2.65,1.195,-11.54
1871,2,-7.349,2.364,-15.919
1871,3,2.915,1.778,-1.365
1871,4,-2.787,0.651,-2.087
1871,5,-2.105,0.758,4.675
1871,6,-2.632,0.743,9.688
1871,7,0.212,0.949,14.402
1871,8,-0.412,0.767,12.578
1871,9,-2.045,0.681,6.385
1871,10,-1.147,0.426,1.863
1871,11,-4.018,1.972,-6.768
1871,12,-2.479,1.087,-9.119
1872,1,3.155,0.949,-5.735
1872,2,2.947,0.809,-5.623
1872,3,0.095,1.066,-4.185
1872,4,0.935,0.938,1.635
1872,5,0.124,0.974,6.904
1872,6,1.33,1.030,13.65
1872,7,1.367,1.261,15.557
1872,8,-1.161,0.558,11.829
1872,9,-1.568,0.439,6.862
1872,10,1.177,0.867,4.187
1872,11,1.022,0.528,-1.728
1872,12,-2.39,1.238,-9.03
1873,1,3.36,0.984,-5.53
1873,2,1.141,1.057,-7.429
1873,3,-0.446,0.534,-4.726
1873,4,-1.234,0.825,-0.534
1873,5,-1.983,0.927,4.797
1873,6,0.504,0.824,12.824
1873,7,1.391,1.101,15.581
1873,8,-0.217,0.442,12.773
1873,9,0.432,0.769,8.862
1873,10,-1.09,0.581,1.92
1873,11,0.304,1.068,-2.446
1873,12,1.502,0.446,-5.138
1874,1,4.945,0.930,-3.945
1874,2,4.174,0.667,-4.396
1874,3,0.509,0.406,-3.771
1874,4,0.471,0.649,1.171
1874,5,-2.166,0.985,4.614
1874,6,-1.519,0.732,10.801
1874,7,-0.344,0.338,13.846
1874,8,-1.559,0.748,11.431
1874,9,0.013,0.686,8.443
1874,10,2.107,0.625,5.117
1874,11,-1.517,0.658,-4.267
1874,12,-4.923,0.649,-11.563
1875,1,-4.965,0.630,-13.855
1875,2,-1.443,1.052,-10.013
1875,3,-0.984,0.760,-5.264
1875,4,-1.277,0.809,-0.577
1875,5,0.803,0.584,7.583
1875,6,-0.516,0.646,11.804
1875,7,0.356,0.390,14.546
1875,8,-0.435,0.518,12.555
1875,9,-0.568,0.672,7.862
1875,10,-2.8,0.572,0.21
1875,11,-3.334,1.878,-6.084
1875,12,-2.174,1.032,-8.814
1876,1,0.685,0.893,-8.205
1876,2,-0.85,0.587,-9.42
1876,3,-1.136,0.804,-5.416
1876,4,-0.382,0.883,0.318
1876,5,-2.715,0.554,4.065
1876,6,1.68,0.898,14
1876,7,0.366,0.442,14.556
1876,8,0,0.642,12.99
1876,9,-0.31,0.288,8.12
1876,10,-0.735,0.533,2.275
1876,11,-3.469,1.079,-6.219
1876,12,-5.69,0.675,-12.33
1877,1,-1.368,1.207,-10.258
1877,2,-2.398,1.180,-10.968
1877,3,-3.868,0.295,-8.148
1877,4,-3.04,0.618,-2.34
1877,5,-2.852,0.756,3.928
1877,6,-1.328,0.760,10.992
1877,7,-0.221,0.426,13.969
1877,8,-1.924,0.559,11.066
1877,9,-2.759,0.966,5.671
1877,10,-1.825,0.680,1.185
1877,11,3.149,0.872,0.399
1877,12,1.877,1.107,-4.763
1878,1,1.508,1.265,-7.382
1878,2,4.297,1.246,-4.273
1878,3,0.562,0.752,-3.718
1878,4,1.286,0.834,1.986
1878,5,-0.194,0.763,6.586
1878,6,-0.307,0.764,12.013
1878,7,-1.207,0.504,12.983
1878,8,0.018,0.586,13.008
1878,9,0.967,0.643,9.397
1878,10,1.547,0.811,4.557
1878,11,-0.951,0.678,-3.701
1878,12,-3.654,1.079,-10.294
1879,1,-0.894,0.937,-9.784
1879,2,-2.501,0.498,-11.071
1879,3,-1.295,0.516,-5.575
1879,4,-1.568,0.705,-0.868
1879,5,-0.634,0.576,6.146
1879,6,-1.223,0.811,11.097
1879,7,-0.036,0.450,14.154
1879,8,1.29,0.547,14.28
1879,9,0.97,0.584,9.4
1879,10,-1.138,0.698,1.872
1879,11,-2.676,0.649,-5.426
1879,12,-0.811,1.016,-7.451
1880,1,2.571,1.346,-6.319
1880,2,3.577,0.958,-4.993
1880,3,1.386,1.002,-2.894
1880,4,0.446,0.729,1.146
1880,5,-0.839,0.829,5.941
1880,6,-0.989,0.636,11.331
1880,7,-0.593,0.650,13.597
1880,8,1.695,1.061,14.685
1880,9,1.446,0.486,9.876
1880,10,-5.641,0.950,-2.631
1880,11,-2.751,0.745,-5.501
1880,12,-3.635,1.025,-10.275
1881,1,-3.295,1.049,-12.185
1881,2,-4.94,1.218,-13.51
1881,3,-4.736,0.753,-9.016
1881,4,-3.398,0.886,-2.698
1881,5,-1.804,0.925,4.976
1881,6,-1.533,0.667,10.787
1881,7,-1.248,0.711,12.942
1881,8,-1.352,0.607,11.638
1881,9,-0.453,0.465,7.977
1881,10,-2.129,0.527,0.881
1881,11,1.027,0.797,-1.723
1881,12,1.842,0.924,-4.798
1882,1,4.788,1.312,-4.102
1882,2,3.202,1.089,-5.368
1882,3,1.593,0.991,-2.687
1882,4,-0.194,0.591,0.506
1882,5,0.34,0.716,7.12
1882,6,-0.595,0.379,11.725
1882,7,0.399,0.710,14.589
1882,8,1.579,0.652,14.569
1882,9,1.48,0.356,9.91
1882,10,0.349,0.457,3.359
1882,11,-3.341,0.584,-6.091
1882,12,-3.77,0.967,-10.41
1883,1,-0.017,0.541,-8.907
1883,2,2.549,0.797,-6.021
1883,3,-1.861,0.634,-6.141
1883,4,0.869,0.586,1.569
1883,5,0.308,0.441,7.088
1883,6,1.196,0.613,13.516
1883,7,0.409,0.521,14.599
1883,8,-0.525,0.283,12.465
1883,9,-0.234,0.378,8.196
1883,10,-0.493,0.542,2.517
1883,11,2.282,0.777,-0.468
1883,12,0.89,0.739,-5.75
1884,1,2.079,0.718,-6.811
1884,2,2.7,0.448,-5.87
1884,3,1.686,0.698,-2.594
1884,4,-0.741,0.147,-0.041
1884,5,-1.511,0.528,5.269
1884,6,-1.355,0.653,10.965
1884,7,0.093,0.598,14.283
1884,8,0.063,0.505,13.053
1884,9,1.824,0.392,10.254
1884,10,0.406,0.292,3.416
1884,11,-1.518,0.393,-4.268
1884,12,-1.675,0.618,-8.315
1885,1,-1.163,0.686,-10.053
1885,2,3.143,0.680,-5.427
1885,3,0.13,0.695,-4.15
1885,4,0.103,0.523,0.803
1885,5,-2.373,0.530,4.407
1885,6,-2.121,0.455,10.199
1885,7,-0.159,0.566,14.031
1885,8,-1.944,0.431,11.046
1885,9,-1.661,0.401,6.769
1885,10,-3.053,0.500,-0.043
1885,11,-1.4,0.334,-4.15
1885,12,-0.229,0.549,-6.869
1886,1,-1.607,1.155,-10.497
1886,2,0.307,0.695,-8.263
1886,3,-0.536,0.730,-4.816
1886,4,0.828,0.302,1.528
1886,5,-0.363,0.387,6.417
1886,6,-0.08,0.423,12.24
1886,7,-0.158,0.616,14.032
1886,8,0.086,0.312,13.076
1886,9,-0.396,0.318,8.034
1886,10,0.219,0.529,3.229
1886,11,2.555,0.470,-0.195
1886,12,-2.114,0.551,-8.754
1887,1,3.479,0.958,-5.411
1887,2,4.921,0.900,-3.649
1887,3,1.043,0.445,-3.237
1887,4,0.061,0.396,0.761
1887,5,0.134,0.683,6.914
1887,6,-1.085,0.779,11.235
1887,7,-0.485,0.482,13.705
1887,8,-1.034,0.465,11.956
1887,9,0.518,0.264,8.948
1887,10,-2.713,0.391,0.297
1887,11,-1.667,0.549,-4.417
1887,12,-3.049,0.280,-9.689
1888,1,0.961,0.928,-7.929
1888,2,-3.154,0.469,-11.724
1888,3,-6.632,0.375,-10.912
1888,4,-3.273,0.473,-2.573
1888,5,-1.593,0.417,5.187
1888,6,-1.476,0.507,10.844
1888,7,-1.478,0.323,12.712
1888,8,-1.359,0.486,11.631
1888,9,-0.772,0.357,7.658
1888,10,-2.907,0.471,0.103
1888,11,-2.859,0.887,-5.609
1888,12,2.226,0.713,-4.414
1889,1,2.526,0.682,-6.364
1889,2,-2.405,0.392,-10.975
1889,3,-2.833,0.344,-7.113
1889,4,-0.43,0.382,0.27
1889,5,2.764,0.476,9.544
1889,6,2.491,0.453,14.811
1889,7,-0.952,0.468,13.238
1889,8,-0.853,0.229,12.137
1889,9,-1.072,0.274,7.358
1889,10,0.617,0.460,3.627
1889,11,2.365,0.366,-0.385
1889,12,1.371,0.622,-5.269
1890,1,4.119,0.722,-4.771
1890,2,3.13,0.957,-5.44
1890,3,1.965,0.470,-2.315
1890,4,0.439,0.480,1.139
1890,5,1.9,0.581,8.68
1890,6,-0.581,0.490,11.739
1890,7,-1.68,0.527,12.51
1890,8,-0.487,0.437,12.503
1890,9,0.805,0.371,9.235
1890,10,-2.06,0.298,0.95
1890,11,-0.393,0.329,-3.143
1890,12,-0.726,0.646,-7.366
1891,1,-0.406,0.779,-9.296
1891,2,5.537,0.748,-3.033
1891,3,-1.523,0.955,-5.803
1891,4,-0.379,0.277,0.321
1891,5,-0.391,0.646,6.389
1891,6,-2.031,0.352,10.289
1891,7,0.932,0.316,15.122
1891,8,-1.204,0.492,11.786
1891,9,-0.469,0.303,7.961
1891,10,1.432,0.278,4.442
1891,11,-0.319,0.456,-3.069
1891,12,0.869,0.568,-5.771
1892,1,-3.028,0.458,-11.918
1892,2,-1.775,0.428,-10.345
1892,3,0.025,0.640,-4.255
1892,4,-0.807,0.352,-0.107
1892,5,-1.656,0.466,5.124
1892,6,-2.077,0.571,10.243
1892,7,-1.496,0.271,12.694
1892,8,-1.476,0.330,11.514
1892,9,-0.239,0.304,8.191
1892,10,-1.654,0.278,1.356
1892,11,1.46,0.864,-1.29
1892,12,-2.716,0.580,-9.356
1893,1,-4.815,0.786,-13.705
1893,2,-5.804,0.890,-14.374
1893,3,-0.849,0.400,-5.129
1893,4,0.197,0.440,0.897
1893,5,-0.927,0.608,5.853
1893,6,-0.629,0.463,11.691
1893,7,-0.214,0.361,13.976
1893,8,-0.811,0.378,12.179
1893,9,-2.335,0.277,6.095
1893,10,-0.108,0.207,2.902
1893,11,-1.656,0.489,-4.406
1893,12,1.896,0.839,-4.744
1894,1,1.912,0.601,-6.978
1894,2,2.559,0.811,-6.011
1894,3,2.874,0.707,-1.406
1894,4,2.948,0.641,3.648
1894,5,0.372,0.662,7.152
1894,6,1.204,0.572,13.524
1894,7,1.254,0.413,15.444
1894,8,-0.524,0.239,12.466
1894,9,-2.289,0.243,6.141
1894,10,-2.899,0.360,0.111
1894,11,1.634,0.543,-1.116
1894,12,1.66,0.503,-4.98
1895,1,-2.93,0.542,-11.82
1895,2,-3.067,0.474,-11.637
1895,3,-2.184,0.289,-6.464
1895,4,0.252,0.477,0.952
1895,5,2.431,0.540,9.211
1895,6,0.626,0.351,12.946
1895,7,-0.757,0.264,13.433
1895,8,-0.439,0.204,12.551
1895,9,-0.096,0.339,8.334
1895,10,-1.563,0.324,1.447
1895,11,0.483,0.442,-2.267
1895,12,-0.465,0.372,-7.105
1896,1,1.87,0.765,-7.02
1896,2,4.149,0.476,-4.421
1896,3,1.117,0.281,-3.163
1896,4,0.454,0.424,1.154
1896,5,-0.221,0.315,6.559
1896,6,0.993,0.354,13.313
1896,7,1.892,0.409,16.082
1896,8,-0.922,0.289,12.068
1896,9,0.081,0.275,8.511
1896,10,-0.728,0.273,2.282
1896,11,-1.637,0.303,-4.387
1896,12,-1.155,0.550,-7.795
1897,1,-0.986,0.657,-9.876
1897,2,-0.414,0.347,-8.984
1897,3,-1.967,0.397,-6.247
1897,4,1.064,0.337,1.764
1897,5,1.408,0.380,8.188
1897,6,-0.273,0.272,12.047
1897,7,0.425,0.551,14.615
1897,8,0.795,0.388,13.785
1897,9,-0.035,0.399,8.395
1897,10,0.285,0.494,3.295
1897,11,0.209,0.661,-2.541
1897,12,1.139,0.316,-5.501
1898,1,4.891,0.589,-3.999
1898,2,0.746,0.421,-7.824
1898,3,-1.283,0.408,-5.563
1898,4,-0.737,0.560,-0.037
1898,5,-0.382,0.389,6.398
1898,6,-0.274,0.452,12.046
1898,7,-1.236,0.294,12.954
1898,8,-0.75,0.199,12.24
1898,9,-0.145,0.235,8.285
1898,10,-1.046,0.319,1.964
1898,11,0.137,0.586,-2.613
1898,12,-0.643,0.317,-7.283
1899,1,-1.058,0.287,-9.948
1899,2,0.578,0.424,-7.992
1899,3,-3.42,0.370,-7.7
1899,4,-1.274,0.822,-0.574
1899,5,-2.439,0.450,4.341
1899,6,-1.659,0.323,10.661
1899,7,2.034,0.563,16.224
1899,8,-1.901,0.484,11.089
1899,9,-0.485,0.234,7.945
1899,10,-1.045,0.395,1.965
1899,11,2.117,0.522,-0.633
1899,12,-2.455,0.503,-9.095
1900,1,-0.324,0.215,-9.214
1900,2,-4.723,0.684,-13.293
1900,3,-1.109,0.315,-5.389
1900,4,-1.141,0.280,-0.441
1900,5,-1.834,0.430,4.946
1900,6,0.044,0.462,12.364
1900,7,-1.446,0.414,12.744
1900,8,-0.285,0.441,12.705
1900,9,-1.004,0.340,7.426
1900,10,-0.44,0.382,2.57
1900,11,0.893,0.485,-1.857
1900,12,-0.909,0.437,-7.549
1901,1,1.437,0.662,-7.453
1901,2,-2.704,0.686,-11.274
1901,3,-0.999,0.378,-5.279
1901,4,0.694,0.278,1.394
1901,5,0.599,0.296,7.379
1901,6,0.687,0.482,13.007
1901,7,3.408,0.330,17.598
1901,8,1.115,0.236,14.105
1901,9,1.253,0.344,9.683
1901,10,3.024,0.355,6.034
1901,11,-2.029,0.531,-4.779
1901,12,-3.117,0.505,-9.757
1902,1,1.036,0.430,-7.854
1902,2,-0.714,0.467,-9.284
1902,3,-2.093,0.342,-6.373
1902,4,-1.863,0.477,-1.163
1902,5,-2.416,0.275,4.364
1902,6,-2.321,0.452,9.999
1902,7,-2.803,0.292,11.387
1902,8,-2.218,0.290,10.772
1902,9,-1.864,0.262,6.566
1902,10,-2.465,0.237,0.545
1902,11,-0.453,0.435,-3.203
1902,12,-1.384,0.575,-8.024
1903,1,0.09,0.508,-8.8
1903,2,4.773,0.455,-3.797
1903,3,3.795,0.547,-0.485
1903,4,-0.512,0.322,0.188
1903,5,-0.163,0.332,6.617
1903,6,-1.195,0.351,11.125
1903,7,-1.273,0.276,12.917
1903,8,-1.182,0.267,11.808
1903,9,0.192,0.443,8.622
1903,10,-3.182,0.342,-0.172
1903,11,-0.429,0.380,-3.179
1903,12,1.489,0.473,-5.151
1904,1,3.872,0.320,-5.018
1904,2,-2.082,0.275,-10.652
1904,3,-1.013,0.376,-5.293
1904,4,0.868,0.315,1.568
1904,5,-1.458,0.359,5.322
1904,6,-1.376,0.273,10.944
1904,7,-1.07,0.333,13.12
1904,8,-1.016,0.375,11.974
1904,9,0.042,0.241,8.472
1904,10,0.177,0.347,3.187
1904,11,-2.273,0.410,-5.023
1904,12,-1.945,0.465,-8.585
1905,1,-0.415,0.590,-9.305
1905,2,2.279,0.433,-6.291
1905,3,0.989,0.299,-3.291
1905,4,-1.789,0.338,-1.089
1905,5,0.287,0.419,7.067
1905,6,1.131,0.393,13.451
1905,7,0.259,0.283,14.449
1905,8,-0.981,0.321,12.009
1905,9,-0.551,0.364,7.879
1905,10,-3.91,0.250,-0.9
1905,11,-0.544,0.265,-3.294
1905,12,2.282,0.236,-4.358
1906,1,2.834,0.482,-6.056
1906,2,2.184,0.314,-6.386
1906,3,-1.573,0.370,-5.853
1906,4,1.433,0.232,2.133
1906,5,0.645,0.380,7.425
1906,6,-0.082,0.470,12.238
1906,7,0.083,0.275,14.273
1906,8,-1.187,0.315,11.803
1906,9,-0.322,0.275,8.108
1906,10,0.035,0.237,3.045
1906,11,1.629,0.462,-1.121
1906,12,-0.868,0.724,-7.508
1907,1,-0.31,0.547,-9.2
1907,2,2.09,0.362,-6.48
1907,3,2.109,0.368,-2.171
1907,4,0.438,0.401,1.138
1907,5,-1.688,0.339,5.092
1907,6,-0.666,0.328,11.654
1907,7,-1.366,0.280,12.824
1907,8,-2.601,0.239,10.389
1907,9,-1.111,0.327,7.319
1907,10,2.522,0.225,5.532
1907,11,1.738,0.384,-1.012
1907,12,-1.974,0.525,-8.614
1908,1,1.875,0.601,-7.015
1908,2,2.235,0.296,-6.335
1908,3,-1.139,0.405,-5.419
1908,4,-0.109,0.591,0.591
1908,5,-1.183,0.313,5.597
1908,6,-1.518,0.306,10.802
1908,7,-0.07,0.419,14.12
1908,8,-0.01,0.276,12.98
1908,9,-0.658,0.310,7.772
1908,10,1.308,0.259,4.318
1908,11,-2.652,0.366,-5.402
1908,12,1.26,0.472,-5.38
1909,1,3.595,0.482,-5.295
1909,2,-0.332,0.628,-8.902
1909,3,-2.307,0.382,-6.587
1909,4,-2.032,0.219,-1.332
1909,5,-3.043,0.347,3.737
1909,6,-0.98,0.367,11.34
1909,7,-0.708,0.295,13.482
1909,8,-0.842,0.248,12.148
1909,9,-0.287,0.409,8.143
1909,10,1.947,0.288,4.957
1909,11,-3.412,0.719,-6.162
1909,12,-0.415,0.377,-7.055
1910,1,1.004,0.513,-7.886
1910,2,4.979,0.446,-3.591
1910,3,2.446,0.613,-1.834
1910,4,0.938,0.244,1.638
1910,5,0.744,0.301,7.524
1910,6,-0.142,0.388,12.178
1910,7,-0.686,0.345,13.504
1910,8,-0.657,0.322,12.333
1910,9,0.091,0.402,8.521
1910,10,-0.425,0.234,2.585
1910,11,-1.429,0.214,-4.179
1910,12,0.489,0.347,-6.151
1911,1,2.179,0.573,-6.711
1911,2,1.878,0.436,-6.692
1911,3,0.888,0.440,-3.392
1911,4,0.122,0.290,0.822
1911,5,1.422,0.340,8.202
1911,6,-1.223,0.313,11.097
1911,7,-0.594,0.263,13.596
1911,8,1.096,0.263,14.086
1911,9,0.583,0.228,9.013
1911,10,-1.792,0.199,1.218
1911,11,-0.339,0.456,-3.089
1911,12,3.057,0.306,-3.583
1912,1,-2.703,0.529,-11.593
1912,2,-1.443,0.379,-10.013
1912,3,2.095,0.301,-2.185
1912,4,-0.849,0.325,-0.149
1912,5,-0.649,0.356,6.131
1912,6,-0.007,0.273,12.313
1912,7,1.156,0.226,15.346
1912,8,-0.043,0.147,12.947
1912,9,-1.815,0.204,6.615
1912,10,-2.033,0.163,0.977
1912,11,-0.705,0.333,-3.455
1912,12,1.764,0.476,-4.876
1913,1,-1.118,0.392,-10.008
1913,2,3.084,0.263,-5.486
1913,3,1.704,0.279,-2.576
1913,4,1.11,0.373,1.81
1913,5,0.432,0.403,7.212
1913,6,-0.816,0.479,11.504
1913,7,0.479,0.320,14.669
1913,8,-0.478,0.335,12.512
1913,9,0.018,0.235,8.448
1913,10,-0.719,0.263,2.291
1913,11,2.732,0.339,-0.018
1913,12,-1.253,0.771,-7.893
1914,1,0.833,0.434,-8.057
1914,2,4.424,0.347,-4.146
1914,3,-0.011,0.195,-4.291
1914,4,1.957,0.277,2.657
1914,5,-0.623,0.177,6.157
1914,6,0,0.341,12.32
1914,7,3.271,0.374,17.461
1914,8,-0.107,0.216,12.883
1914,9,0.084,0.302,8.514
1914,10,-0.977,0.297,2.033
1914,11,-0.477,0.513,-3.227
1914,12,2.368,0.427,-4.272
1915,1,-1.477,0.352,-10.367
1915,2,1.22,0.326,-7.35
1915,3,-2.934,0.232,-7.214
1915,4,-0.038,0.215,0.662
1915,5,-1.932,0.262,4.848
1915,6,-2.487,0.280,9.833
1915,7,0.129,0.287,14.319
1915,8,-0.767,0.301,12.223
1915,9,-1.517,0.211,6.913
1915,10,-2.204,0.315,0.806
1915,11,-2.49,0.352,-5.24
1915,12,-7.811,0.481,-14.451
1916,1,1.802,0.614,-7.088
1916,2,1.705,0.496,-6.865
1916,3,-2.297,0.320,-6.577
1916,4,0.478,0.294,1.178
1916,5,-1.205,0.343,5.575
1916,6,-1.558,0.317,10.762
1916,7,1.419,0.425,15.609
1916,8,-1.71,0.216,11.28
1916,9,-1.606,0.189,6.824
1916,10,-2.688,0.252,0.322
1916,11,2.258,0.397,-0.492
1916,12,0.259,0.426,-6.381
1917,1,-3.805,0.768,-12.695
1917,2,-1.338,0.579,-9.908
1917,3,-4.365,0.215,-8.645
1917,4,-2.641,0.363,-1.941
1917,5,-1.526,0.338,5.254
1917,6,1.468,0.290,13.788
1917,7,-1.089,0.245,13.101
1917,8,2.216,0.303,15.206
1917,9,-0.127,0.313,8.303
1917,10,-0.091,0.227,2.919
1917,11,0.122,0.473,-2.628
1917,12,-1.537,0.417,-8.177
1918,1,-3.114,0.396,-12.004
1918,2,2.108,0.264,-6.462
1918,3,1.257,0.304,-3.023
1918,4,0.885,0.196,1.585
1918,5,0.299,0.253,7.079
1918,6,-1.819,0.294,10.501
1918,7,0.796,0.282,14.986
1918,8,-0.919,0.313,12.071
1918,9,-1.172,0.287,7.258
1918,10,0.834,0.289,3.844
1918,11,2.792,0.296,0.042
1918,12,-0.177,0.407,-6.817
1919,1,2.18,0.374,-6.71
1919,2,-1.1,0.515,-9.67
1919,3,-1.385,0.416,-5.665
1919,4,-0.853,0.319,-0.153
1919,5,1.333,0.307,8.113
1919,6,-0.442,0.223,11.878
1919,7,1.19,0.407,15.38
1919,8,-2.035,0.280,10.955
1919,9,0.092,0.289,8.522
1919,10,-1.734,0.363,1.276
1919,11,-4.118,0.322,-6.868
1919,12,-3.447,0.506,-10.087
1920,1,0.95,0.395,-7.94
1920,2,4.353,0.330,-4.217
1920,3,4.5,0.297,0.22
1920,4,1.528,0.318,2.228
1920,5,1.367,0.169,8.147
1920,6,-0.807,0.350,11.513
1920,7,0.392,0.216,14.582
1920,8,-1.194,0.280,11.796
1920,9,0.745,0.332,9.175
1920,10,-0.846,0.246,2.164
1920,11,1.615,0.286,-1.135
1920,12,0.201,0.418,-6.439
1921,1,1.086,0.399,-7.804
1921,2,2.004,0.443,-6.566
1921,3,3.627,0.367,-0.653
1921,4,3.092,0.209,3.792
1921,5,1.881,0.305,8.661
1921,6,-1.581,0.347,10.739
1921,7,-1.296,0.234,12.894
1921,8,-0.764,0.337,12.226
1921,9,-0.777,0.334,7.653
1921,10,-0.685,0.421,2.325
1921,11,-2.992,0.474,-5.742
1921,12,0.321,0.613,-6.319
1922,1,-2.265,0.343,-11.155
1922,2,-0.42,0.402,-8.99
1922,3,-0.629,0.314,-4.909
1922,4,-1.234,0.337,-0.534
1922,5,0.325,0.242,7.105
1922,6,-0.506,0.369,11.814
1922,7,-0.063,0.426,14.127
1922,8,-1.029,0.371,11.961
1922,9,-0.478,0.367,7.952
1922,10,-1.849,0.333,1.161
1922,11,-0.618,0.579,-3.368
1922,12,0.05,0.623,-6.59
1923,1,4.019,0.416,-4.871
1923,2,-1.609,0.305,-10.179
1923,3,1.633,0.274,-2.647
1923,4,-1.294,0.214,-0.594
1923,5,-1.563,0.265,5.217
1923,6,-4.242,0.288,8.078
1923,7,-0.048,0.351,14.142
1923,8,-1.683,0.199,11.307
1923,9,-0.473,0.327,7.957
1923,10,-0.112,0.263,2.898
1923,11,-1.331,0.414,-4.081
1923,12,-2.308,0.290,-8.948
1924,1,0.266,0.253,-8.624
1924,2,-1.955,0.294,-10.525
1924,3,-3.031,0.355,-7.311
1924,4,-1.778,0.199,-1.078
1924,5,-0.87,0.274,5.91
1924,6,-2.081,0.325,10.239
1924,7,0.542,0.339,14.732
1924,8,0.868,0.267,13.858
1924,9,1.166,0.336,9.596
1924,10,1.669,0.375,4.679
1924,11,1.352,0.372,-1.398
1924,12,3.934,0.323,-2.706
1925,1,6,0.414,-2.89
1925,2,3.962,0.480,-4.608
1925,3,-2.326,0.290,-6.606
1925,4,1.329,0.289,2.029
1925,5,0.512,0.317,7.292
1925,6,-0.485,0.414,11.835
1925,7,3.033,0.469,17.223
1925,8,0.273,0.439,13.263
1925,9,-0.084,0.351,8.346
1925,10,-2.618,0.188,0.392
1925,11,-3.608,0.305,-6.358
1925,12,-3.467,0.454,-10.107
1926,1,-0.802,0.289,-9.692
1926,2,-0.917,0.420,-9.487
1926,3,1.276,0.161,-3.004
1926,4,0.423,0.259,1.123
1926,5,-1.15,0.344,5.63
1926,6,-0.588,0.358,11.732
1926,7,0.842,0.221,15.032
1926,8,0.416,0.284,13.406
1926,9,-0.421,0.389,8.009
1926,10,-3.783,0.316,-0.773
1926,11,1.203,0.396,-1.547
1926,12,-1.359,0.234,-7.999
1927,1,1.393,0.355,-7.497
1927,2,2.576,0.413,-5.994
1927,3,1.98,0.533,-2.3
1927,4,-0.85,0.348,-0.15
1927,5,-2.573,0.300,4.207
1927,6,-1.961,0.263,10.359
1927,7,2.643,0.270,16.833
1927,8,1.245,0.213,14.235
1927,9,-0.55,0.269,7.88
1927,10,-1.877,0.311,1.133
1927,11,-3.701,0.419,-6.451
1927,12,-3.431,0.400,-10.071
1928,1,0.657,0.306,-8.233
1928,2,1.849,0.259,-6.721
1928,3,0.3,0.301,-3.98
1928,4,0.314,0.256,1.014
1928,5,-0.947,0.264,5.833
1928,6,-3.003,0.380,9.317
1928,7,-2.32,0.349,11.87
1928,8,-1.206,0.245,11.784
1928,9,-0.674,0.326,7.756
1928,10,-0.86,0.206,2.15
1928,11,0.207,0.404,-2.543
1928,12,0.047,0.474,-6.593
1929,1,-0.605,0.531,-9.495
1929,2,-3.767,0.433,-12.337
1929,3,2.366,0.315,-1.914
1929,4,-3.136,0.385,-2.436
1929,5,0.053,0.275,6.833
1929,6,-1.83,0.305,10.49
1929,7,-1.623,0.212,12.567
1929,8,-1.531,0.214,11.459
1929,9,0.267,0.285,8.697
1929,10,0.121,0.324,3.131
1929,11,2.349,0.345,-0.401
1929,12,5.287,0.278,-1.353
1930,1,5.637,0.341,-3.253
1930,2,2.781,0.222,-5.789
1930,3,1.102,0.380,-3.178
1930,4,1.645,0.198,2.345
1930,5,1.377,0.348,8.157
1930,6,0.711,0.308,13.031
1930,7,1.447,0.252,15.637
1930,8,1.218,0.284,14.208
1930,9,-1.3,0.157,7.13
1930,10,0.389,0.224,3.399
1930,11,0.302,0.225,-2.448
1930,12,2.338,0.418,-4.302
1931,1,-0.46,0.484,-9.35
1931,2,-0.046,0.442,-8.616
1931,3,-2.783,0.298,-7.063
1931,4,-0.822,0.285,-0.122
1931,5,0.768,0.294,7.548
1931,6,-3.219,0.234,9.101
1931,7,0.459,0.307,14.649
1931,8,-1.056,0.235,11.934
1931,9,-2.423,0.235,6.007
1931,10,-1.257,0.245,1.753
1931,11,2.889,0.365,0.139
1931,12,1.328,0.378,-5.312
1932,1,5.369,0.442,-3.521
1932,2,4.082,0.403,-4.488
1932,3,-0.448,0.258,-4.728
1932,4,0.064,0.216,0.764
1932,5,-0.351,0.351,6.429
1932,6,-1.997,0.361,10.323
1932,7,1.145,0.310,15.335
1932,8,0.074,0.277,13.064
1932,9,-0.666,0.266,7.764
1932,10,-2.045,0.256,0.965
1932,11,0.785,0.432,-1.965
1932,12,4.382,0.318,-2.258
1933,1,3.347,0.292,-5.543
1933,2,0.107,0.226,-8.463
1933,3,0.769,0.308,-3.511
1933,4,-0.561,0.301,0.139
1933,5,-0.597,0.254,6.183
1933,6,1.536,0.360,13.856
1933,7,1.424,0.395,15.614
1933,8,-0.011,0.239,12.979
1933,9,0.519,0.269,8.949
1933,10,0.176,0.270,3.186
1933,11,-1.317,0.317,-4.067
1933,12,0.35,0.477,-6.29
1934,1,5.654,0.401,-3.236
1934,2,4.457,0.203,-4.113
1934,3,1.389,0.314,-2.891
1934,4,0.068,0.238,0.768
1934,5,1.384,0.240,8.164
1934,6,-0.645,0.308,11.675
1934,7,1.43,0.368,15.62
1934,8,1.338,0.254,14.328
1934,9,3.115,0.267,11.545
1934,10,1.097,0.314,4.107
1934,11,1.031,0.276,-1.719
1934,12,3.58,0.383,-3.06
1935,1,1.537,0.295,-7.353
1935,2,2.586,0.288,-5.984
1935,3,-0.026,0.284,-4.306
1935,4,0.436,0.250,1.136
1935,5,-2.094,0.302,4.686
1935,6,-0.29,0.321,12.03
1935,7,-0.035,0.300,14.155
1935,8,-0.331,0.221,12.659
1935,9,-0.81,0.275,7.62
1935,10,0.009,0.243,3.019
1935,11,2.797,0.307,0.047
1935,12,2.13,0.335,-4.51
1936,1,0.892,0.326,-7.998
1936,2,-1.849,0.418,-10.419
1936,3,-0.205,0.380,-4.485
1936,4,-0.68,0.271,0.02
1936,5,0.991,0.325,7.771
1936,6,2.109,0.385,14.429
1936,7,1.252,0.251,15.442
1936,8,0.417,0.181,13.407
1936,9,-0.53,0.181,7.9
1936,10,-1.801,0.211,1.209
1936,11,1.956,0.288,-0.794
1936,12,4.698,0.326,-1.942
1937,1,2.759,0.448,-6.131
1937,2,-1.163,0.361,-9.733
1937,3,-1.536,0.203,-5.816
1937,4,2.545,0.209,3.245
1937,5,2.565,0.178,9.345
1937,6,0.638,0.222,12.958
1937,7,2.587,0.247,16.777
1937,8,2.81,0.259,15.8
1937,9,0.471,0.276,8.901
1937,10,2.068,0.355,5.078
1937,11,0.598,0.316,-2.152
1937,12,-1.587,0.422,-8.227
1938,1,2.64,0.260,-6.25
1938,2,5.804,0.391,-2.766
1938,3,4.038,0.438,-0.242
1938,4,0.753,0.431,1.453
1938,5,-0.356,0.352,6.424
1938,6,-0.744,0.279,11.576
1938,7,1.598,0.322,15.788
1938,8,1.559,0.217,14.549
1938,9,1.581,0.211,10.011
1938,10,1.91,0.190,4.92
1938,11,3.518,0.290,0.768
1938,12,2.141,0.375,-4.499
1939,1,1.688,0.323,-7.202
1939,2,5.734,0.303,-2.836
1939,3,0.336,0.302,-3.944
1939,4,-0.194,0.411,0.506
1939,5,-0.668,0.290,6.112
1939,6,-0.525,0.305,11.795
1939,7,0.764,0.296,14.954
1939,8,2.48,0.192,15.47
1939,9,0.122,0.212,8.552
1939,10,-1.988,0.273,1.022
1939,11,1.526,0.216,-1.224
1939,12,-2.285,0.328,-8.925
1940,1,-3.608,0.461,-12.498
1940,2,-5.059,0.394,-13.629
1940,3,-4.476,0.349,-8.756
1940,4,-1.314,0.213,-0.614
1940,5,1.523,0.480,8.303
1940,6,0.73,0.288,13.05
1940,7,0.1,0.228,14.29
1940,8,-1.199,0.165,11.791
1940,9,-0.876,0.209,7.554
1940,10,-0.222,0.253,2.788
1940,11,0.082,0.288,-2.668
1940,12,-1.11,0.333,-7.75
1941,1,-5.259,0.543,-14.149
1941,2,-2.061,0.267,-10.631
1941,3,-1.682,0.148,-5.962
1941,4,-2.11,0.233,-1.41
1941,5,-1.391,0.180,5.389
1941,6,-0.82,0.186,11.5
1941,7,3.037,0.220,17.227
1941,8,-0.621,0.133,12.369
1941,9,-0.452,0.202,7.978
1941,10,-2,0.182,1.01
1941,11,-0.976,0.219,-3.726
1941,12,-2.713,0.263,-9.353
1942,1,-7.142,0.338,-16.032
1942,2,-4.339,0.211,-12.909
1942,3,-5.019,0.202,-9.299
1942,4,0.313,0.232,1.013
1942,5,-1.299,0.264,5.481
1942,6,-1.717,0.245,10.603
1942,7,-0.524,0.153,13.666
1942,8,0.147,0.143,13.137
1942,9,-0.06,0.148,8.37
1942,10,-0.067,0.174,2.943
1942,11,0.709,0.147,-2.041
1942,12,0.47,0.245,-6.17
1943,1,-1.203,0.297,-10.093
1943,2,5.333,0.405,-3.237
1943,3,3.706,0.208,-0.574
1943,4,1.604,0.284,2.304
1943,5,0.671,0.274,7.451
1943,6,0.309,0.248,12.629
1943,7,0.239,0.304,14.429
1943,8,-0.765,0.125,12.225
1943,9,0.329,0.142,8.759
1943,10,1.4,0.245,4.41
1943,11,1.017,0.129,-1.733
1943,12,2.819,0.380,-3.821
1944,1,2.157,0.272,-6.733
1944,2,3.002,0.214,-5.568
1944,3,0.181,0.244,-4.099
1944,4,-1.343,0.408,-0.643
1944,5,-1.613,0.315,5.167
1944,6,-1.936,0.293,10.384
1944,7,0.902,0.285,15.092
1944,8,0.999,0.164,13.989
1944,9,0.239,0.176,8.669
1944,10,1.497,0.269,4.507
1944,11,0.943,0.265,-1.807
1944,12,3.791,0.219,-2.849
1945,1,-0.794,0.260,-9.684
1945,2,3.127,0.191,-5.443
1945,3,2.052,0.144,-2.228
1945,4,1.75,0.207,2.45
1945,5,-0.183,0.285,6.597
1945,6,-0.65,0.224,11.67
1945,7,1.761,0.163,15.951
1945,8,1.658,0.146,14.648
1945,9,-0.595,0.217,7.835
1945,10,-1.24,0.163,1.77
1945,11,0.625,0.432,-2.125
1945,12,-0.879,0.126,-7.519
1946,1,2.067,0.372,-6.823
1946,2,-1.097,0.191,-9.667
1946,3,-0.886,0.224,-5.166
1946,4,1.651,0.296,2.351
1946,5,0.374,0.231,7.154
1946,6,-0.818,0.232,11.502
1946,7,1.33,0.182,15.52
1946,8,0.168,0.173,13.158
1946,9,1.503,0.159,9.933
1946,10,-0.842,0.179,2.168
1946,11,0.721,0.232,-2.029
1946,12,2.951,0.205,-3.689
1947,1,1.62,0.351,-7.27
1947,2,-6.479,0.330,-15.049
1947,3,-4.575,0.163,-8.855
1947,4,0.059,0.274,0.759
1947,5,1.656,0.174,8.436
1947,6,1.645,0.244,13.965
1947,7,1.699,0.140,15.889
1947,8,1.464,0.127,14.454
1947,9,1.996,0.142,10.426
1947,10,-0.504,0.147,2.506
1947,11,-1.722,0.147,-4.472
1947,12,-0.707,0.222,-7.347
1948,1,-2.796,0.396,-11.686
1948,2,2.033,0.239,-6.537
1948,3,3.539,0.172,-0.741
1948,4,2.528,0.193,3.228
1948,5,0.996,0.170,7.776
1948,6,-0.684,0.227,11.636
1948,7,0.994,0.155,15.184
1948,8,-1.063,0.116,11.927
1948,9,0.39,0.177,8.82
1948,10,-1.134,0.091,1.876
1948,11,0.848,0.242,-1.902
1948,12,4.565,0.290,-2.075
1949,1,4.283,0.343,-4.607
1949,2,5.481,0.273,-3.089
1949,3,0.053,0.159,-4.227
1949,4,1.253,0.182,1.953
1949,5,1.467,0.189,8.247
1949,6,-1.043,0.216,11.277
1949,7,-0.314,0.194,13.876
1949,8,-0.992,0.103,11.998
1949,9,3.026,0.174,11.456
1949,10,0.326,0.151,3.336
1949,11,2.977,0.300,0.227
1949,12,2.129,0.239,-4.511
1950,1,-1.671,0.254,-10.561
1950,2,1.911,0.233,-6.659
1950,3,1.888,0.131,-2.392
1950,4,1.759,0.162,2.459
1950,5,0.513,0.138,7.293
1950,6,0.186,0.165,12.506
1950,7,-0.275,0.113,13.915
1950,8,1.425,0.108,14.415
1950,9,0.483,0.127,8.913
1950,10,0.928,0.133,3.938
1950,11,-0.095,0.196,-2.845
1950,12,-0.779,0.285,-7.419
1951,1,-1.858,0.312,-10.748
1951,2,1.817,0.233,-6.753
1951,3,-2.73,0.179,-7.01
1951,4,0.269,0.157,0.969
1951,5,-1.969,0.272,4.811
1951,6,-1.769,0.333,10.551
1951,7,-1.487,0.346,12.703
1951,8,1.646,0.124,14.636
1951,9,1.429,0.303,9.859
1951,10,1.697,0.257,4.707
1951,11,0.644,0.242,-2.106
1951,12,2.976,0.245,-3.664
1952,1,1.136,0.232,-7.754
1952,2,1.957,0.318,-6.613
1952,3,-2.337,0.112,-6.617
1952,4,2.101,0.145,2.801
1952,5,-0.527,0.178,6.253
1952,6,-1.311,0.202,11.009
1952,7,-0.566,0.132,13.624
1952,8,-1.599,0.136,11.391
1952,9,-2.11,0.100,6.32
1952,10,-2.349,0.162,0.661
1952,11,-2.009,0.164,-4.759
1952,12,-1.822,0.286,-8.462
1953,1,0.755,0.220,-8.135
1953,2,-1.06,0.216,-9.63
1953,3,4.117,0.174,-0.163
1953,4,1.546,0.184,2.246
1953,5,0.46,0.196,7.24
1953,6,3.148,0.238,15.468
1953,7,0.421,0.147,14.611
1953,8,0.229,0.101,13.219
1953,9,-0.227,0.083,8.203
1953,10,2.454,0.143,5.464
1953,11,2.87,0.173,0.12
1953,12,4.058,0.221,-2.582
1954,1,0.346,0.164,-8.544
1954,2,-2.03,0.159,-10.6
1954,3,1.214,0.123,-3.066
1954,4,-0.485,0.295,0.215
1954,5,1.97,0.194,8.75
1954,6,-0.642,0.248,11.678
1954,7,0.313,0.140,14.503
1954,8,-0.132,0.122,12.858
1954,9,0.155,0.228,8.585
1954,10,-0.884,0.159,2.126
1954,11,-0.274,0.164,-3.024
1954,12,3.612,0.138,-3.028
1955,1,0.046,0.152,-8.844
1955,2,-1.743,0.174,-10.313
1955,3,-1.955,0.124,-6.235
1955,4,-2.366,0.155,-1.666
1955,5,-2.556,0.130,4.224
1955,6,-2.618,0.128,9.702
1955,7,1.644,0.224,15.834
1955,8,1.965,0.274,14.955
1955,9,1.752,0.132,10.182
1955,10,-0.987,0.195,2.023
1955,11,-0.259,0.216,-3.009
1955,12,-4.223,0.346,-10.863
1956,1,-0.961,0.253,-9.851
1956,2,-3.878,0.249,-12.448
1956,3,0.247,0.223,-4.033
1956,4,-2.367,0.395,-1.667
1956,5,0.561,0.219,7.341
1956,6,-0.58,0.279,11.74
1956,7,-0.04,0.206,14.15
1956,8,-1.962,0.185,11.028
1956,9,-0.282,0.174,8.148
1956,10,-0.78,0.189,2.23
1956,11,-3.556,0.233,-6.306
1956,12,0.692,0.277,-5.948
1957,1,3.922,0.261,-4.968
1957,2,1.933,0.165,-6.637
1957,3,-0.824,0.171,-5.104
1957,4,0.191,0.178,0.891
1957,5,-1.035,0.254,5.745
1957,6,-1.902,0.170,10.418
1957,7,1.424,0.350,15.614
1957,8,-0.287,0.187,12.703
1957,9,-0.992,0.389,7.438
1957,10,0.131,0.115,3.141
1957,11,1.432,0.279,-1.318
1957,12,0.81,0.340,-5.83
1958,1,-1.318,0.261,-10.208
1958,2,-2.408,0.333,-10.978
1958,3,-3.842,0.158,-8.122
1958,4,-1.171,0.299,-0.471
1958,5,-0.852,0.229,5.928
1958,6,-0.953,0.245,11.367
1958,7,-0.749,0.396,13.441
1958,8,0.195,0.265,13.185
1958,9,1.369,0.202,9.799
1958,10,1.718,0.243,4.728
1958,11,3.628,0.286,0.878
1958,12,-1.575,0.268,-8.215
1959,1,-1.047,0.159,-9.937
1959,2,5.31,0.356,-3.26
1959,3,4.094,0.305,-0.186
1959,4,1.187,0.336,1.887
1959,5,0.643,0.111,7.423
1959,6,0.014,0.128,12.334
1959,7,1.024,0.176,15.214
1959,8,1.285,0.233,14.275
1959,9,0.095,0.218,8.525
1959,10,0.692,0.244,3.702
1959,11,2.079,0.246,-0.671
1959,12,1.714,0.244,-4.926
1960,1,-0.963,0.277,-9.853
1960,2,-1.631,0.339,-10.201
1960,3,0.969,0.128,-3.311
1960,4,0.744,0.261,1.444
1960,5,1.657,0.231,8.437
1960,6,1.188,0.233,13.508
1960,7,0.666,0.177,14.856
1960,8,0.463,0.122,13.453
1960,9,0.614,0.169,9.044
1960,10,-2.681,0.281,0.329
1960,11,0.223,0.340,-2.527
1960,12,1.076,0.396,-5.564
1961,1,0.407,0.196,-8.483
1961,2,4.882,0.251,-3.688
1961,3,3.558,0.102,-0.722
1961,4,0.093,0.303,0.793
1961,5,0.094,0.156,6.874
1961,6,1.183,0.264,13.503
1961,7,0.086,0.188,14.276
1961,8,-0.638,0.250,12.352
1961,9,1.191,0.187,9.621
1961,10,4.196,0.307,7.206
1961,11,2.393,0.163,-0.357
1961,12,-2.273,0.172,-8.913
1962,1,1.513,0.193,-7.377
1962,2,1.865,0.214,-6.705
1962,3,-5.024,0.314,-9.304
1962,4,0.961,0.279,1.661
1962,5,-1.027,0.078,5.753
1962,6,-1.913,0.408,10.407
1962,7,-1.789,0.127,12.401
1962,8,-1.768,0.258,11.222
1962,9,-0.736,0.366,7.694
1962,10,1.506,0.296,4.516
1962,11,0.221,0.126,-2.529
1962,12,-2.259,0.260,-8.899
1963,1,-2.472,0.213,-11.362
1963,2,-3.131,0.111,-11.701
1963,3,-2.574,0.156,-6.854
1963,4,0.595,0.260,1.295
1963,5,2.798,0.200,9.578
1963,6,-0.22,0.159,12.1
1963,7,-0.56,0.267,13.63
1963,8,0.798,0.172,13.788
1963,9,1.427,0.384,9.857
1963,10,1.03,0.276,4.04
1963,11,-0.208,0.214,-2.958
1963,12,0.442,0.258,-6.198
1964,1,4.703,0.197,-4.187
1964,2,0.167,0.177,-8.403
1964,3,-0.123,0.245,-4.403
1964,4,1.2,0.240,1.9
1964,5,1.291,0.141,8.071
1964,6,-1.103,0.119,11.217
1964,7,-1.113,0.292,13.077
1964,8,-0.946,0.308,12.044
1964,9,-0.7,0.240,7.73
1964,10,1.308,0.236,4.318
1964,11,0.79,0.175,-1.96
1964,12,0.904,0.235,-5.736
1965,1,1.15,0.176,-7.74
1965,2,1.897,0.165,-6.673
1965,3,-0.706,0.192,-4.986
1965,4,0.91,0.150,1.61
1965,5,-1.867,0.162,4.913
1965,6,-0.334,0.254,11.986
1965,7,-2.003,0.352,12.187
1965,8,-1.18,0.176,11.81
1965,9,1.576,0.319,10.006
1965,10,1.241,0.288,4.251
1965,11,-3.529,0.255,-6.279
1965,12,-4.892,0.225,-11.532
1966,1,-4.921,0.244,-13.811
1966,2,-7.188,0.117,-15.758
1966,3,-1.696,0.075,-5.976
1966,4,-2.722,0.212,-2.022
1966,5,-0.177,0.178,6.603
1966,6,1.959,0.277,14.279
1966,7,0.295,0.153,14.485
1966,8,-0.848,0.194,12.142
1966,9,-1.371,0.267,7.059
1966,10,-0.768,0.103,2.242
1966,11,0.921,0.213,-1.829
1966,12,0.978,0.146,-5.662
1967,1,-3.314,0.219,-12.204
1967,2,3.267,0.291,-5.303
1967,3,3.844,0.225,-0.436
1967,4,0.287,0.301,0.987
1967,5,-0.249,0.203,6.531
1967,6,-0.952,0.104,11.368
1967,7,-0.23,0.252,13.96
1967,8,0.666,0.231,13.656
1967,9,1.586,0.229,10.016
1967,10,0.814,0.188,3.824
1967,11,3.425,0.169,0.675
1967,12,-4.156,0.291,-10.796
1968,1,-3.539,0.137,-12.429
1968,2,-0.835,0.158,-9.405
1968,3,1.297,0.218,-2.983
1968,4,1.609,0.202,2.309
1968,5,-1.797,0.134,4.983
1968,6,0.989,0.185,13.309
1968,7,-0.925,0.147,13.265
1968,8,-0.128,0.213,12.862
1968,9,0.072,0.298,8.502
1968,10,-2.841,0.184,0.169
1968,11,-2.575,0.205,-5.325
1968,12,1.444,0.176,-5.196
1969,1,0.071,0.231,-8.819
1969,2,-3.798,0.113,-12.368
1969,3,-2.583,0.147,-6.863
1969,4,0.073,0.197,0.773
1969,5,-0.82,0.133,5.96
1969,6,1.37,0.174,13.69
1969,7,0.545,0.296,14.735
1969,8,2.448,0.198,15.438
1969,9,0.037,0.253,8.467
1969,10,1.185,0.151,4.195
1969,11,-2.126,0.179,-4.876
1969,12,-2.943,0.199,-9.583
1970,1,-2.782,0.185,-11.672
1970,2,-6.036,0.130,-14.606
1970,3,0.003,0.273,-4.277
1970,4,-1.845,0.250,-1.145
1970,5,0.298,0.142,7.078
1970,6,2.356,0.313,14.676
1970,7,-0.223,0.125,13.967
1970,8,0.312,0.246,13.302
1970,9,-0.459,0.189,7.971
1970,10,0.109,0.198,3.119
1970,11,-1.613,0.189,-4.363
1970,12,2.075,0.197,-4.565
1971,1,2.559,0.174,-6.331
1971,2,2.267,0.276,-6.303
1971,3,-2.884,0.177,-7.164
1971,4,-0.73,0.198,-0.03
1971,5,0.474,0.190,7.254
1971,6,-0.676,0.141,11.644
1971,7,-0.169,0.171,14.021
1971,8,-0.02,0.203,12.97
1971,9,-0.617,0.275,7.813
1971,10,0.043,0.185,3.053
1971,11,-2.274,0.215,-5.024
1971,12,3.256,0.158,-3.384
1972,1,-0.858,0.243,-9.748
1972,2,2.081,0.251,-6.489
1972,3,1.546,0.264,-2.734
1972,4,0.306,0.207,1.006
1972,5,0.018,0.180,6.798
1972,6,1.144,0.185,13.464
1972,7,2.357,0.212,16.547
1972,8,-0.004,0.233,12.986
1972,9,-0.824,0.350,7.606
1972,10,0.199,0.273,3.209
1972,11,0.566,0.162,-2.184
1972,12,5.337,0.187,-1.303
1973,1,6.079,0.250,-2.811
1973,2,2.696,0.230,-5.874
1973,3,3.748,0.102,-0.532
1973,4,-0.343,0.212,0.357
1973,5,0.174,0.169,6.954
1973,6,0.801,0.155,13.121
1973,7,2.7,0.230,16.89
1973,8,-0.604,0.234,12.386
1973,9,-1.645,0.125,6.785
1973,10,-2.82,0.245,0.19
1973,11,-2.654,0.104,-5.404
1973,12,-2.213,0.207,-8.853
1974,1,4.958,0.114,-3.932
1974,2,4.862,0.195,-3.708
1974,3,1.89,0.262,-2.39
1974,4,1.945,0.262,2.645
1974,5,0.113,0.143,6.893
1974,6,0.129,0.183,12.449
1974,7,-0.75,0.211,13.44
1974,8,-0.151,0.178,12.839
1974,9,1.338,0.319,9.768
1974,10,-1.049,0.124,1.961
1974,11,0.404,0.183,-2.346
1974,12,2.225,0.320,-4.415
1975,1,4.307,0.208,-4.583
1975,2,4.996,0.278,-3.574
1975,3,2.455,0.194,-1.825
1975,4,-0.303,0.207,0.397
1975,5,0.986,0.163,7.766
1975,6,-1.562,0.349,10.758
1975,7,0.201,0.279,14.391
1975,8,1.161,0.403,14.151
1975,9,1.328,0.229,9.758
1975,10,0.904,0.140,3.914
1975,11,1.992,0.113,-0.758
1975,12,2.278,0.143,-4.362
1976,1,-2.386,0.215,-11.276
1976,2,2.855,0.158,-5.715
1976,3,-1.752,0.120,-6.032
1976,4,-0.125,0.211,0.575
1976,5,1.322,0.276,8.102
1976,6,-0.624,0.216,11.696
1976,7,-0.007,0.566,14.183
1976,8,0.466,0.532,13.456
1976,9,-2.324,0.111,6.106
1976,10,-1.303,0.312,1.707
1976,11,0.279,0.175,-2.471
1976,12,-1.754,0.139,-8.394
1977,1,0.05,0.198,-8.84
1977,2,-1.755,0.200,-10.325
1977,3,1.678,0.098,-2.602
1977,4,-1.957,0.180,-1.257
1977,5,-0.561,0.346,6.219
1977,6,-0.674,0.123,11.646
1977,7,-1.054,0.202,13.136
1977,8,-0.663,0.238,12.327
1977,9,-1.206,0.169,7.224
1977,10,0.738,0.202,3.748
1977,11,0.914,0.110,-1.836
1977,12,2.123,0.165,-4.517
1978,1,1.05,0.191,-7.84
1978,2,-2.693,0.192,-11.263
1978,3,-0.103,0.187,-4.383
1978,4,-0.918,0.125,-0.218
1978,5,0.237,0.159,7.017
1978,6,0.382,0.118,12.702
1978,7,-0.432,0.412,13.758
1978,8,-0.775,0.161,12.215
1978,9,-1.214,0.227,7.216
1978,10,-0.15,0.105,2.86
1978,11,1.668,0.244,-1.082
1978,12,-6.58,0.252,-13.22
1979,1,-4.402,0.175,-13.292
1979,2,-2.017,0.170,-10.587
1979,3,0.74,0.149,-3.54
1979,4,-0.273,0.196,0.427
1979,5,0.304,0.359,7.084
1979,6,1.253,0.214,13.573
1979,7,-0.502,0.142,13.688
1979,8,-0.166,0.270,12.824
1979,9,-0.319,0.124,8.111
1979,10,-1.621,0.228,1.389
1979,11,0.205,0.291,-2.545
1979,12,-0.374,0.177,-7.014
1980,1,-2.234,0.188,-11.124
1980,2,-2.651,0.196,-11.221
1980,3,-2.266,0.285,-6.546
1980,4,1.587,0.463,2.287
1980,5,0.036,0.215,6.816
1980,6,1.916,0.337,14.236
1980,7,0.923,0.184,15.113
1980,8,0.239,0.568,13.229
1980,9,1.058,0.168,9.488
1980,10,-1.731,0.105,1.279
1980,11,-3.578,0.303,-6.328
1980,12,-0.936,0.217,-7.576
1981,1,0.392,0.239,-8.498
1981,2,0.538,0.181,-8.032
1981,3,-2.881,0.200,-7.161
1981,4,0.331,0.194,1.031
1981,5,1.851,0.224,8.631
1981,6,-1.688,0.136,10.632
1981,7,0.173,0.181,14.363
1981,8,-0.673,0.142,12.317
1981,9,0.38,0.235,8.81
1981,10,-0.309,0.227,2.701
1981,11,-1.031,0.166,-3.781
1981,12,-6.611,0.173,-13.251
1982,1,-3.185,0.261,-12.075
1982,2,2.421,0.125,-6.149
1982,3,2.733,0.139,-1.547
1982,4,0.969,0.197,1.669
1982,5,-0.026,0.174,6.754
1982,6,-2.346,0.218,9.974
1982,7,0.785,0.217,14.975
1982,8,0.616,0.219,13.606
1982,9,0.143,0.148,8.573
1982,10,0.349,0.150,3.359
1982,11,1.976,0.320,-0.774
1982,12,1.582,0.243,-5.058
1983,1,4.046,0.153,-4.844
1983,2,1.124,0.163,-7.446
1983,3,0.995,0.181,-3.285
1983,4,1.382,0.181,2.082
1983,5,1.483,0.207,8.263
1983,6,-0.742,0.152,11.578
1983,7,0.762,0.145,14.952
1983,8,-0.053,0.133,12.937
1983,9,0.855,0.279,9.285
1983,10,0.322,0.277,3.332
1983,11,-1.24,0.242,-3.99
1983,12,-0.025,0.228,-6.665
1984,1,-1.202,0.155,-10.092
1984,2,3.63,0.111,-4.94
1984,3,-1.368,0.138,-5.648
1984,4,1.818,0.346,2.518
1984,5,2.841,0.114,9.621
1984,6,-0.231,0.264,12.089
1984,7,-0.477,0.196,13.713
1984,8,0.249,0.240,13.239
1984,9,-0.901,0.226,7.529
1984,10,1.337,0.209,4.347
1984,11,0.606,0.229,-2.144
1984,12,3.184,0.215,-3.456
1985,1,-5.159,0.128,-14.049
1985,2,-7.279,0.193,-15.849
1985,3,0.117,0.116,-4.163
1985,4,-1.8,0.222,-1.1
1985,5,-0.22,0.187,6.56
1985,6,-0.234,0.157,12.086
1985,7,0.089,0.193,14.279
1985,8,0.167,0.215,13.157
1985,9,-0.897,0.233,7.533
1985,10,1.721,0.323,4.731
1985,11,-2.357,0.230,-5.107
1985,12,-4.887,0.195,-11.527
1986,1,-3.602,0.189,-12.492
1986,2,-2.168,0.170,-10.738
1986,3,2.46,0.187,-1.82
1986,4,-1.268,0.157,-0.568
1986,5,1.962,0.179,8.742
1986,6,1.84,0.187,14.16
1986,7,0.11,0.119,14.3
1986,8,-1.998,0.207,10.992
1986,9,-2.555,0.198,5.875
1986,10,0.888,0.199,3.898
1986,11,2.965,0.180,0.215
1986,12,-2.02,0.165,-8.66
1987,1,-7.113,0.183,-16.003
1987,2,-0.364,0.095,-8.934
1987,3,-3.102,0.136,-7.382
1987,4,0.686,0.159,1.386
1987,5,-0.731,0.117,6.049
1987,6,-1.685,0.158,10.635
1987,7,-0.843,0.378,13.347
1987,8,-2.314,0.192,10.676
1987,9,-0.729,0.236,7.701
1987,10,2.57,0.221,5.58
1987,11,0.754,0.154,-1.996
1987,12,0.124,0.132,-6.516
1988,1,3.817,0.106,-5.073
1988,2,2.174,0.110,-6.396
1988,3,-1.03,0.264,-5.31
1988,4,-1.152,0.205,-0.452
1988,5,1.483,0.214,8.263
1988,6,1.826,0.268,14.146
1988,7,1.856,0.151,16.046
1988,8,-0.104,0.273,12.886
1988,9,1.292,0.225,9.722
1988,10,-0.585,0.336,2.425
1988,11,-1.915,0.132,-4.665
1988,12,-0.377,0.089,-7.017
1989,1,7.089,0.176,-1.801
1989,2,6.347,0.138,-2.223
1989,3,3.999,0.203,-0.281
1989,4,1.656,0.225,2.356
1989,5,1.402,0.286,8.182
1989,6,0.282,0.229,12.602
1989,7,0.063,0.129,14.253
1989,8,-0.055,0.161,12.935
1989,9,0.953,0.199,9.383
1989,10,0.184,0.186,3.194
1989,11,1.81,0.182,-0.94
1989,12,-0.668,0.176,-7.308
1990,1,2.753,0.167,-6.137
1990,2,8.632,0.287,0.062
1990,3,4.213,0.126,-0.067
1990,4,2.299,0.239,2.999
1990,5,1.402,0.142,8.182
1990,6,0.318,0.183,12.638
1990,7,0.079,0.043,14.269
1990,8,0.912,0.242,13.902
1990,9,-0.554,0.453,7.876
1990,10,1.017,0.178,4.027
1990,11,-0.466,0.221,-3.216
1990,12,3.361,0.284,-3.279
1991,1,3.809,0.266,-5.081
1991,2,-0.667,0.142,-9.237
1991,3,2.306,0.094,-1.974
1991,4,1.424,0.230,2.124
1991,5,-0.863,0.158,5.917
1991,6,-1.996,0.089,10.324
1991,7,1.423,0.161,15.613
1991,8,1.482,0.201,14.472
1991,9,-0.496,0.123,7.934
1991,10,0.346,0.179,3.356
1991,11,1.626,0.109,-1.124
1991,12,3.539,0.268,-3.101
1992,1,5.68,0.242,-3.21
1992,2,5.459,0.151,-3.111
1992,3,3.769,0.181,-0.511
1992,4,-1.05,0.179,-0.35
1992,5,2.731,0.185,9.511
1992,6,1.923,0.151,14.243
1992,7,-0.477,0.122,13.713
1992,8,-0.699,0.187,12.291
1992,9,0.561,0.180,8.991
1992,10,-4.671,0.178,-1.661
1992,11,-0.717,0.229,-3.467
1992,12,3.654,0.291,-2.986
1993,1,3.817,0.223,-5.073
1993,2,4.316,0.202,-4.254
1993,3,2.022,0.087,-2.258
1993,4,1.26,0.049,1.96
1993,5,2.441,0.112,9.221
1993,6,-2.357,0.131,9.963
1993,7,-0.255,0.083,13.935
1993,8,-1.313,0.192,11.677
1993,9,-2.203,0.176,6.227
1993,10,-1.655,0.169,1.355
1993,11,-0.487,0.133,-3.237
1993,12,-0.283,0.226,-6.923
1994,1,-0.372,0.225,-9.262
1994,2,-3.244,0.184,-11.814
1994,3,0.606,0.211,-3.674
1994,4,2.368,0.089,3.068
1994,5,-0.419,0.113,6.361
1994,6,-1.435,0.173,10.885
1994,7,2.702,0.099,16.892
1994,8,0.873,0.174,13.863
1994,9,-0.299,0.173,8.131
1994,10,-0.706,0.156,2.304
1994,11,0.579,0.149,-2.171
1994,12,3.813,0.151,-2.827
1995,1,2.184,0.189,-6.706
1995,2,4.664,0.166,-3.906
1995,3,2.528,0.118,-1.752
1995,4,-0.119,0.149,0.581
1995,5,-0.692,0.182,6.088
1995,6,0.495,0.173,12.815
1995,7,-0.411,0.165,13.779
1995,8,0.678,0.114,13.668
1995,9,0.203,0.234,8.633
1995,10,1.973,0.216,4.983
1995,11,-1.68,0.233,-4.43
1995,12,-3.127,0.082,-9.767
1996,1,1.842,0.097,-7.048
1996,2,-1.95,0.213,-10.52
1996,3,0.366,0.112,-3.914
1996,4,1.059,0.097,1.759
1996,5,-1.427,0.132,5.353
1996,6,-0.634,0.130,11.686
1996,7,-0.874,0.172,13.316
1996,8,2.376,0.092,15.366
1996,9,-0.821,0.130,7.609
1996,10,1.465,0.164,4.475
1996,11,-0.906,0.105,-3.656
1996,12,-1.638,0.141,-8.278
1997,1,2.798,0.231,-6.092
1997,2,3.329,0.160,-5.241
1997,3,2.367,0.143,-1.913
1997,4,-1.18,0.179,-0.48
1997,5,-0.926,0.134,5.854
1997,6,1.003,0.145,13.323
1997,7,2.372,0.231,16.562
1997,8,3.219,0.108,16.209
1997,9,1.427,0.141,9.857
1997,10,-1.413,0.156,1.597
1997,11,-0.251,0.186,-3.001
1997,12,1.345,0.163,-5.295
1998,1,3.714,0.180,-5.176
1998,2,3.39,0.151,-5.18
1998,3,0.211,0.103,-4.069
1998,4,-0.499,0.147,0.201
1998,5,0.416,0.145,7.196
1998,6,-0.982,0.145,11.338
1998,7,0.027,0.125,14.217
1998,8,-1.02,0.133,11.97
1998,9,1.075,0.120,9.505
1998,10,-0.049,0.197,2.961
1998,11,-2.454,0.131,-5.204
1998,12,0.883,0.132,-5.757
1999,1,0.488,0.196,-8.402
1999,2,1.285,0.204,-7.285
1999,3,1.37,0.082,-2.91
1999,4,2.46,0.209,3.16
1999,5,-0.592,0.134,6.188
1999,6,0.949,0.109,13.269
1999,7,0.879,0.080,15.069
1999,8,-0.803,0.143,12.187
1999,9,2.988,0.151,11.418
1999,10,0.917,0.187,3.927
1999,11,3.904,0.200,1.154
1999,12,-1.399,0.135,-8.039
2000,1,3.763,0.097,-5.127
2000,2,3.918,0.157,-4.652
2000,3,1.55,0.145,-2.73
2000,4,1.943,0.117,2.643
2000,5,2.195,0.130,8.975
2000,6,-0.856,0.142,11.464
2000,7,0.052,0.117,14.242
2000,8,-0.113,0.187,12.877
2000,9,0.304,0.180,8.734
2000,10,3.364,0.122,6.374
2000,11,4.513,0.195,1.763
2000,12,2.677,0.206,-3.963
2001,1,4.069,0.167,-4.821
2001,2,-0.728,0.102,-9.298
2001,3,-2.237,0.133,-6.517
2001,4,0.439,0.136,1.139
2001,5,0.583,0.117,7.363
2001,6,0.006,0.173,12.326
2001,7,1.189,0.112,15.379
2001,8,0.621,0.225,13.611
2001,9,1.166,0.242,9.596
2001,10,1.975,0.150,4.985
2001,11,1.067,0.181,-1.683
2001,12,-0.727,0.171,-7.367
2002,1,2.199,0.197,-6.691
2002,2,4.984,0.178,-3.586
2002,3,1.932,0.071,-2.348
2002,4,3.006,0.155,3.706
2002,5,2.853,0.088,9.633
2002,6,2.118,0.108,14.438
2002,7,1.816,0.211,16.006
2002,8,3.87,0.114,16.86
2002,9,0.815,0.200,9.245
2002,10,-3.007,0.202,0.003
2002,11,-2.444,0.128,-5.194
2002,12,-2.745,0.173,-9.385
2003,1,-1.335,0.165,-10.225
2003,2,2.715,0.164,-5.855
2003,3,3.827,0.198,-0.453
2003,4,0.855,0.116,1.555
2003,5,1.275,0.219,8.055
2003,6,0.42,0.148,12.74
2003,7,3.215,0.217,17.405
2003,8,1.021,0.187,14.011
2003,9,0.942,0.221,9.372
2003,10,-1.654,0.133,1.356
2003,11,1.491,0.172,-1.259
2003,12,2.086,0.166,-4.554
2004,1,-0.034,0.141,-8.924
2004,2,2.611,0.141,-5.959
2004,3,2.143,0.132,-2.137
2004,4,2.757,0.138,3.457
2004,5,1.344,0.102,8.124
2004,6,-1,0.220,11.32
2004,7,0.018,0.251,14.208
2004,8,1.54,0.155,14.53
2004,9,1.268,0.231,9.698
2004,10,0.252,0.170,3.262
2004,11,-0.554,0.160,-3.304
2004,12,3.121,0.185,-3.519
2005,1,5.046,0.192,-3.844
2005,2,2.284,0.152,-6.286
2005,3,-0.901,0.099,-5.181
2005,4,2.219,0.238,2.919
2005,5,-0.079,0.172,6.701
2005,6,-0.266,0.141,12.054
2005,7,2.023,0.113,16.213
2005,8,0.618,0.129,13.608
2005,9,1.381,0.188,9.811
2005,10,1.824,0.180,4.834
2005,11,3.087,0.124,0.337
2005,12,0.906,0.198,-5.734
2006,1,2.39,0.258,-6.5
2006,2,1.418,0.157,-7.152
2006,3,-3.48,0.104,-7.76
2006,4,1.094,0.189,1.794
2006,5,1.4,0.248,8.18
2006,6,1.078,0.196,13.398
2006,7,2.159,0.188,16.349
2006,8,2.949,0.182,15.939
2006,9,3.07,0.202,11.5
2006,10,0.968,0.138,3.978
2006,11,2.632,0.162,-0.118
2006,12,6.257,0.239,-0.383
2007,1,2.589,0.085,-6.301
2007,2,-0.261,0.131,-8.831
2007,3,4.783,0.166,0.503
2007,4,2.827,0.234,3.527
2007,5,1.098,0.165,7.878
2007,6,1.169,0.167,13.489
2007,7,0.466,0.206,14.656
2007,8,1.037,0.182,14.027
2007,9,-0.33,0.141,8.1
2007,10,1.305,0.222,4.315
2007,11,0.255,0.159,-2.495
2007,12,3.789,0.165,-2.851
2008,1,5.516,0.296,-3.374
2008,2,5.999,0.095,-2.571
2008,3,0.873,0.162,-3.407
2008,4,1.811,0.193,2.511
2008,5,1.07,0.170,7.85
2008,6,0.346,0.154,12.666
2008,7,1.185,0.202,15.375
2008,8,-0.445,0.229,12.545
2008,9,-0.159,0.177,8.271
2008,10,0.899,0.126,3.909
2008,11,0.643,0.118,-2.107
2008,12,2.158,0.173,-4.482
2009,1,2.653,0.141,-6.237
2009,2,-0.695,0.169,-9.265
2009,3,1.362,0.116,-2.918
2009,4,2.827,0.203,3.527
2009,5,2.089,0.213,8.869
2009,6,-0.552,0.265,11.768
2009,7,0.785,0.248,14.975
2009,8,1.37,0.238,14.36
2009,9,1.775,0.142,10.205
2009,10,-1.902,0.167,1.108
2009,11,3.333,0.164,0.583
2009,12,-1.284,0.194,-7.924
2010,1,-2.826,0.149,-11.716
2010,2,-2.956,0.235,-11.526
2010,3,-0.224,0.165,-4.504
2010,4,1.567,0.191,2.267
2010,5,1.012,0.135,7.792
2010,6,-0.803,0.196,11.517
2010,7,2.189,0.198,16.379
2010,8,0.586,0.253,13.576
2010,9,0.413,0.240,8.843
2010,10,0.046,0.124,3.056
2010,11,-3.563,0.200,-6.313
2010,12,-5.918,0.178,-12.558
2011,1,1.091,0.220,-7.799
2011,2,-1.548,0.148,-10.118
2011,3,1.469,0.163,-2.811
2011,4,4.376,0.210,5.076
2011,5,1.348,0.203,8.128
2011,6,1.934,0.179,14.254
2011,7,1.999,0.250,16.189
2011,8,0.937,0.188,13.927
2011,9,2.256,0.231,10.686
2011,10,1.638,0.155,4.648
2011,11,4.648,0.175,1.898
2011,12,3.948,0.164,-2.692
2012,1,2.129,0.134,-6.761
2012,2,0.442,0.172,-8.128
2012,3,4.829,0.218,0.549
2012,4,0.189,0.210,0.889
2012,5,0.848,0.217,7.628
2012,6,-1.471,0.185,10.849
2012,7,0.206,0.220,14.396
2012,8,0.264,0.254,13.254
2012,9,0.023,0.224,8.453
2012,10,-0.622,0.125,2.388
2012,11,2.568,0.119,-0.182
2012,12,-3.055,0.261,-9.695
2013,1,0.534,0.192,-8.356
2013,2,2.372,0.207,-6.198
2013,3,-2.851,0.140,-7.131
2013,4,0.267,0.229,0.967
2013,5,3.504,0.105,10.284
2013,6,1.294,0.200,13.614
2013,7,0.854,0.146,15.044
2013,8,1.071,0.188,14.061
2013,9,1.542,0.144,9.972
2013,10,1.097,0.157,4.107
2013,11,1.621,0.157,-1.129
2013,12,4.259,0.247,-2.381
2014,1,0.56,0.137,-8.33
2014,2,7.346,0.192,-1.224
2014,3,4.713,0.267,0.433
2014,4,2.65,0.236,3.35
2014,5,1.23,0.111,8.01
2014,6,-0.377,0.238,11.943
2014,7,4.087,0.212,18.277
2014,8,1.164,0.262,14.154
2014,9,1.479,0.164,9.909
2014,10,1.515,0.213,4.525
2014,11,2.153,0.229,-0.597
2014,12,1.657,0.275,-4.983
2015,1,3.04,0.132,-5.85
2015,2,5.614,0.182,-2.956
2015,3,4.245,0.243,-0.035
2015,4,2.431,0.362,3.131
2015,5,-0.062,0.232,6.718
2015,6,-1.498,0.184,10.822
2015,7,-0.335,0.232,13.855
2015,8,1.527,0.234,14.517
2015,9,2.009,0.190,10.439
2015,10,1.126,0.182,4.136
2015,11,2.932,0.165,0.182
2015,12,4.442,0.231,-2.198
2016,1,-1.777,0.185,-10.667
2016,2,3.814,0.156,-4.756
2016,3,3.644,0.243,-0.636
2016,4,1.701,0.250,2.401
2016,5,2.557,0.212,9.337
2016,6,0.782,0.228,13.102
2016,7,1.274,0.261,15.464
2016,8,-0.075,0.219,12.915
2016,9,2.99,0.165,11.42
2016,10,0.327,0.232,3.337
2016,11,0.123,0.216,-2.627
2016,12,3.7,0.191,-2.94
2017,1,3.781,0.200,-5.109
2017,2,3.738,0.174,-4.832
2017,3,2.574,0.177,-1.706
2017,4,0.209,0.204,0.909
2017,5,0.328,0.195,7.108
2017,6,-0.045,0.202,12.275
2017,7,-0.215,0.174,13.975
2017,8,0.004,0.163,12.994
2017,9,1.292,0.253,9.722
2017,10,0.998,0.281,4.008
2017,11,0.575,0.139,-2.175
2017,12,1.604,0.142,-5.036
2018,1,1.812,0.094,-7.078
2018,2,-0.713,0.124,-9.283
2018,3,-2.394,0.238,-6.674
2018,4,1.766,0.217,2.466
2018,5,5.011,0.349,11.791
2018,6,0.589,0.267,12.909
2018,7,4.521,0.143,18.711
2018,8,1.383,0.347,14.373
2018,9,1.656,0.214,10.086
2018,10,0.828,0.192,3.838
2018,11,2.977,0.177,0.227
2018,12,1.774,0.163,-4.866
2019,1,0.506,0.140,-8.384
2019,2,4.381,0.172,-4.189
2019,3,1.89,0.247,-2.39
2019,4,3.061,0.226,3.761
2019,5,0.544,0.227,7.324
2019,6,1.627,0.233,13.947
2019,7,0.92,0.182,15.11
2019,8,1.615,0.199,14.605
2019,9,0.479,0.171,8.909
2019,10,-0.94,0.206,2.07
2019,11,-0.281,0.194,-3.031
2019,12,3.841,0.170,-2.799
2020,1,7.437,0.101,-1.453
2020,2,5.321,0.178,-3.249
2020,3,3.132,0.184,-1.148
2020,4,1.762,0.194,2.462
2020,5,-0.695,0.226,6.085
2020,6,3.269,0.222,15.589
2020,7,-0.734,0.237,13.456
2020,8,1.59,0.162,14.58
2020,9,1.463,0.203,9.893
2020,10,1.857,0.185,4.867
2020,11,4.394,0.295,1.644
2020,12,4.406,0.641,-2.234
